title,owner,start_time,end_time,people_limits,address,links,poster,price,category,province,city,how_to_pay
毛不易2026「只在今夜」演唱会-北京站,毛不易巡演主办方（购票通/大麦渠道转载）,2026-09-26 19:00,2026-09-26 22:00,大型体育场；以票务库存为准（未公布精确容量）,北京工人体育场，北京市东城区工人体育场北路,http://qianpiaotong.cn/mobile/Product/64990.shtml,,待平台公布（售票中）,演唱会,北京市,北京,支付宝/微信/现金/预存款（购票通）；大麦等同渠道以平台为准
徐良“时间折叠”演唱会-北京站（连演）,徐良巡演主办方,2026-10-01,2026-10-07,场馆容量；连演七场，以每场票房为准,华熙生物·润百颜ECM中心，北京市海淀区复兴路69号,http://goupiaotong.cn/Product/65155.shtml,,待平台公布,演唱会,北京市,北京,大麦/猫眼/第三方票务平台支付（支付宝/微信/银行卡）
「整晚哈音乐」庾澄庆2026演唱会-北京站,庾澄庆巡演主办方 / 大麦,2026-10-24 19:00,2026-10-24 22:00,场馆容量；以票务库存为准,华熙生物·润百颜ECM中心，北京市海淀区复兴路69号,https://huodong.com/event/detail/eyuce,,大麦售票（价位待核）,演唱会,北京市,北京,大麦网（支付宝/微信/银行卡）
2026搀扶·马健涛巡回演唱会-北京站,北京国际流行音乐周 / 马健涛巡演,2026-11-29 15:30,2026-11-29 18:00,剧场席位有限；以售票为准,北京展览馆剧场，北京市西城区西直门外大街135号,http://www.goupiaotong.cn/Product/64588.shtml,,VIP699/599/399/299/199/99元,演唱会,北京市,北京,票务平台在线支付（支付宝/微信等）
地坛书市·博集天卷展位（秋季书市）,地坛书市组委会 / 博集天卷,2026-09-17,2026-09-27,公园开放式人流；无固定名额,地坛公园名品精品精出版专区86-90号展位，北京市东城区,https://www.163.com/dy/article/L6QAAM7M0521CK8N.html,,入园/逛展免费；图书文创现场标价（文创八折起等优惠）,市集/书市,北京市,北京,现场现金/移动支付购书
昌平辛庄艺术村周末生活市集（常态）,辛庄村商户/主理人自发市集,2026-09-15,2026-12-15,开放式村落市集；无固定上限,北京市昌平区辛庄村及上下苑艺术村一带,https://travelnews.qunar.com/ugc/beijing-changping-art-weekend,,免费逛集；摊位商品标价,市集/社区活动,北京市,北京,摊位现场支付（微信/支付宝为主）
2026周传雄「念念不忘·再遇见plus」巡回演唱会-上海站,周传雄巡演主办方,2026-09-05 19:00,2026-09-06 22:00,上海体育场容量；以票务为准,上海体育场，上海市徐汇区天钥桥路666号,https://news.qq.com/rain/a/20260903A05XJZ00,,380-1180元,演唱会,上海市,上海,猫眼/大麦（支付宝/微信/银行卡）
第三届上海国际光影节（延中绿地主会场·黄浦）,上海市黄浦区 / 光影节组委会,2026-09-17,2026-10-16,开放式绿地展演；高峰人流管控以现场为准,延中绿地黄浦段及上海音乐厅周边，上海市黄浦区,https://c.m.163.com/news/a/L6AMB7BN0514IGIT.html,,户外光影展免费；市集消费另计,城市文化/光影展,上海市,上海,免费观展；市集摊位现场支付
第二十五届中国上海国际艺术节,中国上海国际艺术节中心 / 上海市文旅局,2026-10-17,2026-11-15,近400项/约1100场；各场次票务/免费惠民名额不同,全市多场馆（上海大歌剧院、各大剧院等）,https://whlyj.sh.gov.cn/yshd/20260826/ed3f0712c24e4b78905a8c8d60ae9986.html,,专业演出售票 + 惠民免费场次并存,艺术节/演出展览,上海市,上海,各大剧院票务/大麦等；惠民场预约渠道以官方为准
Charlie Puth: Whatever's Clever! World Tour 上海站,Charlie Puth 巡演 / 中国承办方,2026-10-31 19:00,2026-11-01 22:00,虹口足球场容量,上海虹口足球场，上海市虹口区东江湾路444号,https://huodong.com/event/detail/eydDt,,待官方票价页确认,演唱会（国际）,上海市,上海,大麦/猫眼等主流票务
2026EDC雏菊电音嘉年华唤醒之夜,EDC China / 电音节承办方,2026-10-05 14:00,2026-10-05 23:59,大型户外电音节；以票种分区容量为准,上海复兴岛岛北公共空间，上海市杨浦区,http://sh.bendibao.com/news/2026914/309200.shtm,,单日票V区780 / A区580 / B区480元,音乐节/电音节,上海市,上海,猫眼/票星球/大麦
小红书市集「新秀现场」,小红书 / 入选原创商家主理人,2026-09-12,2026-09-16,约100家商家；观众免费预约（名额以预约系统为准）,世博创意秀场，上海市黄浦区世博浦西片区,https://finance.sina.com.cn/jjxw/2026-09-15/doc-inirwmwa7005834.shtml,,免费预约观展；商品现场标价,市集/品牌快闪,上海市,上海,免费入场；商品现场移动支付
虹桥南丰城「秋日嬉书市」,上海书城 / 虹桥南丰城,2026-09-19,2026-09-27,约20+摊位；商场人流,虹桥南丰城，上海市长宁区,https://www.shanghai.gov.cn/nw17239/20260904/4ee735e460cd477b8b1c660b31f78df6.html,,免费逛市；图书文创标价,市集/书市,上海市,上海,现场支付
静安寺广场 FUN&IN 茶咖市集,上海国际茶文化旅游节线下板块 / 商户摊主,2026-09-19,2026-09-21,30+创意摊位；开放式广场,丰盛里·静安寺广场，上海市静安区,https://news.gujin-shop.com/d/70890.html,,免费逛集；茶咖手作标价,市集,上海市,上海,摊位现场支付
中国国际家具展览会 / 摩登上海设计周（小红书官方账号宣发）,中国国际家具展览会 / 摩登上海设计周,2026-09-07,2026-09-11,专业展会观众；需观众证/邀请,上海新国际博览中心一带（以展会官网为准）,https://www.xiaohongshu.com/user/profile/5ea692270000000001008015,,专业观众通常预登记；现场可能收费,展会/设计周,上海市,上海,展会观众注册/现场购票
interpack China 2026（小红书宣发）,interpack China 主办方,2026-11-16,2026-11-18,约43000+专业观众规模（主办宣称）,上海新国际博览中心，上海市浦东新区,https://www.xiaohongshu.com/user/profile/636a4f2d000000001f014a84,,专业观众预登记（常见免费/审核制）,展会,上海市,上海,观众注册系统
BenCham Shanghai Welcome Back to Business Drinks,Benelux Chamber of Commerce in Shanghai,2026-09-17 19:00,2026-09-17 22:00,商会会员活动；名额以报名系统为准,The St. Regis on the Bund - Spago，中山东二路538号21楼，上海市黄浦区,https://benchamshanghai.glueup.cn/event/welcome-back-to-business-drinks-50895/,,会员288元 / 非会员388元（含轻食与畅饮酒水）,外企商会社交,上海市,上海,Glue Up 在线报名支付
AmCham Shanghai Mid-Autumn Festival Mixer,American Chamber of Commerce in Shanghai,2026-09-23 18:00,2026-09-23 20:30,以AmCham报名名额为准,Fairmont Peace Hotel Terrace 915，南京东路20号，上海市黄浦区,https://amcham-shanghai.glueup.cn/event/mid-autumn-festival-mixer-51263/,,以AmCham票种页为准（含招牌饮品）,外企商会社交,上海市,上海,Glue Up / AmCham 在线支付
Shanghai Expat Association September Welcome Chat,Shanghai Expat Association (SEA),2026-09-30 10:00,2026-09-30 12:00,小型座谈；RSVP截止9/28 17:00,The Coffee Tree (Ferguson Lane)，上海市徐汇区武康路一带,https://www.shanghaisea.com/events/september-welcome-chat-7,,聊天免费；入会400元现金（护照核验）,外籍社区活动,上海市,上海,RSVP在线；入会现金
G.E.M.邓紫棋 I AM GLORIA 巡回演唱会-深圳站,邓紫棋巡演主办方,2026-09-11 19:00,2026-10-02 22:00,大运中心体育场容量；多场连演,深圳大运中心体育场，深圳市龙岗区,https://www.xinruipiao.com/yanchanghui/32123.html,,以大麦/猫眼开售页为准,演唱会,广东省,深圳,大麦/猫眼
2026深圳“一带一路”国际音乐季,深圳“一带一路”国际音乐季组委会,2026-09-11,2026-11-01,25台34场；各场次容量不同,龙岗国际艺术中心等全市多场馆，深圳市,https://sz.ifeng.com/c/8wJKjjevGPY,,各场次单独售票/部分惠民,国际音乐季,广东省,深圳,剧院票务/大麦等
第34届中国（深圳）国际礼品及家居用品展览会,励展华博展览（深圳）有限公司,2026-10-20,2026-10-23,主办预计约30万人次观众,深圳国际会展中心（新馆），深圳市宝安区福海街道展城路1号,https://www.dahaoexpo.com/index.php/expo/44792,,专业观众预登记为主,展会,广东省,深圳,观众注册系统
InterChamber Networking Drinks 跨商会商务社交酒会（深圳）,中国德国商会华南及西南地区（联合多家国际商会）,2026-09-16 18:30,2026-09-16 21:30,约150人量级,Residence G Shenzhen · Summer Palace，深圳市南山区东滨路4078号,https://www.bagevent.com/event/9248289,,250元起,外企商会社交,广东省,深圳,白鸽/Glue Up 在线支付
薛之谦“万兽之王”巡回演唱会-成都站,薛之谦巡演主办方,2026-10-01 19:00,2026-10-11 22:00,东安湖主体育场容量；多场,成都东安湖体育公园主体育场，成都市,http://cd.bendibao.com/xiuxian/2026910/213629.shtm,,317-1717元,演唱会,四川省,成都,猫眼/大麦
许嵩2026「安泊猜想」巡演-成都站,许嵩巡演主办方,2026-10-23 19:00,2026-10-25 22:00,场馆容量,成都市（具体场馆以官宣为准）,https://c.m.163.com/news/a/L6F4K7750514FD4Q.html,,待核,演唱会,四川省,成都,主流票务
王力宏「最好的地方II」世界巡回演唱会-重庆站,王力宏巡演主办方,2026-09-12 19:00,2026-09-13 22:00,奥体中心体育场容量,重庆奥体中心体育场，重庆市九龙坡区奥林匹克体育中心,https://huodong.com/event/detail/eyuH3,,以票务平台为准,演唱会,重庆市,重庆,大麦/猫眼等
谢霆锋 Evolution Nic Live 进化演唱会-重庆站,谢霆锋巡演主办方,2026-09-26 19:00,2026-09-27 22:00,奥体中心体育场容量,重庆奥体中心体育场，重庆市九龙坡区,https://www.huanghepiao.com/event/41566/,,380元起,演唱会,重庆市,重庆,票务平台支付
刘若英 [飞行日] 2026巡回演唱会-重庆站,刘若英巡演 / 必应创造等制作团队,2026-10-17 19:00,2026-10-17 22:00,华熙ECM中心容量,华熙生物·润百颜ECM中心，重庆市巴南区平江东路5号,http://cq.bendibao.com/xiuxian/202684/166408.shtm,,399/699/899/1099/1299元,演唱会,重庆市,重庆,大麦
秦昊Jeff“光阴的模样”巡演-重庆站,秦昊Jeff巡演主办方,2026-11-21 19:00,2026-11-21 21:00,剧院席位；儿童需购全票,重庆市劳动人民文化宫大剧院,https://huodong.com/event/detail/eyaPj,,剧院票价以开售页为准,演唱会/剧场演出,重庆市,重庆,实名电子票平台支付
威神V [BORN THIS Way] 演唱会-长沙站,AEG Asia / 威神V,2026-10-11 18:30,2026-10-11 21:00,贺龙体育馆容量,湖南贺龙体育馆，长沙市天心区芙蓉中路二段188号,https://www.piaoniu.com/activity/785349,,499/699/899/1099/1699元,演唱会,湖南省,长沙,大麦
周深2026《深深的》巡回演唱会-长沙站,周深巡演主办方,2026-10-17 19:00,2026-10-18 22:30,贺龙体育场容量；每账户每场限购4张,长沙贺龙体育场，长沙市天心区,http://cs.bendibao.com/xiuxian/202693/137829.shtm,,大麦开售价为准,演唱会,湖南省,长沙,大麦
杨丞琳《房间里的大象》世界巡回演唱会-长沙站,杨丞琳巡演主办方,2026-11-14 19:30,2026-11-14 22:00,芒果馆容量,湖南国际会展中心·芒果馆，长沙市开福区三一大道471号,https://m.juzimima.com/event/40405/,,380元起,演唱会,湖南省,长沙,票务平台支付
中国郎·遇见美好乌鲁木齐巅峰演唱会,中国郎系列演唱会主办方,2026-09-13 21:00,2026-09-13 23:30,奥体中心体育场容量,乌鲁木齐奥体中心体育场，乌鲁木齐市米东区会展大道4000号,https://www.piaoniu.com/activity/781974,,以票务平台为准,演唱会,新疆维吾尔自治区,乌鲁木齐,票牛/大麦等
2026昌吉州美食文化旅游节,昌吉州人民政府 / 节会组委会,2026-09-25,2026-09-29,开放式节会；主分会场多点,新疆农业博览园主会场；昌吉小吃街、庭州生态绿谷等分会场,https://www.cj.gov.cn/p1/xwfbh/20260910/594970.html,,节会开放；餐饮/优品展消费另计；有免费品鉴区,美食文化旅游节,新疆维吾尔自治区,昌吉,现场消费支付；部分免费
Ella陈嘉桦「It’s Me 艾拉主意」巡回演唱会-乌鲁木齐站,Ella陈嘉桦巡演主办方,2026-10-24 21:00,2026-10-24 23:30,综合体育馆容量；实名检票,乌鲁木齐奥体中心综合体育馆，乌鲁木齐市米东区会展大道4000号,https://www.huanghepiao.com/article/1788314026161874.html,,280/480/680/880/980元,演唱会,新疆维吾尔自治区,乌鲁木齐,票务平台支付
第六届中国西藏旅游文化国际博览会（产品展销期）,西藏自治区人民政府 / 藏博会组委会,2026-09-02,2026-09-10,392家企业参展；观众开放,西藏会展中心，拉萨市,https://wlt.xizang.gov.cn/xwzx_69/tzgg/202609/t20260901_556185.html,,展销开放；商品现场标价,博览会/展销,西藏自治区,拉萨,现场消费
汪苏泷巡回演唱会-贵阳站,汪苏泷巡演主办方,2026-09-19 19:00,2026-09-20 22:00,奥体中心体育场容量,贵阳奥林匹克体育中心体育场，贵阳市观山湖区,https://travelnews.qunar.com/qa_strategy/guiyang-2026-concert-schedule-accommodation-guide,,待核,演唱会,贵州省,贵阳,主流票务
Beyond乐队叶世荣「你中有我」巡回演唱会-贵阳站,叶世荣巡演主办方,2026-09-26 19:00,2026-09-26 22:00,体育馆容量,贵阳奥体中心二期主体育馆，贵阳市观山湖区云潭南路与石林东路交叉口附近,https://www.huanghepiao.com/article/1788741053161959.html,,380/480/580/680/780/880元,演唱会,贵州省,贵阳,票务平台支付
Groove Coverage 出道25周年巡演-贵阳站,X-LIVE / Groove Coverage,2026-10-15 20:00,2026-10-15 21:30,Livehouse/艺术空间容量（相对小型）,市集×煎蛋艺术空间，贵阳市南明区多彩贵州城1958文化创意园区3号楼,https://www.showstart.com/event/299810,,秀动网售票价为准,Livehouse/国际乐队,贵州省,贵阳,秀动网（微信/支付宝）
第十六届贵阳汽车文化节暨新能源·智能汽车展,贵阳车展主办方,2026-10-22,2026-10-25,约8万人次观众（主办估算）,贵阳国际会议展览中心，贵阳市观山湖区长岭北路1号,https://www.izhans.com/gy/2026060918492.html,,门票咨询主办；常见为低价/免费领票模式,展会,贵州省,贵阳,现场/预登记
贵阳美博会 Guiyang Beauty Expo 2026,贵州华夏至美展览有限公司,2026-11-14,2026-11-16,约25000观众 / 370参展企业,贵阳国际会议展览中心，贵阳市观山湖区长岭北路1号,https://www.jufair.com/information/248792.html,,早鸟票/展期票/限时免费票等,展会,贵州省,贵阳,展会购票/预约系统
MAMAMOO 2026 WORLD TOUR [4WARD] IN HONG KONG,Soul N Joy / MAMAMOO,2026-10-04 18:00,2026-10-04 21:00,启德体艺馆竞技场容量,启德体艺馆（竞技场），香港启德体育园,https://www.mrmiles.hk/mamamoo-concert/,,HK$999 / 1399 / 1699 / VIP 2099,演唱会（K-pop）,香港特别行政区,香港,快达票/大麦/Trip.com/携程（信用卡/支付宝等视平台）
BIGBANG 2026-2027 WORLD TOUR <XX : COSMOS> IN HONG KONG,TME live / ELF ASIA,2026-11-13 19:00,2026-11-15 22:00,"约50,000人/场（启德主场馆）",香港启德体育园主场馆,https://www.prnewswire.com/apac/zh/news-releases/bigbang-2026-2027-world-tour--xx--cosmos--in-hong-kong--302872280.html,,以公开发售票价为准,演唱会（K-pop）,香港特别行政区,香港,Trip.com/Klook/TME等官方渠道
香港贸发局香港国际美酒展,香港贸易发展局,2026-11-05,2026-11-07,专业/公众分区；以票务为准,香港会议展览中心,https://partnernet.hktb.com/china/sc/destination/events_festivals/index.html,,公众日门票以HKTDC为准,展会,香港特别行政区,香港,HKTDC票务/信用卡
BABYMONSTER WORLD TOUR [춤 (CHOOM)] IN MACAO,YG Entertainment / 金光票务,2026-09-11 20:00,2026-09-12 21:00,威尼斯人综艺馆容量；3岁以下不可入场；未满13岁不宜,澳门威尼斯人综艺馆,https://www.cotaiticketing.com/shows/babymonster2026.html,,MOP/HKD 799/999/1399/1699/VIP2299,演唱会（K-pop）,澳门特别行政区,澳门,金光票务 Cotai Ticketing（信用卡等）
刘若英 [飞行日] 2026巡回演唱会—澳门站,刘若英巡演 / Cityline,2026-10-03 19:00,2026-10-03 22:00,银河综艺馆容量,澳门银河综艺馆,https://shows.cityline.com.hk/sc/2026/renefinalcall2026macau.html,,Cityline票价页为准,演唱会,澳门特别行政区,澳门,Cityline（信用卡等）
2026 Sneaker Con Macau,Sneaker Con / 澳娱综合,2026-10-10,2026-10-11,预计逾5000名潮流观众,上葡京综艺馆，澳门上葡京综合度假村,http://macaucee.com.mo/content.asp?id=120711,,早鸟两日票约MOP399起；标准票约MOP699（含联名T恤套装信息以官网为准）,潮流展会/音乐会,澳门特别行政区,澳门,Trip.com/携程
IVE WORLD TOUR「SHOW WHAT I AM」台北站,IVE 巡演台湾承办方,2026-09-11,2026-09-13,台北小巨蛋容量；三场,台北小巨蛋，台北市松山区南京东路四段2号,https://tw.trip.com/blog/kstars-in-tw2026/,,以拓元/宽宏等售票为准,演唱会（K-pop）,台湾,台北,拓元/KKTIX/宽宏（信用卡/超商）
MUSIC EXPO LIVE 2026 in TAIPEI,MUSIC EXPO LIVE / 宽宏售票,2026-10-24 18:00,2026-10-25 20:00,台北小巨蛋容量,台北小巨蛋,https://www.arena.taipei/News_Content.aspx?n=2E1489AFE4B1BEA1&s=E4E6C8C6312BFA4E&sms=F9A95D3F5A5C2C68,,宽宏售票（价位以开卖页为准）,音乐节,台湾,台北,宽宏售票
Fujii Kaze Prema World Tour - Kaohsiung,KKLIVE Taiwan / Fujii Kaze,2026-10-31 19:00,2026-10-31 22:00,高雄国家体育场全座席,高雄国家体育场，高雄市左营区世运大道100号,https://kklivetw.kktix.cc/events/34473ba4,,NT$1800/2800/3800/4800/5800,演唱会（国际）,台湾,高雄,KKTIX
JOJI SOLARIS 高雄巨蛋,JOJI 巡演承办方,2026-11-27 20:00,2026-11-27 22:30,高雄巨蛋容量,高雄巨蛋，高雄市左营区博爱二路757号,https://www.kaoarena.com.tw/Home/CalendarDetail?id=270,,NT$2900起至VIP Package NT$12380,演唱会（国际）,台湾,高雄,官方售票系统
喜剧部落【三里屯喜剧联欢会】解压脱口秀|知名脱口秀演员|漫才即兴｜场场爆满,,2026-09-16 17:00,,,北京,https://www.showstart.com/event/308641,,¥61起,演出/Livehouse,北京市,北京,秀动网
第七届全国少数民族文艺会演《霜晨月》,,2026-09-16 19:30,,,北京,https://www.showstart.com/event/310224,,¥80起,演出/Livehouse,北京市,北京,秀动网
"Unknown Art 呈现｜Heretoir & Unreqvited 2026 双专场巡回, 后黑自赏黑名团-北京站",,2026-09-16 19:30,,,北京,https://www.showstart.com/event/307722,,¥200起,演出/Livehouse,北京市,北京,秀动网
北京丨9.16 格莱美奖得主78岁巴西国宝级吉他教父 Toninho Horta 2026巡演,,2026-09-16 20:00,,,北京,https://www.showstart.com/event/308216,,¥280,演出/Livehouse,北京市,北京,秀动网
法国即兴融合爵士组合 MONTAGNE SAUVAGE (野山) 巡演 | DDL呈现 北京站,,2026-09-16 20:30,,,北京,https://www.showstart.com/event/309319,,¥108起,演出/Livehouse,北京市,北京,秀动网
北京·北京沉浸式悬疑话剧《一锅端》民国风演绎｜反转烧脑｜真相等你揭开,,2026-09-17 19:30,,,北京,https://www.showstart.com/event/310184,,¥188起,演出/Livehouse,北京市,北京,秀动网
北方昆曲剧院经典剧目 摘锦版《牡丹亭》,,2026-09-17 19:30,,,北京,https://www.showstart.com/event/308255,,¥68起,演出/Livehouse,北京市,北京,秀动网
第一幕交响主题演出,,2026-09-17 19:30,,,北京,https://www.showstart.com/event/309668,,¥16.35起,演出/Livehouse,北京市,北京,秀动网
北京丨9.17 「LE GRAND MICHEL A Tribute to Michel Legrand」 丹麦格莱美奖提名乐手坐镇！北欧爵士女声Vivian Buczek Group登场,,2026-09-17 20:00,,,北京,https://www.showstart.com/event/309566,,¥200,演出/Livehouse,北京市,北京,秀动网
意大利氛围摇滚爵士三重奏 THE LAST COAT OF PINK 巡演 北京站,,2026-09-17 20:30,,,北京,https://www.showstart.com/event/309318,,¥128起,演出/Livehouse,北京市,北京,秀动网
北京保利剧院·高清放映系列  非常林奕华舞台剧《华丽上班族之生活与生存》,,2026-09-18 19:30,,,北京,https://www.showstart.com/event/310232,,¥100起,演出/Livehouse,北京市,北京,秀动网
Gibson之夜 Vol.09 DengeL单舟×池海 × 再见日落,,2026-09-18 19:30,,,北京,https://www.showstart.com/event/307809,,¥68起,演出/Livehouse,北京市,北京,秀动网
「寻梦」德国汉堡音乐与戏剧学院博士-贾梦颖女中音独唱音乐会,,2026-09-18 19:30,,,北京,https://www.showstart.com/event/308596,,¥80起,演出/Livehouse,北京市,北京,秀动网
燥音王国（HASOKINGDOM）北京站,,2026-09-18 20:00,,,北京,https://www.showstart.com/event/309907,,¥88起,演出/Livehouse,北京市,北京,秀动网
SoundVibe呈现｜澳洲前卫金属双贝斯乐队The Omnific《低频共振》北京站,,2026-09-18 20:00,,,北京,https://www.showstart.com/event/302466,,¥280起,演出/Livehouse,北京市,北京,秀动网
北京丨9.18-19 BNCJO · Blue Note China 十周年特别演出,,2026-09-18 20:00,,,北京,https://www.showstart.com/event/309131,,¥280起,演出/Livehouse,北京市,北京,秀动网
3、2、1Jump！9.0：雏蓝/安抚狮子/没发霉/玫瑰凋零时（GING）,,2026-09-18 20:00,,,北京,https://www.showstart.com/event/308864,,¥19起,演出/Livehouse,北京市,北京,秀动网
「她吃了那朵花·贰拾贰」,,2026-09-19 11:00,,,北京,https://www.showstart.com/event/309911,,¥77起,演出/Livehouse,北京市,北京,秀动网
Galaxy Reception live 星遇现场 Vol.61,,2026-09-19 12:10,,,北京,https://www.showstart.com/event/310237,,¥88起,演出/Livehouse,北京市,北京,秀动网
GLORY星际搭车指南 Vol.41,,2026-09-19 12:30,,,北京,https://www.showstart.com/event/308731,,¥88起,演出/Livehouse,北京市,北京,秀动网
《春江花月夜》“筝鸣四季·古韵新声”---古筝专场音乐会,,2026-09-19 14:00,,,北京,https://www.showstart.com/event/308908,,¥39起,演出/Livehouse,北京市,北京,秀动网
北京保利剧院·高清放映系列  非常林奕华舞台剧《命运建筑师之远大前程》,,2026-09-19 14:30,,,北京,https://www.showstart.com/event/310231,,¥100起,演出/Livehouse,北京市,北京,秀动网
钟易轩 2026「盘旋」北京 生日专场,,2026-09-19 19:00,,,北京,https://www.showstart.com/event/307748,,¥138起,演出/Livehouse,北京市,北京,秀动网
寂境无垠 Silence Within ——沉浸式静心音乐会,,2026-09-19 19:30,,,北京,https://www.showstart.com/event/308949,,¥60起,演出/Livehouse,北京市,北京,秀动网
稼轩千秋•醉里归中原——辛弃疾词意弦歌音乐会,,2026-09-19 19:30,,,北京,https://www.showstart.com/event/306919,,¥100起,演出/Livehouse,北京市,北京,秀动网
芬兰国宝级史诗民谣金属传奇 AMORPHIS 2026巡演北京站,,2026-09-19 20:00,,,北京,https://www.showstart.com/event/302929,,¥320起,演出/Livehouse,北京市,北京,秀动网
丹镇呈现 I 丹镇北京 十周年专场演出,,2026-09-19 20:00,,,北京,https://www.showstart.com/event/309032,,¥139,演出/Livehouse,北京市,北京,秀动网
「怡然の帽泡time」李怡然同学2026巡演 北京站,,2026-09-19 20:00,,,北京,https://www.showstart.com/event/307543,,¥99起,演出/Livehouse,北京市,北京,秀动网
【免票】时光胶囊 20周年北京站,,2026-09-19 20:00,,,北京,https://www.showstart.com/event/307104,,¥0,演出/Livehouse,北京市,北京,秀动网
伏蒿2026《像草一样》巡演 北京站,,2026-09-19 20:00,,,北京,https://www.showstart.com/event/304832,,¥88起,演出/Livehouse,北京市,北京,秀动网
「刻度之外」曾艾佳个人概念Live Tour,,2026-09-19 20:00,,,北京,https://www.showstart.com/event/309631,,¥98起,演出/Livehouse,北京市,北京,秀动网
十月婴孩乐队《如是》新专辑首发演唱会,,2026-09-19 20:00,,,北京,https://www.showstart.com/event/305103,,¥100起,演出/Livehouse,北京市,北京,秀动网
祁紫檀2026“世界与孤独女王”巡演北京站,,2026-09-19 20:30,,,北京,https://www.showstart.com/event/304948,,¥159起,演出/Livehouse,北京市,北京,秀动网
【高清放映】英国皇家芭蕾舞团及歌剧院现场《关不住的女儿》,,2026-09-20 09:30,,,北京,https://www.showstart.com/event/304621,,¥120起,演出/Livehouse,北京市,北京,秀动网
Unknown Art 呈现 |  EPICA 荷兰交响金属乐大团「秘境维度」 2025 亚洲巡演 北京站,,2026-09-20 18:00,,,北京,https://www.showstart.com/event/278669,,¥380起,演出/Livehouse,北京市,北京,秀动网
JOYCE 就以斯「才华换桃花」2026巡演 北京站,,2026-09-20 19:30,,,北京,https://www.showstart.com/event/307537,,¥188起,演出/Livehouse,北京市,北京,秀动网
北京·Galen Crew 船长2026睡美人 - 10周年回归巡演-北京站,,2026-09-20 19:30,,,北京,https://www.showstart.com/event/305591,,¥280起,演出/Livehouse,北京市,北京,秀动网
北京 | 9.20 《点水·新澜》—— 点水南乐Blue Note Beijing专场,,2026-09-20 20:00,,,北京,https://www.showstart.com/event/309375,,¥188,演出/Livehouse,北京市,北京,秀动网
LANY: soft world tour 北京站,,2026-09-20 20:00,,,北京,https://www.showstart.com/event/297523,,¥480起,演出/Livehouse,北京市,北京,秀动网
北方昆曲剧院经典折子戏 《牡丹亭•游园惊梦》《牡丹亭•寻梦》《牡丹亭•写真离魂》《牡丹亭•拾画叫画》,,2026-09-21 19:30,,,北京,https://www.showstart.com/event/308256,,¥68起,演出/Livehouse,北京市,北京,秀动网
岸果呈现-北欧治愈系后摇Dorena2026巡演北京站,,2026-09-21 20:00,,,北京,https://www.showstart.com/event/304923,,¥188起,演出/Livehouse,北京市,北京,秀动网
北方昆曲剧院经典剧目 《我侬词》,,2026-09-22 19:30,,,北京,https://www.showstart.com/event/308257,,¥68起,演出/Livehouse,北京市,北京,秀动网
第七届全国少数民族文艺会演《活界碑》,,2026-09-22 19:30,,,北京,https://www.showstart.com/event/307354,,¥80起,演出/Livehouse,北京市,北京,秀动网
JamesAlyn（HYBS）&Pami徐嘉琳联合巡演北京站,,2026-09-22 20:00,,,北京,https://www.showstart.com/event/303300,,¥198起,演出/Livehouse,北京市,北京,秀动网
岸果呈现 | God Is An Astronaut 2026巡演 北京站,,2026-09-23 20:00,,,北京,https://www.showstart.com/event/305726,,¥320起,演出/Livehouse,北京市,北京,秀动网
「 秋分难耐 」 铅白 x 若海 联合后摇新锐专场 北京站,,2026-09-23 20:30,,,北京,https://www.showstart.com/event/307000,,¥5起,演出/Livehouse,北京市,北京,秀动网
文兆杰2026「我怀念的今夜」巡演-北京站,,2026-09-24 20:00,,,北京,https://www.showstart.com/event/305224,,¥99起,演出/Livehouse,北京市,北京,秀动网
北京丨9.24 中秋前夜一起过！Golden Trio带你漫步月光下,,2026-09-24 20:00,,,北京,https://www.showstart.com/event/310197,,¥200,演出/Livehouse,北京市,北京,秀动网
北京·大风天喜剧|第16届开放麦公开赛Tight6,,2026-09-24 20:00,,,北京,https://www.showstart.com/event/308825,,¥69起,演出/Livehouse,北京市,北京,秀动网
Crispy脆乐团 2026「相遇就是说了100次我爱你」演出 北京站,,2026-09-24 20:00,,,北京,https://www.showstart.com/event/306420,,¥199起,演出/Livehouse,北京市,北京,秀动网
2026不显名巡演第二轮｜北京站,,2026-09-24 20:00,,,北京,https://www.showstart.com/event/307834,,¥19.90,演出/Livehouse,北京市,北京,秀动网
2026厂域电子音乐节,,2026-09-24 21:30,,,北京,https://www.showstart.com/event/310336,,¥128起,演出/Livehouse,北京市,北京,秀动网
【中秋国庆】「音乐魔法师」——《哈利波特》《魔女宅急便》《四小天鹅》沉浸式亲子互动演奏会,,2026-09-25 10:30,,,北京,https://www.showstart.com/event/310309,,¥100起,演出/Livehouse,北京市,北京,秀动网
《小红帽》经典励志儿童舞台剧,,2026-09-25 11:00,,,北京,https://www.showstart.com/event/308909,,¥29起,演出/Livehouse,北京市,北京,秀动网
别的聚会2026【乐享巴士】,,2026-09-25 13:00,,,北京,https://www.showstart.com/event/310063,,¥20,演出/Livehouse,北京市,北京,秀动网
怎么办生活节「OKA意大利农场游园会」,,2026-09-25 14:00,,,北京,https://www.showstart.com/event/309558,,¥0起,演出/Livehouse,北京市,北京,秀动网
北京亲子动画流行歌曲演唱会,,2026-09-25 14:00,,,北京,https://www.showstart.com/event/310297,,¥100起,演出/Livehouse,北京市,北京,秀动网
《海上钢琴师1900》经典名曲钢琴独奏音乐会,,2026-09-25 14:00,,,北京,https://www.showstart.com/event/309267,,¥39起,演出/Livehouse,北京市,北京,秀动网
别的聚会2026,,2026-09-25 15:00,,,北京,https://www.showstart.com/event/309390,,¥68起,演出/Livehouse,北京市,北京,秀动网
【中秋国庆专场】「我和我的祖国·友谊地久天长」传世经典作品音乐会,,2026-09-25 16:30,,,北京,https://www.showstart.com/event/307201,,¥80起,演出/Livehouse,北京市,北京,秀动网
《金秋乐章·世界回响》——经典名曲中秋国庆主题音乐会,,2026-09-25 16:30,,,北京,https://www.showstart.com/event/310304,,¥180起,演出/Livehouse,北京市,北京,秀动网
闪光的彼方主题演出,,2026-09-25 18:30,,,北京,https://www.showstart.com/event/310424,,¥0起,演出/Livehouse,北京市,北京,秀动网
房山站|1039北京交通广播X开心麻花爆笑舞台剧《婿事待发》,,2026-09-25 19:00,,,北京,https://www.showstart.com/event/307250,,¥80起,演出/Livehouse,北京市,北京,秀动网
新加坡文化节 2026 -《和鸣》音乐会 Harmonic Echoes（和谐的回声）,,2026-09-25 19:00,,,北京,https://www.showstart.com/event/309704,,¥69起,演出/Livehouse,北京市,北京,秀动网
北京丨9.25 Skyline 天际线融合爵士乐队,,2026-09-25 19:30,,,北京,https://www.showstart.com/event/310003,,¥260,演出/Livehouse,北京市,北京,秀动网
“喀秋莎”俄罗斯远东国家歌舞团大型歌舞晚会-2026全国巡演（北京站）,,2026-09-25 19:30,,,北京,https://www.showstart.com/event/307662,,¥126起,演出/Livehouse,北京市,北京,秀动网
皓月英雄——梁皓一&中国电影乐团电影交响音乐会,,2026-09-25 19:30,,,北京,https://www.showstart.com/event/302571,,¥180起,演出/Livehouse,北京市,北京,秀动网
律吕调阳 --中秋古琴音乐会,,2026-09-25 19:30,,,北京,https://www.showstart.com/event/308844,,¥100起,演出/Livehouse,北京市,北京,秀动网
灯鱼承办 9月25日|「声浪过境」诱导社、幸福大街、妖乐队、妮速格子乐队、未知现象齐聚乐空间,,2026-09-25 20:00,,,北京,https://www.showstart.com/event/309580,,¥120起,演出/Livehouse,北京市,北京,秀动网
草木苏醒时,,2026-09-25 20:00,,,北京,https://www.showstart.com/event/309196,,¥68起,演出/Livehouse,北京市,北京,秀动网
Fayzz 10周年北京特别专场｜1919 LIVEHOUSE 两周年特别呈现,,2026-09-25 20:00,,,北京,https://www.showstart.com/event/307675,,¥158,演出/Livehouse,北京市,北京,秀动网
北京·Beast in Black 2026巡演北京站,,2026-09-25 20:00,,,北京,https://www.showstart.com/event/305593,,¥280起,演出/Livehouse,北京市,北京,秀动网
秋隅而歌：犬儒×A公馆 北京场,,2026-09-25 20:00,,,北京,https://www.showstart.com/event/309485,,¥168起,演出/Livehouse,北京市,北京,秀动网
《冰雪女王之爱的魔法》,,2026-09-26 14:00,,,北京,https://www.showstart.com/event/304243,,¥60起,演出/Livehouse,北京市,北京,秀动网
【北京站】《明月如霜》民乐古韵·中秋国风主题音乐会|世纪剧院小剧场,,2026-09-26 14:00,,,北京,https://www.showstart.com/event/302650,,¥32起,演出/Livehouse,北京市,北京,秀动网
JESSIE 光与爱演唱会,,2026-09-26 17:17,,,北京,https://www.showstart.com/event/307991,,¥555起,演出/Livehouse,北京市,北京,秀动网
麻园诗人“环星闪耀”北京户外演唱会,,2026-09-26 18:30,,,北京,https://www.showstart.com/event/309371,,¥380起,演出/Livehouse,北京市,北京,秀动网
【北京站】沉浸式互动亲子科学剧《数学秀》,,2026-09-26 19:00,,,北京,https://www.showstart.com/event/307122,,¥99起,演出/Livehouse,北京市,北京,秀动网
春咏古今 山河回响——北京春之声合唱团专场音乐会,,2026-09-26 19:00,,,北京,https://www.showstart.com/event/308419,,¥50起,演出/Livehouse,北京市,北京,秀动网
东方玄幻音乐剧《第一瞳术师》,,2026-09-26 19:30,,,北京,https://www.showstart.com/event/309094,,¥180起,演出/Livehouse,北京市,北京,秀动网
北京丨9.26 三度百大最佳爵士专辑！Mino Lanzieri 二十周年纪念演出,,2026-09-26 19:30,,,北京,https://www.showstart.com/event/308677,,¥200,演出/Livehouse,北京市,北京,秀动网
中秋特惠 | 交响版《梁祝》&《黄河》-东方经典协奏曲交响音乐会,,2026-09-26 19:30,,,北京,https://www.showstart.com/event/308598,,¥100起,演出/Livehouse,北京市,北京,秀动网
时光之旅演唱会｜1039乐队 华语金曲音乐现场,,2026-09-26 19:30,,,北京,https://www.showstart.com/event/302945,,¥98起,演出/Livehouse,北京市,北京,秀动网
脑浊乐队2026 “有朋克自远方来III” 公路巡演 北京站,,2026-09-26 20:00,,,北京,https://www.showstart.com/event/303365,,¥100起,演出/Livehouse,北京市,北京,秀动网
波谷WaveGroove Vol.1 「鸿鸿星尘」 刘鸿林x月下尘星北京双专场,,2026-09-26 20:00,,,北京,https://www.showstart.com/event/308972,,¥99起,演出/Livehouse,北京市,北京,秀动网
“不爱上班!假期请活出你的B面人生”,,2026-09-26 20:00,,,北京,https://www.showstart.com/event/310250,,¥66起,演出/Livehouse,北京市,北京,秀动网
「pastday」动物园钉子户2026新EP全国巡演 北京站,,2026-09-26 20:00,,,北京,https://www.showstart.com/event/306161,,¥120起,演出/Livehouse,北京市,北京,秀动网
Karencici[与众不同The Loser Tour] 演唱会-北京站,,2026-09-26 20:00,,,与众不同The Loser Tour,https://www.showstart.com/event/306446,,¥368起,演出/Livehouse,北京市,北京,秀动网
发射！铁皮机器人号飞船—铁皮机器人北京特别专场,,2026-09-26 20:30,,,北京,https://www.showstart.com/event/305596,,¥18起,演出/Livehouse,北京市,北京,秀动网
《白雪公主》经典童话梦幻儿童剧,,2026-09-27 11:00,,,北京,https://www.showstart.com/event/309268,,¥29.90起,演出/Livehouse,北京市,北京,秀动网
唐禹哲北京见面会,,2026-09-27 14:45,,,北京,https://www.showstart.com/event/309707,,¥520,演出/Livehouse,北京市,北京,秀动网
王澳楠EVE「少女心事」首张EP同名巡演-北京站,,2026-09-27 19:00,,,北京,https://www.showstart.com/event/307886,,¥168起,演出/Livehouse,北京市,北京,秀动网
一轮秋影转金波——古籍国风中秋节音乐会,,2026-09-27 19:30,,,北京,https://www.showstart.com/event/307023,,¥80起,演出/Livehouse,北京市,北京,秀动网
孔雀眼2026「奔赴/Rendezvous」巡演 北京站,,2026-09-27 20:00,,,北京,https://www.showstart.com/event/307270,,¥148起,演出/Livehouse,北京市,北京,秀动网
北方昆曲剧院经典折子戏 《荆钗记•双祭》《十八罗汉斗悟空》,,2026-09-28 19:30,,,北京,https://www.showstart.com/event/308180,,¥68起,演出/Livehouse,北京市,北京,秀动网
北方昆曲剧院青年演员赵艺多专场 《牡丹亭•拾画叫画》《凤凰山•百花赠剑》《荆钗记•见娘》,,2026-09-29 19:30,,,北京,https://www.showstart.com/event/308183,,¥68起,演出/Livehouse,北京市,北京,秀动网
松天硕导演作品｜京话剧《戏悟》,,2026-09-30 19:30,,,北京,https://www.showstart.com/event/310009,,¥180起,演出/Livehouse,北京市,北京,秀动网
我和我的祖国一 2026 红色经典交响演唱十一音乐会,,2026-09-30 19:30,,,北京,https://www.showstart.com/event/305396,,¥100起,演出/Livehouse,北京市,北京,秀动网
开心麻花律政独角音乐喜剧《求婚女王》 | 王建华导演 | 女性成长 | 沉浸式互动,,2026-09-30 19:30,,,北京,https://www.showstart.com/event/310275,,¥168起,演出/Livehouse,北京市,北京,秀动网
【明星场】开心麻花摇滚音乐大戏《燃烧PLUS》,,2026-09-30 19:30,,,北京,https://www.showstart.com/event/309315,,¥80起,演出/Livehouse,北京市,北京,秀动网
舞剧《破冰》,,2026-09-30 19:30,,,北京,https://www.showstart.com/event/307114,,¥100起,演出/Livehouse,北京市,北京,秀动网
「完全门德尔松」——《单簧管与巴塞特单簧管协奏曲》&《c小调第一交响曲》音乐会,,2026-09-30 19:30,,,北京,https://www.showstart.com/event/304260,,¥100起,演出/Livehouse,北京市,北京,秀动网
【国庆专场】北京儿艺原创儿童剧《“谜”人的三星堆》,,2026-09-30 19:30,,,北京,https://www.showstart.com/event/309838,,¥70起,演出/Livehouse,北京市,北京,秀动网
北京丨9.30 【解构英伦经典·重塑爵士新声】易宇钦爵士钢琴独奏音乐会,,2026-09-30 20:00,,,北京,https://www.showstart.com/event/310348,,¥180,演出/Livehouse,北京市,北京,秀动网
2026北京爬宠博览会,,2026-10-01 10:00,,,北京,https://www.showstart.com/event/310327,,¥19.90起,演出/Livehouse,北京市,北京,秀动网
《绿野仙踪》经典童话冒险儿童剧,,2026-10-01 11:00,,,北京,https://www.showstart.com/event/309269,,¥29起,演出/Livehouse,北京市,北京,秀动网
次元音浪Vocaloid Only Band Live,,2026-10-01 14:00,,,北京,https://www.showstart.com/event/308736,,¥88起,演出/Livehouse,北京市,北京,秀动网
征途如歌—中国电影乐团国庆视听交响音乐会,,2026-10-01 19:30,,,北京,https://www.showstart.com/event/308793,,¥100起,演出/Livehouse,北京市,北京,秀动网
国庆假期《光辉岁月·致敬时光》经典金曲演唱会,,2026-10-01 19:45,,,北京,https://www.showstart.com/event/306431,,¥69起,演出/Livehouse,北京市,北京,秀动网
怪兽计划乐队『隔在你我之间的那片海』2026巡演 北京站,,2026-10-01 20:00,,,北京,https://www.showstart.com/event/308225,,¥70起,演出/Livehouse,北京市,北京,秀动网
《梁祝》唯美经典名曲小提琴音乐会,,2026-10-02 14:00,,,北京,https://www.showstart.com/event/309270,,¥39起,演出/Livehouse,北京市,北京,秀动网
维也纳施特劳斯经典名曲音乐会｜《蓝色多瑙河》《春之声圆舞曲》,,2026-10-02 14:00,,,北京,https://www.showstart.com/event/310302,,¥100起,演出/Livehouse,北京市,北京,秀动网
WhyNot双脚离地中文说唱派对北京站/嘉宾redwhite/尹伟泽,,2026-10-03 19:30,,,北京,https://www.showstart.com/event/309708,,¥88起,演出/Livehouse,北京市,北京,秀动网
卦者灵风《东方巴黎》-巡回个人演唱会-北京站,,2026-10-03 19:30,,,北京,https://www.showstart.com/event/306374,,¥188起,演出/Livehouse,北京市,北京,秀动网
星河回响——MappleZS原创钢琴音乐会,,2026-10-03 19:30,,,北京,https://www.showstart.com/event/302171,,¥153起,演出/Livehouse,北京市,北京,秀动网
闪千手呈现｜YĪN YĪN 2026新专辑巡演  北京,,2026-10-03 20:30,,,北京,https://www.showstart.com/event/300740,,¥220起,演出/Livehouse,北京市,北京,秀动网
北京丨10.4  「草原深处的呼吸」曾任杭盖乐队马头琴手，胡格吉乐图携HuuG乐队全新归来！,,2026-10-04 19:30,,,北京,https://www.showstart.com/event/309385,,¥180,演出/Livehouse,北京市,北京,秀动网
【千手集】Youth Lagoon Live in 北京,,2026-10-04 20:30,,,北京,https://www.showstart.com/event/310141,,¥230起,演出/Livehouse,北京市,北京,秀动网
北京星幻动漫节2026第八届【北京漫展】,,2026-10-05 10:00,,,北京,https://www.showstart.com/event/308604,,¥70起,演出/Livehouse,北京市,北京,秀动网
北京·【正版】奥特曼60周年特别舞台剧《奥特传奇之被遗忘的光》,,2026-10-05 10:30,,,北京,https://www.showstart.com/event/310281,,¥100起,演出/Livehouse,北京市,北京,秀动网
中文原创音乐剧《简·爱》,,2026-10-05 14:00,,,北京,https://www.showstart.com/event/307143,,¥180起,演出/Livehouse,北京市,北京,秀动网
音乐剧《大江东去》,,2026-10-05 19:30,,,北京,https://www.showstart.com/event/306741,,¥100起,演出/Livehouse,北京市,北京,秀动网
北京丨10.5 「弦·无界」琴声越山海，友北五重奏带你听见世界之声,,2026-10-05 19:30,,,北京,https://www.showstart.com/event/309739,,¥200,演出/Livehouse,北京市,北京,秀动网
音乐剧《逐梦》,,2026-10-05 19:30,,,北京,https://www.showstart.com/event/310347,,¥100起,演出/Livehouse,北京市,北京,秀动网
孟庭苇《孟里花落知多少·花开如初》巡回演唱会-北京站·收官站,,2026-10-06 18:30,,,北京,https://www.showstart.com/event/308703,,¥398起,演出/Livehouse,北京市,北京,秀动网
新世纪&singsing 丫够燥的北京站,,2026-10-06 20:00,,,北京,https://www.showstart.com/event/308208,,¥128起,演出/Livehouse,北京市,北京,秀动网
【千手集】Alvvays 2026 北京专场,,2026-10-07 20:30,,,北京,https://www.showstart.com/event/306824,,¥260起,演出/Livehouse,北京市,北京,秀动网
New Noise呈现｜PREP 2026双城巡演 北京站,,2026-10-07 20:30,,,北京,https://www.showstart.com/event/304466,,¥260,演出/Livehouse,北京市,北京,秀动网
美国瑙姆堡国际钢琴比赛冠军-高阳「幻想漫步」钢琴独奏音乐会,,2026-10-10 19:30,,,北京,https://www.showstart.com/event/308599,,¥100起,演出/Livehouse,北京市,北京,秀动网
原创话剧作品《捡漏儿》｜李诚儒编导演X窦晓璇主演,,2026-10-10 19:30,,,北京,https://www.showstart.com/event/308992,,¥180起,演出/Livehouse,北京市,北京,秀动网
「BEATS BY IJAPA」陈昊然×郭子翔 Live Beat Session,,2026-10-10 19:30,,,北京,https://www.showstart.com/event/310294,,¥188起,演出/Livehouse,北京市,北京,秀动网
与你相对·相对论乐队 2026巡演 北京站,,2026-10-10 20:00,,,北京,https://www.showstart.com/event/306789,,¥100起,演出/Livehouse,北京市,北京,秀动网
后朋自远方来｜破界篇【双黑大乱斗】杭京 No Stage 合体专场,,2026-10-10 20:00,,,北京,https://www.showstart.com/event/308354,,¥9.90起,演出/Livehouse,北京市,北京,秀动网
《木偶奇遇记》经典儿童舞台剧,,2026-10-11 11:00,,,北京,https://www.showstart.com/event/309271,,¥29起,演出/Livehouse,北京市,北京,秀动网
廖俊涛「谁？」2026巡演-北京站,,2026-10-11 14:00,,,北京,https://www.showstart.com/event/309897,,¥298起,演出/Livehouse,北京市,北京,秀动网
SoundVibe呈现｜Charles Berthoud《极限低音》Play With Fire 贝斯巡演 北京站,,2026-10-11 19:30,,,北京,https://www.showstart.com/event/305133,,¥200起,演出/Livehouse,北京市,北京,秀动网
英国当代灵魂乐之声Mamas Gun 《DIG!》巡演 北京站,,2026-10-11 20:00,,,北京,https://www.showstart.com/event/304726,,¥220起,演出/Livehouse,北京市,北京,秀动网
第二十九届北京国际音乐节 阿努什卡·香卡与朋友们的专场音乐会,,2026-10-14 19:30,,,北京,https://www.showstart.com/event/309516,,¥100起,演出/Livehouse,北京市,北京,秀动网
荷兰器乐摇滚All Shall Be Well & 北京后摇16层乐队 2026北京专场,,2026-10-14 20:00,,,北京,https://www.showstart.com/event/310216,,¥168起,演出/Livehouse,北京市,北京,秀动网
Unknown Art 呈现｜Harakiri for the sky 亚洲巡演，奥地利后黑金属大团,,2026-10-14 20:00,,,北京,https://www.showstart.com/event/310201,,¥180起,演出/Livehouse,北京市,北京,秀动网
Tigran Hamasyan 全新重磅力作《Manifeste》（宣言）中国巡演·北京站,,2026-10-15 20:00,,,北京,https://www.showstart.com/event/309850,,¥280起,演出/Livehouse,北京市,北京,秀动网
宁峰与德国波茨坦室内乐团演绎莫扎特小提琴协奏曲全集,,2026-10-16 19:30,,,北京,https://www.showstart.com/event/309927,,¥100起,演出/Livehouse,北京市,北京,秀动网
假日后遗症,,2026-10-16 19:30,,,北京,https://www.showstart.com/event/307477,,¥120起,演出/Livehouse,北京市,北京,秀动网
喜剧《蒋公的面子》南京大学戏剧学科百年纪念版,,2026-10-16 19:30,,,北京,https://www.showstart.com/event/299311,,¥180起,演出/Livehouse,北京市,北京,秀动网
莫西子诗“黑夜闪闪发光”2026LIVEHOUSE巡演-北京站,,2026-10-16 20:00,,,北京,https://www.showstart.com/event/303850,,¥128起,演出/Livehouse,北京市,北京,秀动网
许钧「我“爱”世界」2026巡演-北京站,,2026-10-16 20:00,,,北京,https://www.showstart.com/event/309405,,¥139起,演出/Livehouse,北京市,北京,秀动网
RAVEL IN THE FOREST & BEYOND｜Belle Chen World Tour 2026 北京首演,,2026-10-16 20:00,,,北京,https://www.showstart.com/event/306762,,¥268起,演出/Livehouse,北京市,北京,秀动网
Paradise Lost失乐园 2026北京站,,2026-10-16 20:00,,,北京,https://www.showstart.com/event/300159,,¥338起,演出/Livehouse,北京市,北京,秀动网
少年游：秘密后院二十年 北京特别专场（暌违十年）,,2026-10-16 20:00,,,北京,https://www.showstart.com/event/309601,,¥168起,演出/Livehouse,北京市,北京,秀动网
意大利假面儿童剧《不一样的达芬奇》,,2026-10-17 14:00,,,北京,https://www.showstart.com/event/303973,,¥60起,演出/Livehouse,北京市,北京,秀动网
黄西脱口秀专场《DeepChat》,,2026-10-17 14:30,,,北京,https://www.showstart.com/event/310065,,¥80起,演出/Livehouse,北京市,北京,秀动网
2026CHEEZY岂是音乐节 北京站,,2026-10-17 17:00,,,北京,https://www.showstart.com/event/309346,,¥120起,演出/Livehouse,北京市,北京,秀动网
High Or Die 至高方休2026,,2026-10-17 19:00,,,北京,https://www.showstart.com/event/309420,,¥110起,演出/Livehouse,北京市,北京,秀动网
辉子「雾中人」2026巡演-北京站,,2026-10-17 19:30,,,北京,https://www.showstart.com/event/309791,,¥228起,演出/Livehouse,北京市,北京,秀动网
大宽「我们将离散在某日黄昏」个人巡演 北京站,,2026-10-17 19:30,,,北京,https://www.showstart.com/event/300842,,¥140起,演出/Livehouse,北京市,北京,秀动网
白皮书「只喝一杯」十周年 No Stage巡演—北京站,,2026-10-17 20:00,,,北京,https://www.showstart.com/event/307131,,¥108起,演出/Livehouse,北京市,北京,秀动网
暗杠「太阳·月亮·草地」走歌人2026专辑巡唱 北京站,,2026-10-17 20:00,,,北京,https://www.showstart.com/event/304131,,¥128起,演出/Livehouse,北京市,北京,秀动网
窦佳嫄「Song For All」2026北京专场 ——“姐姐有歌”特别企划,,2026-10-18 19:30,,,北京,https://www.showstart.com/event/310177,,¥88起,演出/Livehouse,北京市,北京,秀动网
第二十九届北京国际音乐节  乔治·弗里德里希·亨德尔：半舞台版歌剧《朱利奥·凯撒》,,2026-10-18 19:30,,,北京,https://www.showstart.com/event/309517,,¥100起,演出/Livehouse,北京市,北京,秀动网
夏日麽麽茶第一轮巡演 北京站,,2026-10-18 20:00,,,北京,https://www.showstart.com/event/310144,,¥98起,演出/Livehouse,北京市,北京,秀动网
白日密语2026巡演 北京站,,2026-10-18 20:00,,,北京,https://www.showstart.com/event/306660,,¥8起,演出/Livehouse,北京市,北京,秀动网
Jake Miller「The Spark Tour」-北京站,,2026-10-20 20:00,,,北京,https://www.showstart.com/event/304763,,¥298起,演出/Livehouse,北京市,北京,秀动网
西班牙器乐摇滚Toundra 2026北京专场,,2026-10-20 20:30,,,北京,https://www.showstart.com/event/310103,,¥180起,演出/Livehouse,北京市,北京,秀动网
二番目乐队2026「人间青山」专场演出,,2026-10-23 19:30,,,北京,https://www.showstart.com/event/308970,,¥108起,演出/Livehouse,北京市,北京,秀动网
"椅子乐团 Rolling On, Marching On 十周年巡演 北京站",,2026-10-23 20:00,,,北京,https://www.showstart.com/event/310024,,¥249起,演出/Livehouse,北京市,北京,秀动网
Peremotka 倒带乐队 2026新专辑巡演 | 飞向尚未命名的地方 北京站,,2026-10-23 20:00,,,北京,https://www.showstart.com/event/309067,,¥178起,演出/Livehouse,北京市,北京,秀动网
迷心乐队「迷你心MinorHeart」梦幻独立之声·新EP巡演|北京站,,2026-10-23 20:00,,,北京,https://www.showstart.com/event/305512,,¥98起,演出/Livehouse,北京市,北京,秀动网
老舍经典话剧《茶馆》-”年度京味儿大戏”【北京站】,,2026-10-24 14:30,,,北京,https://www.showstart.com/event/304932,,¥90起,演出/Livehouse,北京市,北京,秀动网
《不能说的秘密》经典名曲烛光音乐会,,2026-10-24 19:30,,,北京,https://www.showstart.com/event/306816,,¥60起,演出/Livehouse,北京市,北京,秀动网
Antimatter-Project反物质项目组5周年呈现“After 5 Years”Citypop巡演,,2026-10-24 20:00,,,北京,https://www.showstart.com/event/310256,,¥198起,演出/Livehouse,北京市,北京,秀动网
「每个字都变成了风」Sasablue 2026巡演 北京站,,2026-10-24 20:00,,,北京,https://www.showstart.com/event/308565,,¥99起,演出/Livehouse,北京市,北京,秀动网
鬼卞2026「FOR TEN」巡演·北京站,,2026-10-24 20:00,,,北京,https://www.showstart.com/event/309348,,¥198起,演出/Livehouse,北京市,北京,秀动网
帆布小镇今夜无法入眠Ⅱ特别专场-北京站,,2026-10-24 20:00,,,北京,https://www.showstart.com/event/306731,,¥99起,演出/Livehouse,北京市,北京,秀动网
脆莓乐队「鲜活人生 Vibrant Life」·北京站,,2026-10-24 20:00,,,北京,https://www.showstart.com/event/310070,,¥158起,演出/Livehouse,北京市,北京,秀动网
The Beths 2026巡演 北京站 特别嘉宾：小狗的骨头,,2026-10-25 20:00,,,北京,https://www.showstart.com/event/310182,,¥228起,演出/Livehouse,北京市,北京,秀动网
"椅子乐团 Rolling On, Marching On 十周年巡演 北京站",,2026-10-25 20:00,,,北京,https://www.showstart.com/event/310236,,¥249起,演出/Livehouse,北京市,北京,秀动网
来自柏林的前卫乐队 DIE HOCHSTAPLER巡演 北京站,,2026-10-26 20:00,,,北京,https://www.showstart.com/event/309458,,¥118起,演出/Livehouse,北京市,北京,秀动网
【声厂呈现】英国爵士诗人Alabaster DePlume巡演·北京站,,2026-10-27 20:30,,,北京,https://www.showstart.com/event/309393,,¥188起,演出/Livehouse,北京市,北京,秀动网
庸俗救星2026「城市散步」巡演 北京站,,2026-10-29 20:00,,,北京,https://www.showstart.com/event/308821,,¥150起,演出/Livehouse,北京市,北京,秀动网
欧洲杰出青年爵士组合 DANIEL MIGLIOSI QUARTET 巡演｜DDL呈现 北京站,,2026-10-29 20:30,,,北京,https://www.showstart.com/event/307426,,¥118起,演出/Livehouse,北京市,北京,秀动网
只是一场简单对话—北京站,,2026-10-30 19:00,,,北京,https://www.showstart.com/event/307279,,¥149起,演出/Livehouse,北京市,北京,秀动网
蓝心羽2026「爱是 love is…」巡回演唱会-北京站,,2026-10-30 19:30,,,北京,https://www.showstart.com/event/306642,,¥180起,演出/Livehouse,北京市,北京,秀动网
法语音乐剧《茶花女》,,2026-10-30 19:30,,,北京,https://www.showstart.com/event/306556,,¥180起,演出/Livehouse,北京市,北京,秀动网
音乐剧《女巫》,,2026-10-30 19:30,,,北京,https://www.showstart.com/event/307116,,¥100起,演出/Livehouse,北京市,北京,秀动网
广恐2026 新专「永无岛」巡演 北京站,,2026-10-30 20:00,,,北京,https://www.showstart.com/event/308332,,¥108起,演出/Livehouse,北京市,北京,秀动网
万晓利「这一切没有想象的那么糟」20周年秋季巡演·北京站,,2026-10-30 20:00,,,北京,https://www.showstart.com/event/308956,,¥149起,演出/Livehouse,北京市,北京,秀动网
10月31日 | 乐空间【MEGA喵极客】一场全新的尝试 二次元&日系重型only,,2026-10-31 16:00,,,北京,https://www.showstart.com/event/308384,,¥72起,演出/Livehouse,北京市,北京,秀动网
与传奇面对面—维也纳爱乐传奇首席莱纳·库希尔大师班,,2026-10-31 19:00,,,北京,https://www.showstart.com/event/310131,,¥99起,演出/Livehouse,北京市,北京,秀动网
萧忆情 ALEX[拾·忆]2026 巡回演唱会-北京站,,2026-10-31 19:30,,,拾·忆,https://www.showstart.com/event/306304,,¥180起,演出/Livehouse,北京市,北京,秀动网
2026裁缝铺“又来了”巡回演出 北京站,,2026-10-31 20:00,,,北京,https://www.showstart.com/event/305186,,¥188起,演出/Livehouse,北京市,北京,秀动网
罗森涛「不想长大的人」2026巡演 北京站,,2026-10-31 20:00,,,北京,https://www.showstart.com/event/309421,,¥180起,演出/Livehouse,北京市,北京,秀动网
PaulGilbert (保罗·吉尔伯特) WROC 2026巡演 北京站,,2026-11-01 20:00,,,北京,https://www.showstart.com/event/310312,,¥380起,演出/Livehouse,北京市,北京,秀动网
葡萄牙提琴后摇 indignu 北京站,,2026-11-01 20:00,,,北京,https://www.showstart.com/event/310257,,¥178,演出/Livehouse,北京市,北京,秀动网
芬兰力量金属乐队Stratovarius灵云 2026巡演-北京站,,2026-11-01 20:00,,,北京,https://www.showstart.com/event/307269,,¥330起,演出/Livehouse,北京市,北京,秀动网
飞行冠军【浮出水面】2026新专辑巡演 北京站,,2026-11-01 20:00,,,北京,https://www.showstart.com/event/303243,,¥99起,演出/Livehouse,北京市,北京,秀动网
拉美爵士天后凯伦·索萨Karen Souza“丝绒爵色时”2026巡演-北京站,,2026-11-04 19:30,,,北京,https://www.showstart.com/event/307485,,¥98起,演出/Livehouse,北京市,北京,秀动网
法国器乐电子视听现场 NIKITCH Audio Visual Live Show | DDL呈现 北京站,,2026-11-04 20:30,,,北京,https://www.showstart.com/event/309751,,¥100起,演出/Livehouse,北京市,北京,秀动网
金世佳主演话剧《诗人之死》,,2026-11-06 19:30,,,北京,https://www.showstart.com/event/307140,,¥180起,演出/Livehouse,北京市,北京,秀动网
布衣乐队《云起时》巡演北京站,,2026-11-06 20:00,,,北京,https://www.showstart.com/event/307959,,¥108起,演出/Livehouse,北京市,北京,秀动网
燕池2026秋夜行秋季巡演北京站,,2026-11-07 20:00,,,北京,https://www.showstart.com/event/307111,,¥150起,演出/Livehouse,北京市,北京,秀动网
《在蒙古包旁边跳舞》奈热乐队2026巡演（北京站）,,2026-11-08 20:00,,,北京,https://www.showstart.com/event/301448,,¥158起,演出/Livehouse,北京市,北京,秀动网
New Noise呈现｜The Seven Mile Journey 2026 巡演 北京站,,2026-11-08 20:30,,,北京,https://www.showstart.com/event/307731,,¥180,演出/Livehouse,北京市,北京,秀动网
Men I Trust（我信任的人）2026演出-北京站,,2026-11-10 20:00,,,北京,https://www.showstart.com/event/306739,,¥328起,演出/Livehouse,北京市,北京,秀动网
《米小圈之李白白不白》米小圈首部智趣成长儿童舞台剧,,2026-11-14 10:30,,,北京,https://www.showstart.com/event/301368,,¥32起,演出/Livehouse,北京市,北京,秀动网
沃尔夫冈·埃曼纽埃尔·施密特大提琴独奏音乐会,,2026-11-14 19:30,,,北京,https://www.showstart.com/event/310121,,¥80起,演出/Livehouse,北京市,北京,秀动网
【北京】《夜的钢琴曲》石进钢琴作品音乐会2026,,2026-11-14 19:30,,,北京,https://www.showstart.com/event/299477,,¥180起,演出/Livehouse,北京市,北京,秀动网
HYPER SLASH超级斩十周年巡演 北京站,,2026-11-14 20:00,,,北京,https://www.showstart.com/event/307949,,¥128起,演出/Livehouse,北京市,北京,秀动网
8bite「落茧」2026巡演  北京站,,2026-11-14 20:00,,,北京,https://www.showstart.com/event/309510,,¥129起,演出/Livehouse,北京市,北京,秀动网
【声厂呈现】瑞士器乐三重奏Schnellertollermeier巡演·北京站,,2026-11-15 20:00,,,北京,https://www.showstart.com/event/309399,,¥158起,演出/Livehouse,北京市,北京,秀动网
暴雪35周年官方游戏交响音乐会（Jason Hayes领衔）北京站,,2026-11-18 19:30,,,北京,https://www.showstart.com/event/300025,,¥280起,演出/Livehouse,北京市,北京,秀动网
"【声厂呈现】Black Country, New Road 2026巡演·北京站",,2026-11-19 20:30,,,北京,https://www.showstart.com/event/305652,,¥300起,演出/Livehouse,北京市,北京,秀动网
《弦乐理论》—亚历山大·波达切夫竖琴与弦乐团跨界音乐会,,2026-11-21 19:30,,,北京,https://www.showstart.com/event/310116,,¥100起,演出/Livehouse,北京市,北京,秀动网
JUMP THE BLUE·MOJOHAND2026跨蓝巡演-北京站,,2026-11-21 20:00,,,北京,https://www.showstart.com/event/303768,,¥100起,演出/Livehouse,北京市,北京,秀动网
倒带2008青春日不落演唱会   再唱北京欢迎你---北京站,,2026-11-21 20:00,,,北京,https://www.showstart.com/event/308968,,¥128起,演出/Livehouse,北京市,北京,秀动网
2z2「人类*时代*花*」双专辑主题巡演 - 北京站,,2026-11-21 20:00,,,北京,https://www.showstart.com/event/309312,,¥152起,演出/Livehouse,北京市,北京,秀动网
《爱丽丝梦游仙境》经典互动儿童舞台剧,,2026-11-22 11:00,,,北京,https://www.showstart.com/event/309272,,¥29起,演出/Livehouse,北京市,北京,秀动网
《魔法科学秀》科普互动儿童剧-“魔法学院系列-彩虹博士大冒险”,,2026-11-22 14:00,,,北京,https://www.showstart.com/event/309273,,¥29起,演出/Livehouse,北京市,北京,秀动网
百老汇原版音乐剧《长靴皇后》,,2026-11-25 19:30,,,北京,https://www.showstart.com/event/309622,,¥180起,演出/Livehouse,北京市,北京,秀动网
Kings of Convenience便利之王2026北京专场,,2026-11-26 20:30,,,北京,https://www.showstart.com/event/303939,,¥360起,演出/Livehouse,北京市,北京,秀动网
【北京】英文原版戏剧《一个人的莎士比亚》,,2026-11-28 19:30,,,北京,https://www.showstart.com/event/303341,,¥144起,演出/Livehouse,北京市,北京,秀动网
莫非定律乐团《私人电影院2：加场放映》巡演 北京站,,2026-11-28 20:00,,,北京,https://www.showstart.com/event/309142,,¥158起,演出/Livehouse,北京市,北京,秀动网
好人好梦—黑鸭子组合 2026 经典金曲专场音乐会,,2026-11-29 19:30,,,北京,https://www.showstart.com/event/307734,,¥180起,演出/Livehouse,北京市,北京,秀动网
英文原版音乐剧《SIX》,,2026-12-03 19:30,,,北京,https://www.showstart.com/event/304394,,¥166起,演出/Livehouse,北京市,北京,秀动网
最后的莫西干人一-“亚历桑德罗”印第安音乐品鉴会,,2026-12-12 19:30,,,北京,https://www.showstart.com/event/306881,,¥100起,演出/Livehouse,北京市,北京,秀动网
「她想去的地方」葡萄不愤怒2026巡演 北京站,,2026-12-12 20:00,,,北京,https://www.showstart.com/event/309288,,¥109起,演出/Livehouse,北京市,北京,秀动网
气象限定Quadrant 亚洲巡演【北京站】,,2026-12-12 20:00,,,北京,https://www.showstart.com/event/308523,,¥118起,演出/Livehouse,北京市,北京,秀动网
【HAZE&秀动呈献】英国另类摇滚中坚力量 Wolf Alice 专场巡演北京站,,2026-12-15 20:30,,,北京,https://www.showstart.com/event/307109,,¥580,演出/Livehouse,北京市,北京,秀动网
"Make friends, share insights & experiences...in Chinese! 用汉语...结识新朋友、分享知识和经历！",,2026-09-19 19:30:00,,15,"Maan Coffee, No.23, Baijiazhuangdongli Jinhu Center F1, Chaoyang Beijing China, Beijing",https://www.meetup.com/beijing-chinese-language-meetup-chinese-corner/events/316337027/,,,Meetup/expat,北京市,北京,Meetup
TGIF! It's time to Mingle and Play Games,,2026-09-18 19:30:00,,,"Caution  Bistro, No.2, Gongren Tiyuchang North Road Block 1 Floor 1 1-09A, Chaoyang Beijing China, Beijing",https://www.meetup.com/beijing-chinese-language-meetup-chinese-corner/events/316325097/,,,Meetup/expat,北京市,北京,Meetup
Beijng Language Exchange Talkspace Friday night,,2026-09-18 19:00:00,,,"Talkspace（Beijing）, 64 Chaoshou Hu Tong, 64, Xicheng District, China, 100031, Beijing",https://www.meetup.com/beijing-language-exchange-talkspace/events/316324820/,,,Meetup/expat,北京市,北京,Meetup
Beijing English Corner Talkspace,,2026-09-20 14:30:00,,,"Talkspace（Beijing）, 64 Chaoshou Hu Tong, 64, Xicheng District, China, 100031, Beijing",https://www.meetup.com/beijing-language-exchange-talkspace/events/316349644/,,,Meetup/expat,北京市,北京,Meetup
【Sun】iAccept Toastmaster Meeting No.14 Constellation,,2026-09-20 14:00:00,,20,"Maan Coffee, No.23, Baijiazhuangdongli Jinhu Center F1, Chaoyang Beijing China, Beijing",https://www.meetup.com/pet-international-friends/events/316349433/,,,Meetup/expat,北京市,北京,Meetup
【Tue】Christina带你玩转美语,,2026-09-22 19:00:00,,15,"蘭部落咖啡, 光华路丙12号数码01大厦 25层, Beijing",https://www.meetup.com/pet-international-friends/events/316383137/,,,Meetup/expat,北京市,北京,Meetup
【Sat】PET鸡尾酒品鉴与制作工作坊 #2,,2026-09-19 14:00:00,,15,"蘭部落咖啡, 光华路丙12号数码01大厦 25层, Beijing",https://www.meetup.com/pet-international-friends/events/316334965/,,,Meetup/expat,北京市,北京,Meetup
World Travelers' Party | 世界旅行家聚会,,2026-09-26 19:00:00,,15,"V Park, Floor 20, Ruichen International Center, No.13, Nongzhanguan North Road, Chaoyang Beijing China, Beijing",https://www.meetup.com/beijing-chinese-language-meetup-chinese-corner/events/316437031/,,,Meetup/expat,北京市,北京,Meetup
【Sat】PET World Travelers' Party,,2026-09-19 19:30:00,,15,"Xuan Garden, Baijiazhuang Dongli No.42 Courtyard Houyuan, Tuanjiehu, Chaoyang, Beijing",https://www.meetup.com/pet-international-friends/events/316337028/,,,Meetup/expat,北京市,北京,Meetup
RSVP seats in advance,,2026-09-21 14:00:00,,10,"Black diamond’s theatre, Culture and art center, Fatou, Chaoyang district. 朝阳区垡头文化艺术中心黑钻剧场, Black diamond’s theatre, Culture and art center, Fatou, Chaoyang district. 朝阳区垡头文化艺术中心黑钻剧场, Beijing",https://www.meetup.com/dragon-culture-meetup/events/316366094/,,,Meetup/expat,北京市,北京,Meetup
欢迎大家加入WP Meetup Beijing官方开源社 微信号：duncangu 或者 zhitao_yan ,,2026-09-30 20:00:00,,,"北京市【待定】, 北京市, Beijing",https://www.meetup.com/wordpress-meetup-beijing/events/312530996/,,,Meetup/expat,北京市,北京,Meetup
Beijing English Talkspace,,2026-09-20,2026-09-20,,"Chao Shou Hu Tong, Xi Cheng Qu, Bei Jing Shi",https://www.eventbrite.com/e/beijing-english-talkspace-tickets-1715246842479,https://img.evbuc.com/https%3A%2F%2Fcdn.evbuc.com%2Fimages%2F835451719%2F1396570747963%2F1%2Foriginal.20240827-192231?w=512&auto=format%2Ccompress&q=75&sharp=10&rect=0%2C82%2C1080%2C540&s=2501325305947f335b361e0f3bba2279,,Eventbrite,北京市,北京,Eventbrite
International Conference on Language Teaching and Religious Studies,,2026-09-30,2026-09-30,,"1 Chun Xiu Lu, Dong Cheng Qu, Bei Jing Shi",https://www.eventbrite.com/e/international-conference-on-language-teaching-and-religious-studies-tickets-1997239161095,https://img.evbuc.com/https%3A%2F%2Fcdn.evbuc.com%2Fimages%2F1190592928%2F3010186125072%2F1%2Foriginal.20260808-045043?crop=focalpoint&fit=crop&auto=format%2Ccompress&q=75&sharp=10&fp-x=0.5&fp-y=0.5&s=c47a54cd1cf11be7020873558c38dec1,,Eventbrite,北京市,北京,Eventbrite
Beijing 2026 Venture Capital World Summit,,2026-10-15,2026-10-15,,"1号 建国门外大街, Chao Yang Qu, Bei Jing Shi",https://www.eventbrite.com/e/beijing-2026-venture-capital-world-summit-tickets-1968729646369,https://img.evbuc.com/https%3A%2F%2Fcdn.evbuc.com%2Fimages%2F1170796677%2F626217048%2F1%2Foriginal.20251112-164110?w=512&auto=format%2Ccompress&q=75&sharp=10&rect=0%2C0%2C3200%2C1600&s=a27b3c4cb7ce1145411ce8aa0fc922e3,,Eventbrite,北京市,北京,Eventbrite
Global Conference on African Business and Technology (GCABT - 2026),,2026-10-30,2026-10-30,,"1 Chun Xiu Lu, Dong Cheng Qu, Bei Jing Shi",https://www.eventbrite.com/e/global-conference-on-african-business-and-technology-gcabt-2026-tickets-1999357234309,https://img.evbuc.com/https%3A%2F%2Fcdn.evbuc.com%2Fimages%2F1192343147%2F2992485722545%2F1%2Foriginal.20260901-065840?crop=focalpoint&fit=crop&w=512&auto=format%2Ccompress&q=75&sharp=10&fp-x=0.5&fp-y=0.5&s=497f7a6a1f7eab1937840cb9e1afa068,,Eventbrite,北京市,北京,Eventbrite
"AI Certification: Master ChatGPT, Gemini and Claude",,2026-09-17,2026-09-17,,,https://www.eventbrite.com/e/ai-certification-master-chatgpt-gemini-and-claude-tickets-1999789606546,https://img.evbuc.com/https%3A%2F%2Fcdn.evbuc.com%2Fimages%2F1192697065%2F3373792380%2F1%2Foriginal.20260904-164712?crop=focalpoint&fit=crop&w=512&auto=format%2Ccompress&q=75&sharp=10&fp-x=0.5&fp-y=0.5&s=1890a3087442e7293be09e3d75314276,,Eventbrite,北京市,北京,Eventbrite
"Out of Area, Out of Mind? Beyond Boundaries",,2026-09-21,2026-09-21,,,https://www.eventbrite.co.uk/e/out-of-area-out-of-mind-beyond-boundaries-tickets-1992477023413,https://img.evbuc.com/https%3A%2F%2Fcdn.evbuc.com%2Fimages%2F1188738445%2F514958051821%2F1%2Foriginal.20260713-102304?crop=focalpoint&fit=crop&w=512&auto=format%2Ccompress&q=75&sharp=10&fp-x=0.467&fp-y=0.256&s=01455649490c70bbbe1d4d239fde45f8,,Eventbrite,北京市,北京,Eventbrite
Marketing Breakthrough: 40X Your Holistic Business [$297 Value],,2026-09-27,2026-09-27,,,https://www.eventbrite.com/e/marketing-breakthrough-40x-your-holistic-business-297-value-tickets-1222103026049,https://img.evbuc.com/https%3A%2F%2Fcdn.evbuc.com%2Fimages%2F944470263%2F410024325749%2F1%2Foriginal.20250125-141102?w=512&auto=format%2Ccompress&q=75&sharp=10&rect=0%2C60%2C1920%2C960&s=84173a376ef0a6c30ec3b5e8f27b2833,,Eventbrite,北京市,北京,Eventbrite
Cram 4 The Exam,,2026-09-28,2026-09-28,,,https://www.eventbrite.com/e/cram-4-the-exam-registration-1984845034930,https://img.evbuc.com/https%3A%2F%2Fcdn.evbuc.com%2Fimages%2F544114489%2F1628461278023%2F1%2Foriginal.20230627-193036?w=512&auto=format%2Ccompress&q=75&sharp=10&rect=124%2C0%2C1952%2C976&s=aaebd717e9263736ca448c8ad9f5b1b0,,Eventbrite,北京市,北京,Eventbrite
Black Girl Book Fair! Spooky Edition,,2026-10-03,2026-10-03,,,https://www.eventbrite.com/e/black-girl-book-fair-spooky-edition-tickets-1990268350212,https://img.evbuc.com/https%3A%2F%2Fcdn.evbuc.com%2Fimages%2F1185313696%2F1007219303453%2F1%2Foriginal.20260524-150132?w=355&auto=format%2Ccompress&q=75&sharp=10&s=5f442611786c813b8f08a1df329836cf,,Eventbrite,北京市,北京,Eventbrite
Ethically Shady: Navigating the Gray Areas of Interpreting,,2026-10-03,2026-10-03,,,https://www.eventbrite.com/e/ethically-shady-navigating-the-gray-areas-of-interpreting-tickets-1992852441298,https://img.evbuc.com/https%3A%2F%2Fcdn.evbuc.com%2Fimages%2F1020234643%2F1994693784923%2F1%2Foriginal.20250430-160751?crop=focalpoint&fit=crop&auto=format%2Ccompress&q=75&sharp=10&fp-x=0.191287878788&fp-y=0.449720670391&s=e6a484b77d2209256278d0ae886226d1,,Eventbrite,北京市,北京,Eventbrite
A sweet history of cake and Christmas,,2026-12-09,2026-12-09,,,https://www.eventbrite.co.uk/e/a-sweet-history-of-cake-and-christmas-tickets-1997552015852,https://img.evbuc.com/https%3A%2F%2Fcdn.evbuc.com%2Fimages%2F1190780212%2F2824116931731%2F1%2Foriginal.20260811-083301?crop=focalpoint&fit=crop&w=512&auto=format%2Ccompress&q=75&sharp=10&fp-x=0.535&fp-y=0.334&s=c8e038e51c9cd51b7cd77eefbe48e41a,,Eventbrite,北京市,北京,Eventbrite
CPCA Show Plus 2026,,Marathon 20,,,,https://allevents.in/shenzhen/cpca-show-plus-2026-tickets/80003591271636,,,AllEvents,北京市,北京,
Tequila Tales,,Marathon 20,,,,https://allevents.in/shin-lin-district/tequila-tales/200030693313404,,,AllEvents,北京市,北京,
interpack China 2026,,Marathon 20,,,,https://allevents.in/shanghai/interpack-china-2026-tickets/80003736560002,,,AllEvents,北京市,北京,
Taizhou International Optics Fair 2026,,Marathon 20,,,,https://allevents.in/zhenjiang/taizhou-international-optics-fair-2026-tickets/80008677409042,,,AllEvents,北京市,北京,
jizue 20th Anniversary Album「orbis」Release Tour in Taipei,,Marathon 20,,,,https://allevents.in/yungho-city/jizue-20th-anniversary-album「orbis」release-tour-in-taipei/200030322444139,,,AllEvents,北京市,北京,
Epica in 东城区,,Marathon 20,,,,https://allevents.in/beijing/epica-in-东城区/3300029312360050,,,AllEvents,北京市,北京,
International Smart Space Exhibition (ISSE),,Marathon 20,,,,https://allevents.in/hangzhou/international-smart-space-exhibition-isse-tickets/80002422186188,,,AllEvents,北京市,北京,
IE expo Chengdu 2026,,Marathon 20,,,,https://allevents.in/yaan/ie-expo-chengdu-2026/200030165525940,,,AllEvents,北京市,北京,
China International Paper Technology Exhibition (CIPTE 2026),,Marathon 20,,,,https://allevents.in/wuhan/china-international-paper-technology-exhibition-cipte-2026/200030492304615,,,AllEvents,北京市,北京,
Vietnam Mountain Marathon 2026,,Marathon 20,,,,https://allevents.in/mengzi/vietnam-mountain-marathon-2026/200029425084335,,,AllEvents,北京市,北京,
Street Food & Wine Pairing in Beijing Hutongs,,,,,,https://allevents.in/beijing/street-food-and-wine-pairing-in-beijing-hutongs/200030687092624,,,AllEvents,北京市,北京,
"International Conference on Business, Economics, Law, Language & Psychology, 11-12 May 2027, Beijing",,May 20,,,,https://allevents.in/beijing/international-conference-on-business-economics-law-language-and-psychology-11-12-may-2027-beijing-ti/80008966820061,,,AllEvents,北京市,北京,
"Apéro, 北京的友好/专业会议",,,,,,https://allevents.in/beijing/apéro-北京的友好-专业会议/200028101498740,,,AllEvents,北京市,北京,
Beijing 2026 Venture Capital World Summit,,,,,,https://allevents.in/chao-yang-qu/beijing-2026-venture-capital-world-summit/100001968729646369,,,AllEvents,北京市,北京,
International Conference on Language Teaching and Religious Studies,,,,,,https://allevents.in/dong-cheng-qu/international-conference-on-language-teaching-and-religious-studies/100001997239161095,,,AllEvents,北京市,北京,
God Is An Astronaut in 北京市,,,,,,https://allevents.in/beijing/god-is-an-astronaut-in-北京市/3300030496279926,,,AllEvents,北京市,北京,
Paradise Lost in 北京市,,,,,,https://allevents.in/beijing/paradise-lost-in-北京市/3300030222763635,,,AllEvents,北京市,北京,
"High-Quality Token Service Forum, at PT EXPO CHINA 2026",,,,,,https://allevents.in/beijing/high-quality-token-service-forum-at-pt-expo-china-2026/200030471260908,,,AllEvents,北京市,北京,
Food Lovers Meetup Beijing / 北京美食爱好者聚会 (10 participants maximum/ 最多 10 位参与者),,,,,,https://allevents.in/beijing/food-lovers-meetup-beijing-北京美食爱好者聚会-10-participants-maximum-最多-10-位参与者/200030108789757,,,AllEvents,北京市,北京,
SpicyComedy·Norah/71/油百万领衔 普通话/沪语/英文脱口秀 Standup 「2026.9.15-2026.9.30」,,2026-09-15 19:30,,,上海,https://www.showstart.com/event/308211,,¥120起,演出/Livehouse,上海市,上海,秀动网
【上海站】LÜCY 2026 TOUR,,2026-09-16 20:00,,,上海,https://www.showstart.com/event/301764,,¥228起,演出/Livehouse,上海市,上海,秀动网
【99元畅饮】BRIT-NIGHT at The Pearl 「英伦音乐之夜」闪耀明珠，致敬英伦传奇！,,2026-09-16 20:30,,,上海,https://www.showstart.com/event/308238,,¥100起,演出/Livehouse,上海市,上海,秀动网
NewNoise呈现｜WE LOST THE SEA 2026 上海专场,,2026-09-16 20:30,,,上海,https://www.showstart.com/event/301681,,¥180起,演出/Livehouse,上海市,上海,秀动网
【JZ Club】Dmitry Strelianny Quartet [德米特里四重奏·热力金曲夜] Only hot hits from Dmitry and friend!,,2026-09-16 21:30,,,德米特里四重奏·热力金曲夜,https://www.showstart.com/event/309738,,¥1,演出/Livehouse,上海市,上海,秀动网
【JZ Club】秋澜叙晚｜原创与爵士标准曲之夜,,2026-09-17 19:30,,,上海,https://www.showstart.com/event/309841,,¥168,演出/Livehouse,上海市,上海,秀动网
YYT Channel.34：独立流行夜 Indie Pop Night,,2026-09-17 20:00,,,上海,https://www.showstart.com/event/309361,,¥58,演出/Livehouse,上海市,上海,秀动网
【99元畅饮】WOMEN WHO ROCK 摇滚女王 | 巅峰女声摇滚金曲演唱会,,2026-09-17 20:30,,,上海,https://www.showstart.com/event/308829,,¥100起,演出/Livehouse,上海市,上海,秀动网
【JZ Club】Cotton Blues,,2026-09-17 21:30,,,上海,https://www.showstart.com/event/309740,,¥1,演出/Livehouse,上海市,上海,秀动网
《Illusion Show世界幻象盛宴》Julius Frack｜欧洲殿堂级幻象大师,,2026-09-18 19:00,,,上海,https://www.showstart.com/event/308885,,¥150起,演出/Livehouse,上海市,上海,秀动网
【JZ Club】Oleg Roschin Originals,,2026-09-18 19:00,,,上海,https://www.showstart.com/event/309844,,¥168,演出/Livehouse,上海市,上海,秀动网
音乐剧《快乐即逝》,,2026-09-18 19:30,,,上海,https://www.showstart.com/event/300642,,¥280起,演出/Livehouse,上海市,上海,秀动网
话剧《长远勿见》,,2026-09-18 19:30,,,上海,https://www.showstart.com/event/302008,,¥280起,演出/Livehouse,上海市,上海,秀动网
话剧《寻她芳踪 · 张爱玲》-上海站,,2026-09-18 19:30,,,上海,https://www.showstart.com/event/306750,,¥98起,演出/Livehouse,上海市,上海,秀动网
《火箭》Fusées（法国）,,2026-09-18 19:30,,,上海,https://www.showstart.com/event/305499,,¥180起,演出/Livehouse,上海市,上海,秀动网
神抵-X乐队《时光海》新专辑同名巡演,,2026-09-18 20:00,,,上海,https://www.showstart.com/event/308882,,¥58起,演出/Livehouse,上海市,上海,秀动网
"Unknown Art 呈现｜Heretoir & Unreqvited 2026 双专场巡回, 后黑自赏黑名团-上海站",,2026-09-18 20:00,,,上海,https://www.showstart.com/event/307721,,¥200起,演出/Livehouse,上海市,上海,秀动网
“摩登声场—雍福氛围音乐花园雅集” | 于淼 yumiao+个人专场演出启幕,,2026-09-18 20:00,,,上海,https://www.showstart.com/event/310022,,¥98起,演出/Livehouse,上海市,上海,秀动网
NIGHTWAVE ft. DOBE (德国),,2026-09-18 21:00,,,上海,https://www.showstart.com/event/310107,,¥108起,演出/Livehouse,上海市,上海,秀动网
《摇滚巨兽致敬》 Tribute to Led Zeppelin &AC/DC,,2026-09-18 21:30,,,上海,https://www.showstart.com/event/309009,,¥150起,演出/Livehouse,上海市,上海,秀动网
【JZ Club】节奏拳击手,,2026-09-18 22:00,,,上海,https://www.showstart.com/event/309847,,¥198,演出/Livehouse,上海市,上海,秀动网
沉浸式互动亲子科学剧《数学秀》,,2026-09-19 10:30,,,上海,https://www.showstart.com/event/305375,,¥80起,演出/Livehouse,上海市,上海,秀动网
RagnaROCK！SHANGHAI,,2026-09-19 12:00,,,上海,https://www.showstart.com/event/309051,,¥125起,演出/Livehouse,上海市,上海,秀动网
Nyx乐队「千鳞逐云 · 中秋」昼 不插电专场演出,,2026-09-19 13:30,,,上海,https://www.showstart.com/event/306137,,¥88起,演出/Livehouse,上海市,上海,秀动网
绮丽偶像日mini Vol.182,,2026-09-19 14:00,,,上海,https://www.showstart.com/event/310380,,¥25起,演出/Livehouse,上海市,上海,秀动网
【大乐】《卡农Canon in D》世界经典作品视听音乐会,,2026-09-19 14:30,,,上海,https://www.showstart.com/event/304051,,¥50起,演出/Livehouse,上海市,上海,秀动网
水光下的微醺月光」上海站（鲸鱼汽水×恋音契约×夜色特调 三团联合演出）,,2026-09-19 18:00,,,上海,https://www.showstart.com/event/309076,,¥0.01起,演出/Livehouse,上海市,上海,秀动网
Nyx乐队「千鳞逐云 · 中秋」夜 专场演出,,2026-09-19 18:30,,,上海,https://www.showstart.com/event/306138,,¥88起,演出/Livehouse,上海市,上海,秀动网
日落大道沉浸式音乐主题派对秀 Sunset Boulevard: Immersive Music,,2026-09-19 19:00,,,上海,https://www.showstart.com/event/309010,,¥199起,演出/Livehouse,上海市,上海,秀动网
【JZ Club】巴西国宝级吉他大师-托尼奥·霍塔来 吉他二重奏,,2026-09-19 19:00,,,上海,https://www.showstart.com/event/309306,,¥238,演出/Livehouse,上海市,上海,秀动网
《无人生还》 （又译：一个都不留）,,2026-09-19 19:15,,,上海,https://www.showstart.com/event/308726,,¥80起,演出/Livehouse,上海市,上海,秀动网
当戏曲遇到古典·多媒体跨界音乐剧场《见字如面》,,2026-09-19 19:15,,,上海,https://www.showstart.com/event/296296,,¥60起,演出/Livehouse,上海市,上海,秀动网
张宇峰领衔主演 原创越剧现代戏《女班》,,2026-09-19 19:30,,,上海,https://www.showstart.com/event/307138,,¥80起,演出/Livehouse,上海市,上海,秀动网
上海·Galen Crew 船长2026睡美人 - 10周年回归巡演,,2026-09-19 19:30,,,上海,https://www.showstart.com/event/299657,,¥280起,演出/Livehouse,上海市,上海,秀动网
h3R3刘清云2026“回响”巡演·上海站,,2026-09-19 19:30,,,上海,https://www.showstart.com/event/306893,,¥259起,演出/Livehouse,上海市,上海,秀动网
Reflection·徐丽东个人音乐会,,2026-09-19 19:30,,,上海,https://www.showstart.com/event/302095,,¥180起,演出/Livehouse,上海市,上海,秀动网
ksovii「去哪儿」2026巡演上海站,,2026-09-19 19:30,,,上海,https://www.showstart.com/event/308230,,¥149起,演出/Livehouse,上海市,上海,秀动网
魔都限定“甜” 治愈不开心 ——黄小明甜愈脱口秀,,2026-09-19 19:30,,,上海,https://www.showstart.com/event/307398,,¥120起,演出/Livehouse,上海市,上海,秀动网
阿克江《敏感天赋》新专辑巡演·上海站,,2026-09-19 20:00,,,上海,https://www.showstart.com/event/308748,,¥168起,演出/Livehouse,上海市,上海,秀动网
【09.19上海】下班了班金润一鸠鸠Jiojio&Fimoo2026盲盒巡演,,2026-09-19 20:00,,,上海,https://www.showstart.com/event/306967,,¥69起,演出/Livehouse,上海市,上海,秀动网
SoundVibe呈现｜澳洲前卫金属双贝斯乐队The Omnific《低频共振》上海站,,2026-09-19 20:00,,,上海,https://www.showstart.com/event/299659,,¥280起,演出/Livehouse,上海市,上海,秀动网
不可撤销「嫁给我」十年之约2026巡演 上海站,,2026-09-19 20:00,,,上海,https://www.showstart.com/event/305808,,¥108起,演出/Livehouse,上海市,上海,秀动网
Noumena乐队2026“地海边缘”巡演 上海站,,2026-09-19 20:00,,,上海,https://www.showstart.com/event/302719,,¥168起,演出/Livehouse,上海市,上海,秀动网
掂过碌蔗-yamy2026巡演上海站,,2026-09-19 20:00,,,上海,https://www.showstart.com/event/309325,,¥199起,演出/Livehouse,上海市,上海,秀动网
终极联盟：梦龙乐队&coldplay乐队致敬专题之夜,,2026-09-19 21:30,,,上海,https://www.showstart.com/event/308239,,¥150起,演出/Livehouse,上海市,上海,秀动网
【JZ Club】SHANGHAI FUNK UNIT,,2026-09-19 22:00,,,上海,https://www.showstart.com/event/309858,,¥198,演出/Livehouse,上海市,上海,秀动网
中国农业银行—“农”情相伴，“益”路同行 市民公益场 王者战歌游戏主题视听音乐会,,2026-09-20 14:00,,,上海,https://www.showstart.com/event/305997,,¥30起,演出/Livehouse,上海市,上海,秀动网
绮丽偶像日mini Vol.183,,2026-09-20 16:00,,,上海,https://www.showstart.com/event/310385,,¥25起,演出/Livehouse,上海市,上海,秀动网
天后驾到·合家欢演唱会 DIVAS LIVE – FAMILY FRIENDLY CONCERT,,2026-09-20 17:00,,,上海,https://www.showstart.com/event/309995,,¥60起,演出/Livehouse,上海市,上海,秀动网
斯丹曼簇「鲜花与牛粪」新专辑试听会-上海站,,2026-09-20 19:30,,,上海,https://www.showstart.com/event/308852,,¥138起,演出/Livehouse,上海市,上海,秀动网
Trace Bundy 2004-2026黄金时代《Adapt》指弹吉他音乐会 上海站,,2026-09-20 19:30,,,上海,https://www.showstart.com/event/297913,,¥180起,演出/Livehouse,上海市,上海,秀动网
南京东路店脱口秀周一至周日｜综艺卡司｜吐槽爆笑大会｜开心互动｜【大笑喜剧】即兴之夜精品秀,,2026-09-20 19:30,,,上海,https://www.showstart.com/event/310167,,¥65起,演出/Livehouse,上海市,上海,秀动网
波兰emo/盯鞋乐队 Eli’s Ladder 巡演上海站,,2026-09-20 20:00,,,上海,https://www.showstart.com/event/305271,,¥168起,演出/Livehouse,上海市,上海,秀动网
「义无反顾」逍遥骑士2026巡演 上海站,,2026-09-20 20:00,,,上海,https://www.showstart.com/event/308784,,¥80起,演出/Livehouse,上海市,上海,秀动网
芬兰国宝级史诗民谣金属传奇 AMORPHIS 2026巡演上海站,,2026-09-20 20:00,,,上海,https://www.showstart.com/event/300097,,¥320起,演出/Livehouse,上海市,上海,秀动网
【JZ Club】Artemi Gypsy Jazz Quintet,,2026-09-20 21:30,,,上海,https://www.showstart.com/event/309864,,¥168,演出/Livehouse,上海市,上海,秀动网
【免票】【JZ Club】周一，爵仕猫派对Monday’s jazz cat party,,2026-09-21 21:30,,,上海,https://www.showstart.com/event/309970,,¥1,演出/Livehouse,上海市,上海,秀动网
Unknown Art 呈现 |  EPICA 荷兰交响金属乐大团，“秘境维度” 亚洲巡演 上海站,,2026-09-22 18:00,,,上海,https://www.showstart.com/event/276709,,¥380起,演出/Livehouse,上海市,上海,秀动网
「一切变得很微妙」沙漠乐队新专辑全国巡演上海站,,2026-09-22 20:00,,,上海,https://www.showstart.com/event/309796,,¥69起,演出/Livehouse,上海市,上海,秀动网
The Vaccines 2026 Anniversary Tour 上海站,,2026-09-22 20:00,,,上海,https://www.showstart.com/event/305931,,¥328起,演出/Livehouse,上海市,上海,秀动网
【JZ Club】Mino Lanzieri “20 Years of Strings” 世界巡演,,2026-09-22 20:30,,,上海,https://www.showstart.com/event/310352,,¥128,演出/Livehouse,上海市,上海,秀动网
开心麻花王牌喜剧《乌龙山伯爵》,,2026-09-23 19:30,,,上海,https://www.showstart.com/event/309643,,¥80起,演出/Livehouse,上海市,上海,秀动网
【上海】外滩首部爆笑沉浸式《画画的卑鄙》之画画的baby｜悬疑惊悚｜热销爆款,,2026-09-23 19:30,,,上海,https://www.showstart.com/event/308421,,¥199起,演出/Livehouse,上海市,上海,秀动网
The Kovenant 2026上海站丨挪威全明星前卫交响黑暗金属名团,,2026-09-23 20:00,,,上海,https://www.showstart.com/event/298097,,¥259起,演出/Livehouse,上海市,上海,秀动网
【99元畅饮】90s ALT ROCK Concert 90年代独立颓废摇滚之夜,,2026-09-23 20:30,,,上海,https://www.showstart.com/event/308240,,¥100起,演出/Livehouse,上海市,上海,秀动网
Einstürzende Neubauten 倒塌的建筑物 2026上海专场,,2026-09-23 20:30,,,上海,https://www.showstart.com/event/306680,,¥360起,演出/Livehouse,上海市,上海,秀动网
【JZ Club】法国即兴融合爵士组合 MONTAGNE SAUVAGE,,2026-09-23 21:00,,,上海,https://www.showstart.com/event/307525,,¥198,演出/Livehouse,上海市,上海,秀动网
只是一场简单对话—上海站,,2026-09-24 19:00,,,上海,https://www.showstart.com/event/305746,,¥149起,演出/Livehouse,上海市,上海,秀动网
【JZ Club】Bop Drop,,2026-09-24 19:00,,,上海,https://www.showstart.com/event/310374,,¥168,演出/Livehouse,上海市,上海,秀动网
越剧《何文秀》,,2026-09-24 19:30,,,上海,https://www.showstart.com/event/302221,,¥80起,演出/Livehouse,上海市,上海,秀动网
【大乐】《如愿》红色主题典藏作品音乐会,,2026-09-24 19:30,,,上海,https://www.showstart.com/event/307317,,¥70起,演出/Livehouse,上海市,上海,秀动网
法语音乐剧明星集锦音乐会,,2026-09-24 19:30,,,上海,https://www.showstart.com/event/308700,,¥480起,演出/Livehouse,上海市,上海,秀动网
非常林奕华&当然有戏制作 音乐剧《有一天我和祝英台去美术馆》2.0,,2026-09-24 19:30,,,上海,https://www.showstart.com/event/305213,,¥180起,演出/Livehouse,上海市,上海,秀动网
西班牙 “新弗拉明戈” 传奇Jorge Pardo领衔｜爵世融合五重奏,,2026-09-24 19:30,,,上海,https://www.showstart.com/event/308674,,¥158起,演出/Livehouse,上海市,上海,秀动网
JamesAlyn（HYBS）&Pami徐嘉琳联合巡演上海站,,2026-09-24 20:00,,,上海,https://www.showstart.com/event/302306,,¥198起,演出/Livehouse,上海市,上海,秀动网
LANY: soft world tour 上海站,,2026-09-24 20:00,,,上海,https://www.showstart.com/event/296610,,¥580起,演出/Livehouse,上海市,上海,秀动网
上海·Beast in Black 2026巡演上海站,,2026-09-24 20:00,,,上海,https://www.showstart.com/event/302096,,¥280起,演出/Livehouse,上海市,上海,秀动网
人气钢琴唱作人DAKOOKA巡演 上海站,,2026-09-24 20:00,,,上海,https://www.showstart.com/event/308084,,¥180起,演出/Livehouse,上海市,上海,秀动网
POP QUEEN FEMALE ANTHEM CONCERT流行天后金曲致敬音乐会,,2026-09-24 20:30,,,上海,https://www.showstart.com/event/308620,,¥150起,演出/Livehouse,上海市,上海,秀动网
友谊唱片亚洲回响系列 | 印尼Indie Pop名团MOCCA首次巡演 上海站,,2026-09-24 20:30,,,上海,https://www.showstart.com/event/309075,,¥188起,演出/Livehouse,上海市,上海,秀动网
【JZ Club】Man On Fire & The Soul Soldiers,,2026-09-24 22:00,,,上海,https://www.showstart.com/event/310375,,¥198,演出/Livehouse,上海市,上海,秀动网
儿童剧场《遇见蒙德里安》,,2026-09-25 10:00,,,上海,https://www.showstart.com/event/306747,,¥70起,演出/Livehouse,上海市,上海,秀动网
没有主题的专场——周然脱口秀专场,,2026-09-25 14:00,,,上海,https://www.showstart.com/event/304008,,¥180起,演出/Livehouse,上海市,上海,秀动网
深圳原创跨界融合新粤剧《决战之燎原》,,2026-09-25 14:30,,,上海,https://www.showstart.com/event/302696,,¥100起,演出/Livehouse,上海市,上海,秀动网
中国建设银行嘉定支行艺术普及 善建者行·月月有戏百年剧团非遗国粹皮影戏《大闹天宫》,,2026-09-25 15:00,,,上海,https://www.showstart.com/event/308022,,¥80起,演出/Livehouse,上海市,上海,秀动网
09月25日 WINDMAX 2026 Fan-CON in SHANGHAI 中秋特别场,,2026-09-25 16:30,,,上海,https://www.showstart.com/event/309732,,¥188起,演出/Livehouse,上海市,上海,秀动网
【秀动呈献】第八届梦幻自赏音乐节 上海站,,2026-09-25 18:00,,,上海,https://www.showstart.com/event/305393,,¥198起,演出/Livehouse,上海市,上海,秀动网
滑稽舞台剧《72国房客》,,2026-09-25 19:00,,,上海,https://www.showstart.com/event/302340,,¥80起,演出/Livehouse,上海市,上海,秀动网
何赛飞、赵文瑄、徐俐领衔话剧央华版《日出》,,2026-09-25 19:30,,,上海,https://www.showstart.com/event/303302,,¥180起,演出/Livehouse,上海市,上海,秀动网
许杨玉琢「好想玉见你」2026生日会,,2026-09-25 19:30,,,上海,https://www.showstart.com/event/308962,,¥158起,演出/Livehouse,上海市,上海,秀动网
越剧《玉蜻蜓》,,2026-09-25 19:30,,,上海,https://www.showstart.com/event/302223,,¥80起,演出/Livehouse,上海市,上海,秀动网
2026不显名巡演第二轮｜上海站,,2026-09-25 20:00,,,上海,https://www.showstart.com/event/307873,,¥19.90,演出/Livehouse,上海市,上海,秀动网
Crispy脆乐团「相遇就是说了100次我爱你」2026巡回演出 上海站,,2026-09-25 20:00,,,上海,https://www.showstart.com/event/306435,,¥199起,演出/Livehouse,上海市,上海,秀动网
2026那奇沃夫“Number One Boy”Tour 上海站,,2026-09-25 20:00,,,上海,https://www.showstart.com/event/308498,,¥268起,演出/Livehouse,上海市,上海,秀动网
纣王老胡&边无才「细嚼慢咽 」巡演 上海站,,2026-09-25 20:00,,,上海,https://www.showstart.com/event/300476,,¥88起,演出/Livehouse,上海市,上海,秀动网
Sunnee杨芸晴「该考虑考虑了」生日专场,,2026-09-25 20:00,,,上海,https://www.showstart.com/event/308424,,¥328起,演出/Livehouse,上海市,上海,秀动网
Alex Banks+吴卓玲 视听一体特别专场 上海站,,2026-09-25 20:30,,,上海,https://www.showstart.com/event/307817,,¥168起,演出/Livehouse,上海市,上海,秀动网
MICHAEL JACKSON TRIBUTE 致敬迈克尔 · 杰克逊音乐会,,2026-09-25 20:30,,,上海,https://www.showstart.com/event/308886,,¥168起,演出/Livehouse,上海市,上海,秀动网
「走良月」耳扑·专题现场 第二辑,,2026-09-25 21:00,,,上海,https://www.showstart.com/event/308558,,¥150起,演出/Livehouse,上海市,上海,秀动网
【JZ Club】The Collective,,2026-09-25 22:00,,,上海,https://www.showstart.com/event/310379,,¥198,演出/Livehouse,上海市,上海,秀动网
2026 XIUMIN UTOPIA：SHANGHAI,,2026-09-26 13:00,,,上海,https://www.showstart.com/event/309128,,¥880起,演出/Livehouse,上海市,上海,秀动网
上海·上海外滩脱口秀｜喜剧部落精品场｜外滩网红打卡｜周一到周日每天4场｜场场爆满｜轻松解压,,2026-09-26 16:00,,,上海,https://www.showstart.com/event/308686,,¥69起,演出/Livehouse,上海市,上海,秀动网
与安达Live漫游 安达组合2026巡演（上海站）,,2026-09-26 19:00,,,上海,https://www.showstart.com/event/309680,,¥218起,演出/Livehouse,上海市,上海,秀动网
易嘉爱「GIFT」个人音乐会最终场·上海站,,2026-09-26 19:30,,,上海,https://www.showstart.com/event/308276,,¥188起,演出/Livehouse,上海市,上海,秀动网
王朝1982【东海听潮】2026巡回演唱会-上海站,,2026-09-26 19:30,,,上海,https://www.showstart.com/event/306256,,¥199起,演出/Livehouse,上海市,上海,秀动网
于贞2026「邀请函」巡演上海站,,2026-09-26 19:30,,,上海,https://www.showstart.com/event/305342,,¥269起,演出/Livehouse,上海市,上海,秀动网
民国女子奇案·原创音乐剧《旧讼》,,2026-09-26 19:30,,,上海,https://www.showstart.com/event/304006,,¥199起,演出/Livehouse,上海市,上海,秀动网
【中秋特辑】 拜月·爵士评弹系列｜深度融合 Neo Fusion,,2026-09-26 19:30,,,上海,https://www.showstart.com/event/306573,,¥158起,演出/Livehouse,上海市,上海,秀动网
上海•自得琴社「琴为何物」朝代系列收官篇《战汉•启元》,,2026-09-26 19:30,,,上海,https://www.showstart.com/event/299268,,¥280起,演出/Livehouse,上海市,上海,秀动网
《好吗你们》Matzka玛斯卡双城专场演唱会 上海站,,2026-09-26 20:00,,,上海,https://www.showstart.com/event/308807,,¥188起,演出/Livehouse,上海市,上海,秀动网
月相 LUNAR PHASE,,2026-09-26 20:00,,,上海,https://www.showstart.com/event/310157,,¥88,演出/Livehouse,上海市,上海,秀动网
Quinn葵因「乍醒时」2026专场-上海站,,2026-09-26 20:00,,,上海,https://www.showstart.com/event/305703,,¥258,演出/Livehouse,上海市,上海,秀动网
早西「不必寒暄」上海专场,,2026-09-26 20:00,,,上海,https://www.showstart.com/event/307605,,¥100起,演出/Livehouse,上海市,上海,秀动网
三火【FLAME】个人巡演上海站 嘉宾：小酷 贰代  PSY.P,,2026-09-26 20:00,,,上海,https://www.showstart.com/event/309333,,¥168起,演出/Livehouse,上海市,上海,秀动网
Britney Spears Tribute 布兰妮致敬演唱会：妮裳神话 再现天后流行风暴,,2026-09-26 20:30,,,上海,https://www.showstart.com/event/308621,,¥150起,演出/Livehouse,上海市,上海,秀动网
2026 CHEN THE SCENE：SHANGHAI,,2026-09-27 13:00,,,上海,https://www.showstart.com/event/309125,,¥880起,演出/Livehouse,上海市,上海,秀动网
话剧《无名之城》,,2026-09-27 14:00,,,上海,https://www.showstart.com/event/303569,,¥180起,演出/Livehouse,上海市,上海,秀动网
中小学音乐素养之课本音乐会 《民族音乐最炫风》,,2026-09-27 14:30,,,上海,https://www.showstart.com/event/303231,,¥60起,演出/Livehouse,上海市,上海,秀动网
The British Invasion & Beatles 披头士与英伦摇滚狂潮 致敬联盟 【家庭场】,,2026-09-27 17:00,,,上海,https://www.showstart.com/event/308622,,¥60起,演出/Livehouse,上海市,上海,秀动网
【JZ Club】Monk and Jobim : Great Composers,,2026-09-27 19:00,,,上海,https://www.showstart.com/event/310383,,¥168,演出/Livehouse,上海市,上海,秀动网
巴里·道格拉斯与爱尔兰室内乐团音乐会,,2026-09-27 19:30,,,上海,https://www.showstart.com/event/305511,,¥80起,演出/Livehouse,上海市,上海,秀动网
The Cribs 2026巡演 上海站,,2026-09-27 20:00,,,上海,https://www.showstart.com/event/307538,,¥278起,演出/Livehouse,上海市,上海,秀动网
Unknown Art 呈现｜Katatonia 2026 首次来华，瑞典忧郁暗色摇滚，另类金属传奇乐团 上海站,,2026-09-27 20:00,,,上海,https://www.showstart.com/event/310094,,¥280起,演出/Livehouse,上海市,上海,秀动网
向Buddy Guy致敬，祝90岁生日快乐，今年度最让我们激动的一场致敬演出,,2026-09-27 21:30,,,上海,https://www.showstart.com/event/310073,,¥60,演出/Livehouse,上海市,上海,秀动网
【JZ Club】黄金粥！,,2026-09-27 21:30,,,上海,https://www.showstart.com/event/309974,,¥1,演出/Livehouse,上海市,上海,秀动网
【免票】【JZ Club】周一，爵仕猫派对Monday’s jazz cat party,,2026-09-28 20:30,,,上海,https://www.showstart.com/event/309972,,¥1,演出/Livehouse,上海市,上海,秀动网
上海·梅花奖得主赵志刚·尹派经典越剧《何文秀》,,2026-09-29 19:00,,,上海,https://www.showstart.com/event/303711,,¥80起,演出/Livehouse,上海市,上海,秀动网
舞台剧《诺曼底公寓》,,2026-09-29 19:30,,,上海,https://www.showstart.com/event/305526,,¥180起,演出/Livehouse,上海市,上海,秀动网
《城市之音》迎国庆大型音乐会,,2026-09-29 19:30,,,上海,https://www.showstart.com/event/308723,,¥80起,演出/Livehouse,上海市,上海,秀动网
原版音乐剧《剧院魅影》四十周年上海告别季,,2026-09-29 19:30,,,上海,https://www.showstart.com/event/297599,,¥280起,演出/Livehouse,上海市,上海,秀动网
Belle and Sebastian 30周年 上海专场,,2026-09-29 20:00,,,上海,https://www.showstart.com/event/304770,,¥388起,演出/Livehouse,上海市,上海,秀动网
上海·梅花奖得主赵志刚·古典梦幻传奇越剧《蝶海情》,,2026-09-30 19:00,,,上海,https://www.showstart.com/event/303712,,¥80起,演出/Livehouse,上海市,上海,秀动网
英国BBC正版授权亲子互动舞台剧《布鲁伊的大宝藏》,,2026-09-30 19:30,,,上海,https://www.showstart.com/event/310175,,¥100起,演出/Livehouse,上海市,上海,秀动网
相期，埋藏于其间——中美后摇合辑发行巡演上海站,,2026-09-30 20:00,,,上海,https://www.showstart.com/event/308251,,¥138起,演出/Livehouse,上海市,上海,秀动网
【重返狂野年代·80年代华丽金属夜——致敬枪花乐队】,,2026-09-30 20:30,,,上海,https://www.showstart.com/event/309996,,¥150起,演出/Livehouse,上海市,上海,秀动网
致敬Disco女王 - Donna Summer，Sandra 领衔 Chair Allstar Band 连续2场,,2026-09-30 22:00,,,上海,https://www.showstart.com/event/309961,,¥68起,演出/Livehouse,上海市,上海,秀动网
上海·第20届WACGW&拉娜星&魔都理想乡动漫游戏博览会—”双倍场地面积“【上海漫展】,,2026-10-01 10:00,,,上海,https://www.showstart.com/event/300612,,¥68起,演出/Livehouse,上海市,上海,秀动网
《梁祝 · 黄河 · 鸿雁》 东方传世名曲与影视金曲音乐会,,2026-10-01 15:00,,,上海,https://www.showstart.com/event/308026,,¥180起,演出/Livehouse,上海市,上海,秀动网
“兰情冉冉”张冉昆曲艺术系列演出第六季-全国巡演上海站昆剧《牡丹亭》,,2026-10-01 19:15,,,上海,https://www.showstart.com/event/304536,,¥80起,演出/Livehouse,上海市,上海,秀动网
马伯庸现象级IP改编话剧《长安的荔枝》,,2026-10-01 19:30,,,上海,https://www.showstart.com/event/303713,,¥80起,演出/Livehouse,上海市,上海,秀动网
致敬英国摇滚传奇殿堂 皇后乐队之夜THE BRITISH INVASION: QUEEN NIGHT,,2026-10-01 20:30,,,上海,https://www.showstart.com/event/310015,,¥150起,演出/Livehouse,上海市,上海,秀动网
2026 BAEKHYUN LAND：SHANGHAI,,2026-10-02 13:00,,,上海,https://www.showstart.com/event/310111,,¥1080起,演出/Livehouse,上海市,上海,秀动网
帆布小镇今夜无法入眠Ⅱ特别专场-上海站,,2026-10-02 20:00,,,上海,https://www.showstart.com/event/306729,,¥99起,演出/Livehouse,上海市,上海,秀动网
【抉择呈现】交响死核天团 LORNA SHORE 2026年上海专场,,2026-10-02 20:00,,,上海,https://www.showstart.com/event/301330,,¥580起,演出/Livehouse,上海市,上海,秀动网
IMAGINE DRAGONS&2000sPOP 「梦龙乐队 & 千禧流行天团」致敬演唱会,,2026-10-02 20:30,,,上海,https://www.showstart.com/event/310016,,¥150起,演出/Livehouse,上海市,上海,秀动网
泠鸢yousa「羁绊环游线」2026个人演唱会——上海站,,2026-10-03 19:00,,,上海,https://www.showstart.com/event/308982,,¥280起,演出/Livehouse,上海市,上海,秀动网
「复刻回忆」Pianoboy高至豪流行钢琴音乐会 上海站,,2026-10-03 19:15,,,上海,https://www.showstart.com/event/298447,,¥180起,演出/Livehouse,上海市,上海,秀动网
NEEVE 2026 秋季巡演「Am I on your mind?」上海站,,2026-10-03 20:00,,,上海,https://www.showstart.com/event/309954,,¥218起,演出/Livehouse,上海市,上海,秀动网
《向阳》夏阳生日音乐会,,2026-10-03 20:00,,,上海,https://www.showstart.com/event/309910,,¥280起,演出/Livehouse,上海市,上海,秀动网
[宇宙浪漫超强音] COLDPLAY 酷玩乐队致敬音乐会,,2026-10-03 20:30,,,宇宙浪漫超强音,https://www.showstart.com/event/310017,,¥150起,演出/Livehouse,上海市,上海,秀动网
新 · 国风舞剧《翎衣》,,2026-10-04 19:30,,,上海,https://www.showstart.com/event/304003,,¥100起,演出/Livehouse,上海市,上海,秀动网
滑稽舞台剧《72国房客》,,2026-10-04 19:30,,,上海,https://www.showstart.com/event/305616,,¥180起,演出/Livehouse,上海市,上海,秀动网
老舍经典话剧《骆驼祥子》,,2026-10-04 19:30,,,上海,https://www.showstart.com/event/303515,,¥180起,演出/Livehouse,上海市,上海,秀动网
《声名远扬》华语榜中榜金曲演唱会,,2026-10-04 19:30,,,上海,https://www.showstart.com/event/304586,,¥50起,演出/Livehouse,上海市,上海,秀动网
致敬传奇·光辉岁月--纪念 beyond 经典金曲演唱会,,2026-10-04 19:30,,,上海,https://www.showstart.com/event/309208,,¥80起,演出/Livehouse,上海市,上海,秀动网
怪兽计划乐队『隔在你我之间的那片海』2026巡演 上海站,,2026-10-04 20:00,,,上海,https://www.showstart.com/event/307836,,¥70起,演出/Livehouse,上海市,上海,秀动网
澳大利亚INFP系梦幻治愈组合DREAM TUNES巡演 上海站,,2026-10-04 20:00,,,上海,https://www.showstart.com/event/309692,,¥180起,演出/Livehouse,上海市,上海,秀动网
张黎2026「欢迎光临」巡演上海站,,2026-10-04 20:00,,,上海,https://www.showstart.com/event/310084,,¥9.90起,演出/Livehouse,上海市,上海,秀动网
LINKIN PARK 林肯公园&新金属 摇滚致敬音乐会,,2026-10-04 20:30,,,上海,https://www.showstart.com/event/310018,,¥150起,演出/Livehouse,上海市,上海,秀动网
闪千手呈现｜YĪN YĪN 2026新专辑巡演  上海,,2026-10-04 20:30,,,上海,https://www.showstart.com/event/300741,,¥220起,演出/Livehouse,上海市,上海,秀动网
RagnaRock X SHANGHAI,,2026-10-05 12:00,,,上海,https://www.showstart.com/event/310326,,¥125起,演出/Livehouse,上海市,上海,秀动网
卦者灵风《东方巴黎》-巡回个人演唱会-上海站,,2026-10-05 19:30,,,上海,https://www.showstart.com/event/309060,,¥188起,演出/Livehouse,上海市,上海,秀动网
潘美辰[回家2.0用心爱你]2026演唱会·上海站,,2026-10-05 19:30,,,回家2.0用心爱你,https://www.showstart.com/event/304588,,¥380起,演出/Livehouse,上海市,上海,秀动网
JORDANN「SOUND THERAPY」2026秋季巡演 上海站,,2026-10-05 19:30,,,上海,https://www.showstart.com/event/309261,,¥220起,演出/Livehouse,上海市,上海,秀动网
drogas巡演上海站,,2026-10-05 20:00,,,上海,https://www.showstart.com/event/310395,,¥168起,演出/Livehouse,上海市,上海,秀动网
New Noise呈现｜PREP 2026双城巡演 上海站,,2026-10-05 20:30,,,上海,https://www.showstart.com/event/304465,,¥260,演出/Livehouse,上海市,上海,秀动网
Long Arm x 猫泳「Armed Without Weapons 铁血丹心」联合专场,,2026-10-05 20:30,,,上海,https://www.showstart.com/event/309978,,¥100起,演出/Livehouse,上海市,上海,秀动网
排骨教主2026『人生小事』生日会,,2026-10-06 19:00,,,上海,https://www.showstart.com/event/309457,,¥128起,演出/Livehouse,上海市,上海,秀动网
来自奥地利的天籁-维也纳童声合唱团音乐会,,2026-10-06 19:30,,,上海,https://www.showstart.com/event/304638,,¥180起,演出/Livehouse,上海市,上海,秀动网
碎叠2026新专辑【阿南刻】巡演上海专场,,2026-10-06 20:00,,,上海,https://www.showstart.com/event/306343,,¥59起,演出/Livehouse,上海市,上海,秀动网
绯色地平线《赛末点》十周年巡演上海站,,2026-10-07 20:00,,,上海,https://www.showstart.com/event/310292,,¥128起,演出/Livehouse,上海市,上海,秀动网
【声厂呈现】德国电子乐队Brandt Brauer Frick巡演·上海站,,2026-10-07 20:00,,,上海,https://www.showstart.com/event/309379,,¥188起,演出/Livehouse,上海市,上海,秀动网
【声厂呈现】英国爵士诗人Alabaster DePlume巡演·上海站,,2026-10-07 20:00,,,上海,https://www.showstart.com/event/309394,,¥188起,演出/Livehouse,上海市,上海,秀动网
【声厂呈现】瑞士器乐三重奏Schnellertollermeier巡演·上海站,,2026-10-07 20:00,,,上海,https://www.showstart.com/event/309398,,¥158起,演出/Livehouse,上海市,上海,秀动网
单人话剧《夜晚的潜水艇》,,2026-10-08 19:30,,,上海,https://www.showstart.com/event/302011,,¥180起,演出/Livehouse,上海市,上海,秀动网
2026「此刻正好」脱拉库巡演-上海站,,2026-10-09 20:00,,,上海,https://www.showstart.com/event/307024,,¥135起,演出/Livehouse,上海市,上海,秀动网
独脚戏《石库门的笑声》,,2026-10-10 19:15,,,上海,https://www.showstart.com/event/307820,,¥180起,演出/Livehouse,上海市,上海,秀动网
宁峰与德国波茨坦室内乐团演绎莫扎特全套小提琴协奏曲,,2026-10-10 19:30,,,上海,https://www.showstart.com/event/303773,,¥180起,演出/Livehouse,上海市,上海,秀动网
德累斯顿童声合唱团音乐会,,2026-10-10 19:30,,,上海,https://www.showstart.com/event/309931,,¥80起,演出/Livehouse,上海市,上海,秀动网
英国BBC正版授权亲子互动舞台剧《布鲁伊的大宝藏》,,2026-10-10 19:30,,,上海,https://www.showstart.com/event/304657,,¥100起,演出/Livehouse,上海市,上海,秀动网
Jake Miller「The Spark Tour」-上海站,,2026-10-10 20:00,,,上海,https://www.showstart.com/event/304744,,¥298起,演出/Livehouse,上海市,上海,秀动网
宫阁「三生万物」3030 LIVE 巡演上海站,,2026-10-10 20:00,,,上海,https://www.showstart.com/event/307753,,¥188起,演出/Livehouse,上海市,上海,秀动网
Max李玄“星际漫游”2026巡演上海站,,2026-10-10 20:00,,,上海,https://www.showstart.com/event/310301,,¥188起,演出/Livehouse,上海市,上海,秀动网
黄之仪Kyra Zilver「冷都女」Tour 2026 上海站,,2026-10-10 20:00,,,上海,https://www.showstart.com/event/309790,,¥128起,演出/Livehouse,上海市,上海,秀动网
中小学音乐素养之课本音乐会 《你好，打击乐》,,2026-10-11 14:30,,,上海,https://www.showstart.com/event/303232,,¥60起,演出/Livehouse,上海市,上海,秀动网
女高音安娜·奈瑞贝科音乐会,,2026-10-13 19:30,,,上海,https://www.showstart.com/event/305460,,¥280起,演出/Livehouse,上海市,上海,秀动网
Tigran Hamasyan- Manifeste 中国巡演上海站,,2026-10-14 20:00,,,上海,https://www.showstart.com/event/309883,,¥280起,演出/Livehouse,上海市,上海,秀动网
音乐剧《卡拉马佐夫兄弟》中文版 Musical The Brothers Karamazov,,2026-10-15 19:30,,,上海,https://www.showstart.com/event/305793,,¥80起,演出/Livehouse,上海市,上海,秀动网
《国乐新语—珠海民族管弦乐团融合音乐会》,,2026-10-15 19:30,,,上海,https://www.showstart.com/event/308465,,¥80起,演出/Livehouse,上海市,上海,秀动网
Bôa 巡演 2026 上海站,,2026-10-15 20:00,,,上海,https://www.showstart.com/event/297588,,¥280起,演出/Livehouse,上海市,上海,秀动网
Paradise Lost失乐园 2026上海站,,2026-10-15 20:00,,,上海,https://www.showstart.com/event/298848,,¥338起,演出/Livehouse,上海市,上海,秀动网
Saigon Soul Revival 2026秋季巡演上海站,,2026-10-15 20:00,,,上海,https://www.showstart.com/event/308425,,¥168起,演出/Livehouse,上海市,上海,秀动网
“第二十五届中国上海国际艺术节参演剧目”李诚儒、黄宏领衔全明星喜剧《钦差大臣》10月首登美琪大戏院,,2026-10-16 19:30,,,上海,https://www.showstart.com/event/302841,,¥180起,演出/Livehouse,上海市,上海,秀动网
HIFI女王孙露出道20周年·漂洋过海来看你 巡回演唱会-上海站,,2026-10-16 19:30,,,上海,https://www.showstart.com/event/307173,,¥180起,演出/Livehouse,上海市,上海,秀动网
世界音乐传奇阿努什卡·香卡2026上海音乐会,,2026-10-16 19:30,,,上海,https://www.showstart.com/event/306548,,¥280起,演出/Livehouse,上海市,上海,秀动网
“灵动琴音”克罗地亚小提琴钢琴二重奏,,2026-10-16 19:30,,,上海,https://www.showstart.com/event/305420,,¥80起,演出/Livehouse,上海市,上海,秀动网
原创话剧《大清相国》,,2026-10-16 19:30,,,上海,https://www.showstart.com/event/302009,,¥180起,演出/Livehouse,上海市,上海,秀动网
JinJiBeWater_隼 “自在极意”2026Tour 上海站,,2026-10-16 20:00,,,上海,https://www.showstart.com/event/309624,,¥328起,演出/Livehouse,上海市,上海,秀动网
英国当代灵魂乐之声 Mamas Gun《DIG!》世界巡演 上海站,,2026-10-16 20:00,,,上海,https://www.showstart.com/event/299451,,¥220起,演出/Livehouse,上海市,上海,秀动网
舞剧《大染坊》（免费接驳车）,,2026-10-17 14:30,,,上海,https://www.showstart.com/event/306275,,¥280起,演出/Livehouse,上海市,上海,秀动网
“异常信号” 重型&地偶主题演出,,2026-10-17 17:30,,,上海,https://www.showstart.com/event/306855,,¥78起,演出/Livehouse,上海市,上海,秀动网
器乐巨匠的爵士传奇——詹姆斯·莫里森乐队音乐会,,2026-10-17 19:30,,,上海,https://www.showstart.com/event/308078,,¥162起,演出/Livehouse,上海市,上海,秀动网
【大乐】《星际穿越》 超燃史诗影视大片视听音乐会,,2026-10-17 19:30,,,上海,https://www.showstart.com/event/304052,,¥50起,演出/Livehouse,上海市,上海,秀动网
从贝多芬到爵士乐：梁翰轩圆号与钢琴音乐会,,2026-10-17 19:30,,,上海,https://www.showstart.com/event/308394,,¥50起,演出/Livehouse,上海市,上海,秀动网
斯外戈2026「近地点」巡演上海站,,2026-10-17 19:30,,,上海,https://www.showstart.com/event/307496,,¥258起,演出/Livehouse,上海市,上海,秀动网
Haezee黄玮昕《UNLOCKED》2026限定演唱会,,2026-10-17 19:30,,,上海,https://www.showstart.com/event/306437,,¥168起,演出/Livehouse,上海市,上海,秀动网
迷心乐队「迷你心MinorHeart」梦幻独立之声·新EP巡演|上海站（嘉宾：缪纪君JIJUN MIAO）,,2026-10-17 20:00,,,上海,https://www.showstart.com/event/305530,,¥98起,演出/Livehouse,上海市,上海,秀动网
Peremotka 倒带乐队 2026新专辑巡演 | 飞向尚未命名的地方 上海站,,2026-10-17 20:00,,,上海,https://www.showstart.com/event/308810,,¥178起,演出/Livehouse,上海市,上海,秀动网
叶炫清「爱的拾节课」2026个人巡演 上海站,,2026-10-17 20:00,,,上海,https://www.showstart.com/event/305649,,¥158起,演出/Livehouse,上海市,上海,秀动网
BAND NEW DAY/绊纽带 VOL.1,,2026-10-17 20:00,,,上海,https://www.showstart.com/event/309460,,¥68起,演出/Livehouse,上海市,上海,秀动网
森林中的拉威尔｜Belle Chen World Tour 2026 上海首演,,2026-10-18 19:30,,,上海,https://www.showstart.com/event/308685,,¥26起,演出/Livehouse,上海市,上海,秀动网
王敬轩2026《出神》剧场巡回音乐会——上海站,,2026-10-18 19:30,,,上海,https://www.showstart.com/event/309794,,¥280起,演出/Livehouse,上海市,上海,秀动网
浪漫国风 · 经典名曲精选音乐会《梁祝》,,2026-10-18 19:30,,,上海,https://www.showstart.com/event/309654,,¥100起,演出/Livehouse,上海市,上海,秀动网
莫非定律乐团《私人电影院2：加场放映》巡演 上海站,,2026-10-18 20:00,,,上海,https://www.showstart.com/event/309925,,¥158起,演出/Livehouse,上海市,上海,秀动网
New Noise & Unknown Art 呈现｜從灰燼到光明 2026:AMENRA & Harakiri For The Sky 联合专场,,2026-10-18 20:00,,,上海,https://www.showstart.com/event/306521,,¥260,演出/Livehouse,上海市,上海,秀动网
2026 舞动精灵Groove Coverage出道25周年 上海演唱会,,2026-10-18 20:00,,,上海,https://www.showstart.com/event/292837,,¥180起,演出/Livehouse,上海市,上海,秀动网
图甘·索契耶夫与维也纳爱乐乐团2026上海音乐会,,2026-10-19 19:30,,,上海,https://www.showstart.com/event/300460,,¥880起,演出/Livehouse,上海市,上海,秀动网
北京人民艺术剧院 话剧《哈姆雷特》,,2026-10-21 19:30,,,上海,https://www.showstart.com/event/304533,,¥180起,演出/Livehouse,上海市,上海,秀动网
舞台剧《天才》 The Talent,,2026-10-22 19:30,,,上海,https://www.showstart.com/event/308799,,¥180起,演出/Livehouse,上海市,上海,秀动网
英国经典惊悚剧《黑衣女人》,,2026-10-22 19:30,,,上海,https://www.showstart.com/event/302010,,¥180起,演出/Livehouse,上海市,上海,秀动网
巴西国宝级金属乐团ANGRA金秋首访上海,,2026-10-22 19:30,,,上海,https://www.showstart.com/event/301141,,¥466起,演出/Livehouse,上海市,上海,秀动网
2026外滩音乐嘉年华·SUPER BUND主舞台（单日票）,,2026-10-23 18:00,,,上海,https://www.showstart.com/event/309662,,¥180,演出/Livehouse,上海市,上海,秀动网
EVILDEAD洛杉矶激流金属上海专场,,2026-10-23 19:00,,,上海,https://www.showstart.com/event/305701,,¥280起,演出/Livehouse,上海市,上海,秀动网
常规演出VOL.1 Speak Up!（踊跃发言）上海站,,2026-10-23 19:00,,,上海,https://www.showstart.com/event/309663,,¥180起,演出/Livehouse,上海市,上海,秀动网
大型民族杂技剧《花瓦俍兵》,,2026-10-23 19:30,,,上海,https://www.showstart.com/event/308796,,¥80起,演出/Livehouse,上海市,上海,秀动网
罗伯特·威尔逊与杜塞尔多夫剧院《大白鲸》,,2026-10-23 19:30,,,上海,https://www.showstart.com/event/305851,,¥280起,演出/Livehouse,上海市,上海,秀动网
舞剧三国《山止川行》,,2026-10-23 19:30,,,上海,https://www.showstart.com/event/309699,,¥80起,演出/Livehouse,上海市,上海,秀动网
中国建设银行嘉定支行艺术普及善建者行·月月有戏·“梅花奖”齐爱云、张涛联袂主演秦腔戏曲专场——《焚香记》,,2026-10-23 19:30,,,上海,https://www.showstart.com/event/305755,,¥180起,演出/Livehouse,上海市,上海,秀动网
莫西子诗“黑夜闪闪发光”2026LIVEHOUSE巡演-上海站,,2026-10-23 20:00,,,上海,https://www.showstart.com/event/304581,,¥128起,演出/Livehouse,上海市,上海,秀动网
庸俗救星2026「城市散步」巡演 上海站,,2026-10-23 20:00,,,上海,https://www.showstart.com/event/308817,,¥150起,演出/Livehouse,上海市,上海,秀动网
Unknown Art 呈现｜赛丹Saidan 2026亚洲巡演，东亚怪谈与暗黑哥特，美国旋律/原始黑金属乐团 上海站,,2026-10-23 20:00,,,上海,https://www.showstart.com/event/310334,,¥148起,演出/Livehouse,上海市,上海,秀动网
法国电子组合Astels 2026上海专场演出,,2026-10-23 20:00,,,上海,https://www.showstart.com/event/308536,,¥198起,演出/Livehouse,上海市,上海,秀动网
SoundVibe呈现｜Charles Berthoud《极限低音》Play With Fire 贝斯巡演 上海站,,2026-10-23 20:00,,,上海,https://www.showstart.com/event/305151,,¥200起,演出/Livehouse,上海市,上海,秀动网
The Beths 2026巡演 上海站 特别嘉宾：小狗的骨头,,2026-10-23 20:00,,,上海,https://www.showstart.com/event/310004,,¥228起,演出/Livehouse,上海市,上海,秀动网
【上海】爵士天后Karen Souza凯伦·索萨“丝绒爵色时”2026演唱会,,2026-10-24 15:00,,,上海,https://www.showstart.com/event/300177,,¥180起,演出/Livehouse,上海市,上海,秀动网
【JZ Club】「传统的继承和反叛者」柏林先锋爵士四重奏Die Hochstapler中国巡演 上海站,,2026-10-24 19:00,,,上海,https://www.showstart.com/event/309959,,¥198,演出/Livehouse,上海市,上海,秀动网
WetMen·俄罗斯型男水舞剧《雨中2:爱的宣言》,,2026-10-24 19:30,,,上海,https://www.showstart.com/event/308615,,¥80起,演出/Livehouse,上海市,上海,秀动网
肢体舞蹈剧场《引力之绊》,,2026-10-24 19:30,,,上海,https://www.showstart.com/event/310176,,¥80起,演出/Livehouse,上海市,上海,秀动网
JOYCE 就以斯「才华换桃花」2026巡演 上海站,,2026-10-24 19:30,,,上海,https://www.showstart.com/event/303565,,¥188起,演出/Livehouse,上海市,上海,秀动网
今夜星光灿烂——阿格里奇/文格洛夫/伊瑟利斯领衔室内乐音乐节,,2026-10-24 19:30,,,上海,https://www.showstart.com/event/306811,,¥380起,演出/Livehouse,上海市,上海,秀动网
JUMP THE BLUE·MOJOHAND2026跨蓝巡演-上海站,,2026-10-24 20:00,,,上海,https://www.showstart.com/event/306342,,¥100起,演出/Livehouse,上海市,上海,秀动网
许钧「我“爱”世界」2026巡演-上海站,,2026-10-24 20:00,,,上海,https://www.showstart.com/event/310373,,¥139起,演出/Livehouse,上海市,上海,秀动网
夏日麽麽茶第一轮巡演 上海站,,2026-10-24 20:00,,,上海,https://www.showstart.com/event/310139,,¥98起,演出/Livehouse,上海市,上海,秀动网
【猫啤呈现】「旧日的派珀秋季专场」幻秋物语·上海Moshspace,,2026-10-24 20:00,,,上海,https://www.showstart.com/event/309991,,¥68起,演出/Livehouse,上海市,上海,秀动网
泰国人气后摇乐队Hope The Flowers 2026 巡演——BLOSSOM IN THE DARK 上海站,,2026-10-24 20:30,,,上海,https://www.showstart.com/event/308472,,¥128起,演出/Livehouse,上海市,上海,秀动网
沪剧《大雷雨》,,2026-10-25 14:30,,,上海,https://www.showstart.com/event/305606,,¥80起,演出/Livehouse,上海市,上海,秀动网
3D多媒体探险儿童剧《地心游记》,,2026-10-25 15:00,,,上海,https://www.showstart.com/event/308118,,¥80起,演出/Livehouse,上海市,上海,秀动网
【秋瞑燕迟归】重返袖珍时光&月下尘星 双专场演出,,2026-10-25 20:00,,,上海,https://www.showstart.com/event/308125,,¥138起,演出/Livehouse,上海市,上海,秀动网
春苗计划系列展演 VOL.02 上海站,,2026-10-25 20:00,,,上海,https://www.showstart.com/event/310397,,¥1起,演出/Livehouse,上海市,上海,秀动网
PaulGilbert (保罗·吉尔伯特) WROC 2026巡演 上海站,,2026-10-29 20:00,,,上海,https://www.showstart.com/event/307553,,¥380起,演出/Livehouse,上海市,上海,秀动网
德国大嘴突击队《创作（道林·格雷的画像）》Creation (Pictures for Dorian)  2026秋是国际戏剧季Autumn IS,,2026-10-30 19:30,,,上海,https://www.showstart.com/event/308802,,¥180起,演出/Livehouse,上海市,上海,秀动网
致敬阿加莎·悬疑推理剧《谋杀派对》万圣节限定场,,2026-10-30 19:30,,,上海,https://www.showstart.com/event/304310,,¥100起,演出/Livehouse,上海市,上海,秀动网
碎梦飞跃「外面是夏天」2026巡演 上海站,,2026-10-30 20:00,,,上海,https://www.showstart.com/event/308111,,¥100起,演出/Livehouse,上海市,上海,秀动网
“世界最高峰贝斯手” Nathan East 2026巡演 - 致敬与Eric Clapton合作四十年纪念音乐会 - 上海站,,2026-10-30 20:00,,,上海,https://www.showstart.com/event/308655,,¥280起,演出/Livehouse,上海市,上海,秀动网
"yung kai - stay with the ocean, i'll find you: asia tour 2026 - 上海站",,2026-10-30 20:00,,,上海,https://www.showstart.com/event/305920,,¥350起,演出/Livehouse,上海市,上海,秀动网
HYPER SLASH超级斩十周年巡演 上海站,,2026-10-30 20:00,,,上海,https://www.showstart.com/event/308020,,¥128起,演出/Livehouse,上海市,上海,秀动网
梨园戏《红眠床》Red Wedding Bed,,2026-10-31 14:00,,,上海,https://www.showstart.com/event/310174,,¥100起,演出/Livehouse,上海市,上海,秀动网
正版国漫2.5次元真人舞台剧《一人之下》第一部,,2026-10-31 14:30,,,上海,https://www.showstart.com/event/301432,,¥100起,演出/Livehouse,上海市,上海,秀动网
《亚尼克·瑞约“爵士勃拉姆斯”四重奏音乐会》,,2026-10-31 19:30,,,上海,https://www.showstart.com/event/308467,,¥80起,演出/Livehouse,上海市,上海,秀动网
伊莲《我的名字叫伊莲》法国香颂天后2026演唱会,,2026-10-31 19:30,,,上海,https://www.showstart.com/event/308298,,¥100起,演出/Livehouse,上海市,上海,秀动网
鬼卞2026「FOR TEN」巡演·上海站,,2026-10-31 20:00,,,上海,https://www.showstart.com/event/309354,,¥198起,演出/Livehouse,上海市,上海,秀动网
2026爵士上海-格莱美贝斯大师Victor Wooten领衔The Wooten Brothers,,2026-10-31 20:00,,,上海,https://www.showstart.com/event/307121,,¥320起,演出/Livehouse,上海市,上海,秀动网
2z2「人类*时代*花*」双专辑主题巡演 - 上海站,,2026-10-31 20:00,,,上海,https://www.showstart.com/event/309309,,¥152起,演出/Livehouse,上海市,上海,秀动网
芬兰力量金属乐队Stratovarius灵云 2026巡演-上海站,,2026-10-31 20:00,,,上海,https://www.showstart.com/event/301242,,¥330起,演出/Livehouse,上海市,上海,秀动网
万物狂欢夜曲地表最high演唱会，你你你你要跳舞吗？（上海站）,,2026-10-31 20:00,,,上海,https://www.showstart.com/event/308669,,¥128起,演出/Livehouse,上海市,上海,秀动网
法语原版音乐剧《太阳王》,,2026-11-01 14:00,,,上海,https://www.showstart.com/event/299182,,¥680起,演出/Livehouse,上海市,上海,秀动网
【猫啤呈现】「fallin@_@infall」fallingnana 秋季巡演 · 上海站,,2026-11-01 20:00,,,上海,https://www.showstart.com/event/309159,,¥78起,演出/Livehouse,上海市,上海,秀动网
广恐 & 和平饭店「午夜海风大排档」聚合实验室·联合出摊,,2026-11-01 20:00,,,上海,https://www.showstart.com/event/309776,,¥149起,演出/Livehouse,上海市,上海,秀动网
百老汇原版音乐剧《长靴皇后》,,2026-11-03 19:30,,,上海,https://www.showstart.com/event/304546,,¥180起,演出/Livehouse,上海市,上海,秀动网
法国器乐电子视听现场 NIKITCH Audio Visual Live Show | DDL呈现 上海站,,2026-11-03 20:30,,,上海,https://www.showstart.com/event/309366,,¥100起,演出/Livehouse,上海市,上海,秀动网
爱的喜悦——女高音安吉拉·乔治乌独唱音乐会,,2026-11-04 19:30,,,上海,https://www.showstart.com/event/305254,,¥180起,演出/Livehouse,上海市,上海,秀动网
第二十五届中国上海国际艺术节参演剧目“爱我中华”·系列演出 民族舞剧《颜真卿》,,2026-11-04 19:30,,,上海,https://www.showstart.com/event/309646,,¥80起,演出/Livehouse,上海市,上海,秀动网
波兰奥波莱JK剧院 思辨拟真剧场《真实》Authentic 2026秋是国际戏剧季Autumn IS,,2026-11-05 19:30,,,上海,https://www.showstart.com/event/310180,,¥180起,演出/Livehouse,上海市,上海,秀动网
维京格尔·奥拉夫松钢琴独奏音乐会,,2026-11-05 19:30,,,上海,https://www.showstart.com/event/307420,,¥180起,演出/Livehouse,上海市,上海,秀动网
葡萄牙提琴后摇 indignu 上海站,,2026-11-05 20:30,,,上海,https://www.showstart.com/event/310314,,¥178,演出/Livehouse,上海市,上海,秀动网
很美味2026【赏味期】巡演上海站,,2026-11-06 20:00,,,上海,https://www.showstart.com/event/304322,,¥128起,演出/Livehouse,上海市,上海,秀动网
阿加莎·克里斯蒂唯一喜剧《蛛网》,,2026-11-07 19:15,,,上海,https://www.showstart.com/event/305156,,¥80起,演出/Livehouse,上海市,上海,秀动网
粥粥和小伙2026放轻松巡演-上海站,,2026-11-07 19:50,,,上海,https://www.showstart.com/event/302474,,¥99起,演出/Livehouse,上海市,上海,秀动网
Men I Trust（我信任的人）2026演出-上海站,,2026-11-07 20:00,,,上海,https://www.showstart.com/event/299503,,¥328起,演出/Livehouse,上海市,上海,秀动网
8bite「落茧」2026巡演  上海站,,2026-11-07 20:00,,,上海,https://www.showstart.com/event/309500,,¥129起,演出/Livehouse,上海市,上海,秀动网
脆莓乐队「鲜活人生 Vibrant Life」·上海站,,2026-11-08 20:00,,,上海,https://www.showstart.com/event/310081,,¥158起,演出/Livehouse,上海市,上海,秀动网
【加场】Men I Trust（我信任的人）2026演出-上海站,,2026-11-08 20:00,,,上海,https://www.showstart.com/event/305343,,¥328起,演出/Livehouse,上海市,上海,秀动网
瓦西里∙佩特连科与英国皇家爱乐乐团2026上海音乐会,,2026-11-09 19:30,,,上海,https://www.showstart.com/event/308832,,¥280起,演出/Livehouse,上海市,上海,秀动网
西班牙萨拉·芭拉斯弗拉明戈舞蹈团作品荟萃《飞越弗拉明戈》,,2026-11-10 19:30,,,上海,https://www.showstart.com/event/309639,,¥100起,演出/Livehouse,上海市,上海,秀动网
俄罗斯瓦赫坦戈夫剧院 话剧《莫扎特传》,,2026-11-11 19:15,,,上海,https://www.showstart.com/event/307717,,¥280起,演出/Livehouse,上海市,上海,秀动网
舞剧《骑兵》,,2026-11-11 19:30,,,上海,https://www.showstart.com/event/307473,,¥80起,演出/Livehouse,上海市,上海,秀动网
第二十五届中国上海国际艺术节参演剧目-中西合作疗愈独角喜剧《假日迷途》,,2026-11-12 19:30,,,上海,https://www.showstart.com/event/310235,,¥180起,演出/Livehouse,上海市,上海,秀动网
New Noise呈现｜The Seven Mile Journey 2026 巡演 上海站,,2026-11-12 20:30,,,上海,https://www.showstart.com/event/307738,,¥180,演出/Livehouse,上海市,上海,秀动网
新喜剧秀《爆打人生四格》,,2026-11-13 19:30,,,上海,https://www.showstart.com/event/309652,,¥88起,演出/Livehouse,上海市,上海,秀动网
阿库·汉姆舞团《提克勒：铭记之夜 Thikra: Night of Remembering》,,2026-11-13 19:30,,,上海,https://www.showstart.com/event/310172,,¥80起,演出/Livehouse,上海市,上海,秀动网
话剧《父亲》Le Père by Florian Zeller,,2026-11-13 19:30,,,上海,https://www.showstart.com/event/308798,,¥280起,演出/Livehouse,上海市,上海,秀动网
气象限定Quadrant 亚洲巡演【上海站】,,2026-11-13 20:00,,,上海,https://www.showstart.com/event/308516,,¥118起,演出/Livehouse,上海市,上海,秀动网
俄罗斯瓦赫坦戈夫剧院 话剧《普希金小说集》,,2026-11-14 19:15,,,上海,https://www.showstart.com/event/307726,,¥280起,演出/Livehouse,上海市,上海,秀动网
欧陆前卫重型风向标UNPROCESSED 2026巡演上海站,,2026-11-14 20:00,,,上海,https://www.showstart.com/event/307017,,¥180起,演出/Livehouse,上海市,上海,秀动网
2026歌之初乐队【相见如初】巡演 上海站,,2026-11-14 20:00,,,上海,https://www.showstart.com/event/305550,,¥100起,演出/Livehouse,上海市,上海,秀动网
经典荟萃-漫步音乐三百年  动物狂欢节亲子音乐会,,2026-11-15 14:00,,,上海,https://www.showstart.com/event/309353,,¥30,演出/Livehouse,上海市,上海,秀动网
【上海站】《最后的莫西干人》——旷野之旅,,2026-11-15 15:00,,,上海,https://www.showstart.com/event/308593,,¥100起,演出/Livehouse,上海市,上海,秀动网
意大利雷纳多三重奏,,2026-11-15 15:00,,,上海,https://www.showstart.com/event/305421,,¥80起,演出/Livehouse,上海市,上海,秀动网
卡蒂雅·布尼亚季什维莉钢琴独奏音乐会,,2026-11-15 19:30,,,上海,https://www.showstart.com/event/308019,,¥180起,演出/Livehouse,上海市,上海,秀动网
爵士天后戴安娜·克瑞儿Diana Krall 2026上海音乐会,,2026-11-18 19:30,,,上海,https://www.showstart.com/event/309949,,¥380起,演出/Livehouse,上海市,上海,秀动网
墨西哥RPG666/新加坡IE/生锈的铁钉Vol.5 野兽对决,,2026-11-20 19:00,,,上海,https://www.showstart.com/event/309088,,¥260起,演出/Livehouse,上海市,上海,秀动网
星光灿烂典藏版《女驸马》,,2026-11-20 19:30,,,上海,https://www.showstart.com/event/306623,,¥160起,演出/Livehouse,上海市,上海,秀动网
中国建设银行嘉定支行艺术普及 善建者行·月月有戏 曹禺经典话剧《日出》,,2026-11-20 19:30,,,上海,https://www.showstart.com/event/309282,,¥80起,演出/Livehouse,上海市,上海,秀动网
暴雪35周年官方游戏交响音乐会（Jason Hayes 领衔）,,2026-11-20 19:30,,,上海,https://www.showstart.com/event/299610,,¥280起,演出/Livehouse,上海市,上海,秀动网
金润吉“金声之年”2026巡回演唱会,,2026-11-20 19:30,,,上海,https://www.showstart.com/event/310155,,¥280起,演出/Livehouse,上海市,上海,秀动网
美国电子流行唱作人【Demxntia】2026巡演 上海站,,2026-11-20 20:00,,,上海,https://www.showstart.com/event/309487,,¥220起,演出/Livehouse,上海市,上海,秀动网
"【声厂呈现】留住夜晚的人 | Black Country, New Road 2026巡演·上海特别专场",,2026-11-21 19:00,,,上海,https://www.showstart.com/event/310153,,¥320起,演出/Livehouse,上海市,上海,秀动网
蓝心羽2026「爱是 love is…」巡回演唱会-上海站（免费接驳车）,,2026-11-21 19:30,,,上海,https://www.showstart.com/event/309294,,¥180起,演出/Livehouse,上海市,上海,秀动网
曹禺经典话剧《日出》,,2026-11-21 19:30,,,上海,https://www.showstart.com/event/308705,,¥80起,演出/Livehouse,上海市,上海,秀动网
周冰倩【真的好想你】巡回演唱会,,2026-11-21 19:30,,,上海,https://www.showstart.com/event/309064,,¥280起,演出/Livehouse,上海市,上海,秀动网
暗杠「太阳·月亮·草地」走歌人2026专辑巡唱 上海站,,2026-11-21 20:00,,,上海,https://www.showstart.com/event/304186,,¥128起,演出/Livehouse,上海市,上海,秀动网
【大乐】《加勒比海盗&权力的游戏》超燃史诗影视作品交响音乐会,,2026-11-22 14:00,,,上海,https://www.showstart.com/event/310208,,¥126起,演出/Livehouse,上海市,上海,秀动网
Kings of Convenience便利之王2026上海专场,,2026-11-24 20:30,,,上海,https://www.showstart.com/event/303938,,¥360起,演出/Livehouse,上海市,上海,秀动网
酒徒音乐呈献 | 久徒音乐汇,,2026-11-28 18:00,,,上海,https://www.showstart.com/event/309505,,¥268起,演出/Livehouse,上海市,上海,秀动网
谭维维《声声世世》风起八方剧场音乐会,,2026-11-28 19:30,,,上海,https://www.showstart.com/event/307786,,¥80起,演出/Livehouse,上海市,上海,秀动网
DiorGoFlex & 绵阳STAR-出来玩ER绵阳双子星专场上海站,,2026-11-28 20:00,,,上海,https://www.showstart.com/event/307614,,¥108起,演出/Livehouse,上海市,上海,秀动网
春苗计划系列展演 VOL.03 上海站,,2026-11-29 20:00,,,上海,https://www.showstart.com/event/310432,,¥1起,演出/Livehouse,上海市,上海,秀动网
百老汇喜剧《事实的有效期》The Lifespan of a Fact,,2026-12-04 19:30,,,上海,https://www.showstart.com/event/302012,,¥180起,演出/Livehouse,上海市,上海,秀动网
柏林剧团 奥利弗·里斯作品 《萨拉》Sarah 2026秋是国际戏剧季Autumn IS,,2026-12-04 19:30,,,上海,https://www.showstart.com/event/307822,,¥180起,演出/Livehouse,上海市,上海,秀动网
舞台剧《长恨歌》（上海话版）,,2026-12-04 19:30,,,上海,https://www.showstart.com/event/302007,,¥180起,演出/Livehouse,上海市,上海,秀动网
Sold Out、Wildfire 原唱 Jon Steingard 2026上海演唱会,,2026-12-04 20:00,,,上海,https://www.showstart.com/event/302333,,¥180起,演出/Livehouse,上海市,上海,秀动网
【上海】《严凤英母团·女驸马 — 安庆黄梅 原味呈现》,,2026-12-05 19:15,,,上海,https://www.showstart.com/event/303871,,¥100起,演出/Livehouse,上海市,上海,秀动网
话剧《呐喊1911》,,2026-12-05 19:30,,,上海,https://www.showstart.com/event/306746,,¥80起,演出/Livehouse,上海市,上海,秀动网
「她想去的地方」葡萄不愤怒2026巡演 上海站,,2026-12-05 20:00,,,上海,https://www.showstart.com/event/309923,,¥109起,演出/Livehouse,上海市,上海,秀动网
布衣乐队《云起时》巡演上海站,,2026-12-05 20:00,,,上海,https://www.showstart.com/event/307976,,¥108起,演出/Livehouse,上海市,上海,秀动网
郁乐队2026-2027“惊恐症”巡演-上海,,2026-12-05 20:00,,,上海,https://www.showstart.com/event/307451,,¥180起,演出/Livehouse,上海市,上海,秀动网
天堂乐队《33》2025-2026巡演上海站,,2026-12-05 20:00,,,上海,https://www.showstart.com/event/306502,,¥99起,演出/Livehouse,上海市,上海,秀动网
首部真人互动非遗皮影戏《大闹天宫》,,2026-12-06 10:30,,,上海,https://www.showstart.com/event/307086,,¥100起,演出/Livehouse,上海市,上海,秀动网
【上海】《严凤英母团·玉天仙 — 安庆黄梅 原味呈现》,,2026-12-06 14:00,,,上海,https://www.showstart.com/event/303901,,¥80起,演出/Livehouse,上海市,上海,秀动网
【上海】《严凤英母团·天仙配 — 安庆黄梅 原味呈现》,,2026-12-06 19:15,,,上海,https://www.showstart.com/event/303906,,¥100起,演出/Livehouse,上海市,上海,秀动网
舞剧《五星出东方》,,2026-12-09 19:30,,,上海,https://www.showstart.com/event/310169,,¥100起,演出/Livehouse,上海市,上海,秀动网
霉霉生日场！【Love Story】-Taylor Swift金曲演唱会 霉粉必看！@TayMe（上海站）,,2026-12-11 20:00,,,上海,https://www.showstart.com/event/309045,,¥98起,演出/Livehouse,上海市,上海,秀动网
2026温岚“岚·趴踢”Livehouse巡回-上海站,,2026-12-12 19:30,,,上海,https://www.showstart.com/event/293877,,¥299起,演出/Livehouse,上海市,上海,秀动网
德语原版音乐剧《爱因斯坦：时间相对论》,,2026-12-12 19:30,,,上海,https://www.showstart.com/event/307446,,¥280起,演出/Livehouse,上海市,上海,秀动网
《喜剧弄堂脱口秀·精品拼盘秀》,,2026-12-13 14:30,,,上海,https://www.showstart.com/event/305096,,¥120起,演出/Livehouse,上海市,上海,秀动网
音乐剧《梦断花都》（根据电影《红磨坊》改编） Moulin Rouge! The Musical,,2026-12-15 19:30,,,上海,https://www.showstart.com/event/308406,,¥380起,演出/Livehouse,上海市,上海,秀动网
Friday Shanghai Language Talkspace ,,2026-09-18 19:00:00,,,"Talkspace(My Place), 3F，No.1788, Xinzha Road, Shanghai, Shanghai",https://www.meetup.com/second-languages-communication-talkspace/events/316309384/,,,Meetup/expat,上海市,上海,Meetup
ShanghAI AI — 参加 #1 上海最佳活动 — Join #1 Top Best Event,,2026-09-19 19:30:00,,,"1984 Book Store, 11 Hunan Road, Wukang Road, Shanghai",https://www.meetup.com/shanghai-ai/events/316263010/,,,Meetup/expat,上海市,上海,Meetup
官方上海 WordPress Meetup 线下聚会｜开发者/设计师/站长 同城集结 微信：duncangu,,2026-09-30 19:00:00,,,,https://www.meetup.com/wordpress-meetup-shanghai/events/314488420/,,,Meetup/expat,上海市,上海,Meetup
Saturday Afternoon World Mates Meetup ,,2026-09-19 15:00:00,,34,"TsingTao 1903 Beer Bar（Jing An Temple Branch）, No. 315 Yuyuan Rd, Jing’An District, Shanghai, Shanghai",https://www.meetup.com/language-exchangers-shanghai/events/316349867/,,,Meetup/expat,上海市,上海,Meetup
International Student Exchange Talkspace,,2026-09-19 19:00:00,,,"Talkspace( Fudan Science Park ), China, Shanghai, Yangpu District, 1779, Siping Rd, Shanghai",https://www.meetup.com/second-languages-communication-talkspace/events/316336744/,,,Meetup/expat,上海市,上海,Meetup
4 Hour - Shanghai Pub Crawl (Bar-hopping/Nightlife Tour),,2026-09-16,2026-09-16,,"CN 上海市 黄浦区 茂名南路 56 56-2号56食尚谷1层, 黄浦区, 上海市",https://www.eventbrite.hk/e/4-hour-shanghai-pub-crawl-bar-hoppingnightlife-tour-tickets-1994516433343,https://img.evbuc.com/https%3A%2F%2Fcdn.evbuc.com%2Fimages%2F875762749%2F1786021351763%2F1%2Foriginal.20241016-091251?crop=focalpoint&fit=crop&w=512&auto=format%2Ccompress&q=75&sharp=10&fp-x=0.5&fp-y=0.5&s=a65558fecc923fa783f3099bc4a2ac98,,Eventbrite,上海市,上海,Eventbrite
LAUNCHPAD PROGRAM (21 – 27 SEPTEMBER 2026),,2026-09-21,2026-09-21,,"中国上海市杨浦区四平路1239号, 同济大学运筹楼405室，邮编200092, Shanghai, Shanghai",https://www.eventbrite.es/e/entradas-launchpad-program-21-27-september-2026-1988706769482,https://img.evbuc.com/https%3A%2F%2Fcdn.evbuc.com%2Fimages%2F1183633091%2F483298668665%2F1%2Foriginal.20260503-110853?crop=focalpoint&fit=crop&w=512&auto=format%2Ccompress&q=75&sharp=10&fp-x=0.508&fp-y=0.353&s=25db7df33be88ef20515e5e1bbda8371,,Eventbrite,上海市,上海,Eventbrite
S-Tron Shanghai 2026,,2026-09-22,2026-09-23,,"徐汇, 徐汇区, 上海市",https://www.eventbrite.com/e/s-tron-shanghai-2026-tickets-1979297181150,https://img.evbuc.com/https%3A%2F%2Fcdn.evbuc.com%2Fimages%2F1190287402%2F3005376763562%2F1%2Foriginal.20260804-144213?crop=focalpoint&fit=crop&w=512&auto=format%2Ccompress&q=75&sharp=10&fp-x=0.593&fp-y=0.52&s=f0cf94457bbfd26531f95b34a9bd5390,,Eventbrite,上海市,上海,Eventbrite
2026 Sustainability Global Leaders Conference,,2026-10-20,2026-10-22,,"Huangpu District, Shanghai, Shanghai",https://www.eventbrite.com/e/2026-sustainability-global-leaders-conference-tickets-2000005452146,https://img.evbuc.com/https%3A%2F%2Fcdn.evbuc.com%2Fimages%2F1192862560%2F1214511864653%2F1%2Foriginal.20260907-082240?crop=focalpoint&fit=crop&w=512&auto=format%2Ccompress&q=75&sharp=10&fp-x=0.5&fp-y=0.5&s=19e7771365c415e325f6133946a7defb,,Eventbrite,上海市,上海,Eventbrite
Outbound Summit Shanghai 2026,,2026-10-27,2026-10-29,,"88号 Song Shan Lu, Huang Pu Qu, Shang Hai Shi",https://www.eventbrite.com/e/outbound-summit-shanghai-2026-tickets-2000146903230,https://img.evbuc.com/https%3A%2F%2Fcdn.evbuc.com%2Fimages%2F1192949407%2F3002701922833%2F1%2Foriginal.20260908-093036?crop=focalpoint&fit=crop&w=512&auto=format%2Ccompress&q=75&sharp=10&fp-x=0.9&fp-y=0.386&s=72841e1ff37ec9403dfcf1143f2ba422,,Eventbrite,上海市,上海,Eventbrite
The 8th Shanghai International Personal Care Expo 2026,,2026-10-28,2026-10-30,,"No. 2345 Longyang Road, shanghai",https://www.eventbrite.com/e/the-8th-shanghai-international-personal-care-expo-2026-tickets-1980851322629,https://img.evbuc.com/https%3A%2F%2Fcdn.evbuc.com%2Fimages%2F1175221848%2F300539367512%2F1%2Foriginal.20260119-083630?crop=focalpoint&fit=crop&w=512&auto=format%2Ccompress&q=75&sharp=10&fp-x=0.048&fp-y=0.451&s=f959884318d643ce1739244c97f31174,,Eventbrite,上海市,上海,Eventbrite
CIIE 2026 (5-10 Nov): CUKBDC Delegation & Booth,,2026-11-05,2026-11-05,,"333 Songze Avenue, Qingpu District, Shanghai, Shanghai",https://www.eventbrite.co.uk/e/ciie-2026-5-10-nov-cukbdc-delegation-booth-tickets-1993799563165,https://img.evbuc.com/https%3A%2F%2Fcdn.evbuc.com%2Fimages%2F1188732854%2F3005116401698%2F1%2Foriginal.20260713-081912?crop=focalpoint&fit=crop&w=372&auto=format%2Ccompress&q=75&sharp=10&fp-x=0.5&fp-y=0.5&s=c5df55061c30cc7e5f3a264283a6ab76,,Eventbrite,上海市,上海,Eventbrite
International Data Center & Cloud Computing Industry Expo 2026,,2026-12-03,2026-12-03,,"2345号 龙阳路, Pu Dong Xin Qu, Shang Hai Shi",https://www.eventbrite.com/e/international-data-center-cloud-computing-industry-expo-2026-tickets-1978815318887,https://img.evbuc.com/https%3A%2F%2Fcdn.evbuc.com%2Fimages%2F1173379631%2F2068885879443%2F1%2Foriginal.20251222-062942?w=372&auto=format%2Ccompress&q=75&sharp=10&rect=68%2C105%2C372%2C186&s=df6e3c56a227171c38b97e0c1508bb28,,Eventbrite,上海市,上海,Eventbrite
Shanghai Deep Talk | Episode 23 : Faith Before Evidence,,2026-09-18,2026-09-18,,"huangpu district, shanghai",https://www.eventbrite.com/e/shanghai-deep-talk-episode-23-faith-before-evidence-tickets-1998189601889,https://img.evbuc.com/https%3A%2F%2Fcdn.evbuc.com%2Fimages%2F1191220498%2F3004139958106%2F1%2Foriginal.20260817-072127?crop=focalpoint&fit=crop&w=355&auto=format%2Ccompress&q=75&sharp=10&fp-x=0.019&fp-y=0.535&s=9bd9265bde68fe0c07ad3b679f65612c,,Eventbrite,上海市,上海,Eventbrite
Friday Language Talkspace meetup,,2026-09-18,2026-09-18,,"1788号 新闸路, 静安区, 上海市",https://www.eventbrite.com/e/friday-language-talkspace-meetup-tickets-1869083130959,https://img.evbuc.com/https%3A%2F%2Fcdn.evbuc.com%2Fimages%2F1161417523%2F1396570747963%2F1%2Foriginal.20251024-074933?crop=focalpoint&fit=crop&w=512&auto=format%2Ccompress&q=75&sharp=10&fp-x=0.489&fp-y=0.308&s=0d68b033dfc62d19c6c9e6d356c7fa2b,,Eventbrite,上海市,上海,Eventbrite
4 Hour - Shanghai Pub Crawl (Bar-hopping/Nightlife Tour),,2026-09-18,2026-09-18,,"CN 上海市 黄浦区 茂名南路 56 56-2号56食尚谷1层, 黄浦区, 上海市",https://www.eventbrite.hk/e/4-hour-shanghai-pub-crawl-bar-hoppingnightlife-tour-tickets-1994516434346,https://img.evbuc.com/https%3A%2F%2Fcdn.evbuc.com%2Fimages%2F875762749%2F1786021351763%2F1%2Foriginal.20241016-091251?crop=focalpoint&fit=crop&w=512&auto=format%2Ccompress&q=75&sharp=10&fp-x=0.5&fp-y=0.5&s=a65558fecc923fa783f3099bc4a2ac98,,Eventbrite,上海市,上海,Eventbrite
Shanghai 2026 Venture Capital World Summit,,2026-10-13,2026-10-13,,"No. 8 Century Avenue, Shanghai",https://www.eventbrite.com/e/shanghai-2026-venture-capital-world-summit-tickets-1978494856375,https://img.evbuc.com/https%3A%2F%2Fcdn.evbuc.com%2Fimages%2F1173243308%2F626217048%2F1%2Foriginal.20251219-002156?w=512&auto=format%2Ccompress&q=75&sharp=10&rect=0%2C0%2C3200%2C1600&s=8e257767f00d6f8912821a960f4007a1,,Eventbrite,上海市,上海,Eventbrite
The 8th Shanghai International Oral Care Expo 2026,,2026-10-28,2026-10-30,,"No. 2345 Longyang Road, shanghai",https://www.eventbrite.com/e/the-8th-shanghai-international-oral-care-expo-2026-tickets-1998196894702,https://img.evbuc.com/https%3A%2F%2Fcdn.evbuc.com%2Fimages%2F1191223581%2F300539367512%2F1%2Foriginal.20260817-082140?crop=focalpoint&fit=crop&w=512&auto=format%2Ccompress&q=75&sharp=10&fp-x=0.135&fp-y=0.51&s=a3348e4cd32fe315da44a73b384ebb71,,Eventbrite,上海市,上海,Eventbrite
Leading as a Coach: A Two-Day Shanghai Workshop for School Leaders,,2026-11-20,2026-11-21,,"627 Huaihai Middle Road, Shanghai",https://www.eventbrite.co.uk/e/leading-as-a-coach-a-two-day-shanghai-workshop-for-school-leaders-tickets-1989882914363,https://img.evbuc.com/https%3A%2F%2Fcdn.evbuc.com%2Fimages%2F1184907065%2F2073042966773%2F1%2Foriginal.20260519-023226?crop=focalpoint&fit=crop&w=355&auto=format%2Ccompress&q=75&sharp=10&fp-x=0.5&fp-y=0.5&s=1cd6612abbac3c19f196dc545472366c,,Eventbrite,上海市,上海,Eventbrite
2026 Shanghai 32nd International Property & Investment Immigration Expo,,2026-11-20,2026-11-20,,"99 兴义路, 长宁区, 上海市",https://www.eventbrite.com/e/2026-shanghai-32nd-international-property-investment-immigration-expo-tickets-1993406118361,https://img.evbuc.com/https%3A%2F%2Fcdn.evbuc.com%2Fimages%2F1188335067%2F2469787154761%2F1%2Foriginal.20260707-004813?crop=focalpoint&fit=crop&auto=format%2Ccompress&q=75&sharp=10&fp-x=0.5&fp-y=0.5&s=08baec93c89721c997688f8a0e250066,,Eventbrite,上海市,上海,Eventbrite
Senza Fretta: Pratiche Somatiche Online,,2026-09-20,2026-09-20,,,https://www.eventbrite.it/e/biglietti-senza-fretta-pratiche-somatiche-online-2000010146186,https://img.evbuc.com/https%3A%2F%2Fcdn.evbuc.com%2Fimages%2F1192875124%2F2989398597890%2F1%2Foriginal.20260907-120048?crop=focalpoint&fit=crop&w=372&auto=format%2Ccompress&q=75&sharp=10&fp-x=0.5&fp-y=0.5&s=d327305e20280e166048e10afb9f9475,,Eventbrite,上海市,上海,Eventbrite
The 8th Shanghai International Oral Care Expo 2026,,,,,,https://allevents.in/shanghai/the-8th-shanghai-international-oral-care-expo-2026/100001998196894702,,,AllEvents,上海市,上海,
ASIA-AFRICA SUMMIT 2026,,,,,,https://allevents.in/shanghai/asia-africa-summit-2026/80003610548144,,,AllEvents,上海市,上海,
12th International Conference on Low Carbon Asia (ICLCA2026),,,,,,https://allevents.in/shanghai/12th-international-conference-on-low-carbon-asia-iclca2026/200030434195819,,,AllEvents,上海市,上海,
IE expo Shanghai 2027,,,,,,https://allevents.in/shanghai/ie-expo-shanghai-2027/200030682854321,,,AllEvents,上海市,上海,
ITMA ASIA + CITME 2026,,,,,,https://allevents.in/shanghai/itma-asia-citme-2026/200030598030912,,,AllEvents,上海市,上海,
Meet Sunward at Bauma China 2026,,,,,,https://allevents.in/shanghai/meet-sunward-at-bauma-china-2026/200030619637318,,,AllEvents,上海市,上海,
CIIE 2026 (5-10 Nov): CUKBDC Delegation & Booth,,,,,,https://allevents.in/shanghai/ciie-2026-5-10-nov-cukbdc-delegation-and-booth/100001993799563165,,,AllEvents,上海市,上海,
【Save the Date】The 23rd Asia Thermal Insulation Material Expo Returns in 2026,,,,,,https://allevents.in/shanghai/【save-the-date】the-23rd-asia-thermal-insulation-material-expo-returns-in-2026/200030682849316,,,AllEvents,上海市,上海,
Food Lovers Meetup Shanghai / 上海美食爱好者聚会 (10 participants maximum/ 最多 10 位参与者),,,,,,https://allevents.in/shanghai/food-lovers-meetup-shanghai-上海美食爱好者聚会-10-participants-maximum-最多-10-位参与者/200030571033648,,,AllEvents,上海市,上海,
📸 友好聚会 & 摄影漫步 / Make friends & Photowalk Meetup Shanghai,,September 14,,,,https://allevents.in/shanghai/友好聚会-and-摄影漫步-make-friends-and-photowalk-meetup-shanghai/200030606676627,,,AllEvents,上海市,上海,
Shanghai Run (Registration is mandatory / Weekly meetup / Recurrent event ),,,,,,https://allevents.in/shanghai/shanghai-run-registration-is-mandatory-weekly-meetup-recurrent-event/200029386467521,,,AllEvents,上海市,上海,
Globetrotter’s Meetup - Shanghai (Registration is mandatory),,,,,,https://allevents.in/shanghai/globetrotters-meetup-shanghai-registration-is-mandatory/200028544218532,,,AllEvents,上海市,上海,
China International Industry Fair,,,,,,https://allevents.in/shanghai/china-international-industry-fair/80002716549134,,,AllEvents,上海市,上海,
IC Ecosystem Show,,,,,,https://allevents.in/shanghai/ic-ecosystem-show/80003797466348,,,AllEvents,上海市,上海,
2026 TravelDaily Conference & Digital Travel Show,,,,,,https://allevents.in/shanghai/2026-traveldaily-conference-and-digital-travel-show/200030301858601,,,AllEvents,上海市,上海,
The 8th Shanghai International Personal Care Expo 2026,,,,,,https://allevents.in/shanghai/the-8th-shanghai-international-personal-care-expo-2026/100001980851322629,,,AllEvents,上海市,上海,
2026 OEEG Offshore Energy & Equipment Global  Conference,,,,,,https://allevents.in/shanghai/2026-oeeg-offshore-energy-and-equipment-global-conference-tickets/80003440780425,,,AllEvents,上海市,上海,
Shanghai 2026 Venture Capital World Summit,,,,,,https://allevents.in/shanghai/shanghai-2026-venture-capital-world-summit/100001978494856375,,,AllEvents,上海市,上海,
"Apéro,上海友好/专业会议",,,,,,https://allevents.in/shanghai/apéro上海友好-专业会议/200028544217929,,,AllEvents,上海市,上海,
"LPS Shanghai 2026 - Meet CoastFlat by CoastVenture, Tenerife’s Exclusive Real Estate Exhibitor",,,,,,https://allevents.in/shanghai/lps-shanghai-2026-meet-coastflat-by-coastventure-tenerifes-exclusive-real-estate-exhibitor/200029920163126,,,AllEvents,上海市,上海,
Epica in 虹口区,,,,,,https://allevents.in/shanghai/epica-in-虹口区/3300029312361300,,,AllEvents,上海市,上海,
Belle and Sebastian in 普陀区,,,,,,https://allevents.in/shanghai/belle-and-sebastian-in-普陀区/3300030486612835,,,AllEvents,上海市,上海,
Lorna Shore in 虹口区,,,,,,https://allevents.in/shanghai/lorna-shore-in-虹口区/3300030339474807,,,AllEvents,上海市,上海,
Beast In Black in 普陀区,,,,,,https://allevents.in/shanghai/beast-in-black-in-普陀区/3300030339486241,,,AllEvents,上海市,上海,
Amorphis in 虹口区,,,,,,https://allevents.in/shanghai/amorphis-in-虹口区/3300030222671306,,,AllEvents,上海市,上海,
Beast In Black - Live in Shanghai,,,,,,https://allevents.in/shanghai/beast-in-black-live-in-shanghai/200030364311003,,,AllEvents,上海市,上海,
Paradise Lost in 上海市,,,,,,https://allevents.in/shanghai/paradise-lost-in-上海市/3300030222763736,,,AllEvents,上海市,上海,
Draconian in 上海市,,,,,,https://allevents.in/shanghai/draconian-in-上海市/3300030224579451,,,AllEvents,上海市,上海,
Draconian in 长宁区,,,,,,https://allevents.in/shanghai/draconian-in-长宁区/3300030224579653,,,AllEvents,上海市,上海,
ANGRA in Shanghai,,,,,,https://allevents.in/shanghai/angra-in-shanghai/3300030395328411,,,AllEvents,上海市,上海,
CIIF 2026 - China International Industry Fair,,,,,,https://allevents.in/shanghai/ciif-2026-china-international-industry-fair/200030402608027,,,AllEvents,上海市,上海,
ASIA-AFRICA SUMMIT 2026,,,,,,https://allevents.in/shanghai/asia-africa-summit-2026/80003376214300,,,AllEvents,上海市,上海,
China Refrigeration Expo 2027,,,,,,https://allevents.in/shanghai/china-refrigeration-expo-2027/200030682854117,,,AllEvents,上海市,上海,
S-Tron Shanghai 2026,,,,,,https://allevents.in/%E5%BE%90%E6%B1%87%E5%8C%BA/s-tron-shanghai-2026/100001979297181150,,,AllEvents,上海市,上海,
Noumena乐队2026“地海边缘”巡演 深圳站,,2026-09-16 20:00,,,深圳,https://www.showstart.com/event/307399,,¥168起,演出/Livehouse,广东省,深圳,秀动网
Unknown Art 呈现 |  EPICA 荷兰交响金属乐大团，“秘境维度” 亚洲巡演 深圳站,,2026-09-17 18:00,,,深圳,https://www.showstart.com/event/276710,,¥320起,演出/Livehouse,广东省,深圳,秀动网
9/17｜OIL Club Night 俱乐部之夜: SCREW IT LET’S RAVE,,2026-09-17 20:00,,,深圳,https://www.showstart.com/event/309713,,¥69起,演出/Livehouse,广东省,深圳,秀动网
钟立风 「旅途愉快」2026巡演 深圳站,,2026-09-18 20:00,,,深圳,https://www.showstart.com/event/302431,,¥168起,演出/Livehouse,广东省,深圳,秀动网
爱丁堡艺穗节获奖作品-肢体剧场《冇龙冇狮》,,2026-09-18 20:00,,,深圳,https://www.showstart.com/event/308234,,¥160起,演出/Livehouse,广东省,深圳,秀动网
国风沉浸式喜剧《西游记-三借芭蕉扇》 -妇儿剧场,,2026-09-19 10:30,,,深圳,https://www.showstart.com/event/307994,,¥80起,演出/Livehouse,广东省,深圳,秀动网
【小橙堡】经典童话剧《皇帝的新装》-南山站,,2026-09-19 10:30,,,深圳,https://www.showstart.com/event/305936,,¥80起,演出/Livehouse,广东省,深圳,秀动网
卡农·世界经典音乐之旅音乐会,,2026-09-19 15:00,,,深圳,https://www.showstart.com/event/302862,,¥100起,演出/Livehouse,广东省,深圳,秀动网
法国即兴融合爵士组合 MONTAGNE SAUVAGE (野山) 巡演 | DDL呈现 深圳站,,2026-09-19 19:00,,,深圳,https://www.showstart.com/event/308483,,¥108起,演出/Livehouse,广东省,深圳,秀动网
亚森「荒漠上行走II」2026巡演·深圳站,,2026-09-19 19:30,,,深圳,https://www.showstart.com/event/307906,,¥279起,演出/Livehouse,广东省,深圳,秀动网
FM night one night 丨律动电台调频,,2026-09-19 19:30,,,深圳,https://www.showstart.com/event/309364,,¥68起,演出/Livehouse,广东省,深圳,秀动网
莫镇贤《经典港乐》巡回演唱会 深圳站,,2026-09-19 20:00,,,深圳,https://www.showstart.com/event/307080,,¥99起,演出/Livehouse,广东省,深圳,秀动网
JamesAlyn（HYBS）&Pami徐嘉琳联合巡演深圳站,,2026-09-19 20:00,,,深圳,https://www.showstart.com/event/303328,,¥198起,演出/Livehouse,广东省,深圳,秀动网
征程如歌：国家大剧院合唱团音乐会,,2026-09-19 20:00,,,深圳,https://www.showstart.com/event/307618,,¥144起,演出/Livehouse,广东省,深圳,秀动网
三火Flame【蓝眼泪】个人巡演深圳站 嘉宾：陈一豪 misterk,,2026-09-19 20:00,,,深圳,https://www.showstart.com/event/308215,,¥168起,演出/Livehouse,广东省,深圳,秀动网
波兰emo/盯鞋乐队 Eli’s Ladder 巡演深圳站,,2026-09-19 20:00,,,深圳,https://www.showstart.com/event/304930,,¥168起,演出/Livehouse,广东省,深圳,秀动网
NewNoise呈现｜WE LOST THE SEA 2026 深圳专场,,2026-09-19 20:30,,,深圳,https://www.showstart.com/event/301688,,¥180,演出/Livehouse,广东省,深圳,秀动网
不知道正不正经的搞笑二人组,,2026-09-19 21:00,,,深圳,https://www.showstart.com/event/309372,,¥29起,演出/Livehouse,广东省,深圳,秀动网
KSHMR巡演深圳站,,2026-09-19 23:00,,,深圳,https://www.showstart.com/event/310320,,¥398起,演出/Livehouse,广东省,深圳,秀动网
"Unknown Art 呈现｜Heretoir & Unreqvited 2026 双专场巡回, 后黑自赏黑名团-深圳站",,2026-09-21 20:00,,,深圳,https://www.showstart.com/event/307719,,¥188起,演出/Livehouse,广东省,深圳,秀动网
岸果呈现 | God Is An Astronaut 2026巡演 深圳站,,2026-09-22 20:00,,,深圳,https://www.showstart.com/event/305727,,¥320起,演出/Livehouse,广东省,深圳,秀动网
岸果呈现-北欧治愈系后摇Dorena2026巡演深圳站,,2026-09-23 20:00,,,深圳,https://www.showstart.com/event/304922,,¥188起,演出/Livehouse,广东省,深圳,秀动网
北国寒潮【画家ThePainter新专巡演】深圳站,,2026-09-24 20:00,,,深圳,https://www.showstart.com/event/308290,,¥88起,演出/Livehouse,广东省,深圳,秀动网
白日密语2026巡演 深圳站,,2026-09-24 20:00,,,深圳,https://www.showstart.com/event/306652,,¥8起,演出/Livehouse,广东省,深圳,秀动网
开心麻花王牌爆笑大戏《乌龙山伯爵》,,2026-09-25 15:00,,,深圳,https://www.showstart.com/event/300132,,¥80起,演出/Livehouse,广东省,深圳,秀动网
9月25日·中秋特惠·花好月圆国乐盛典音乐会·宝安站,,2026-09-25 15:00,,,深圳,https://www.showstart.com/event/304383,,¥60起,演出/Livehouse,广东省,深圳,秀动网
《花好月圆》民乐古韵·唯美国风-新国潮中秋主题音乐会,,2026-09-25 15:30,,,深圳,https://www.showstart.com/event/306111,,¥56起,演出/Livehouse,广东省,深圳,秀动网
“DEMON”情绪说唱派对｜深圳站｜嘉宾：1CEKary艾斯凯瑞,,2026-09-25 20:00,,,深圳,https://www.showstart.com/event/308427,,¥78起,演出/Livehouse,广东省,深圳,秀动网
杂技秀《萌动奇迹-U show》,,2026-09-25 20:00,,,深圳,https://www.showstart.com/event/308706,,¥80起,演出/Livehouse,广东省,深圳,秀动网
「KPOPBOOM深圳站11.0」BLACKPINK专场｜千人KPOP音乐节,,2026-09-25 20:00,,,深圳,https://www.showstart.com/event/309265,,¥88起,演出/Livehouse,广东省,深圳,秀动网
与你相对·相对论乐队 2026巡演 深圳站,,2026-09-25 20:00,,,深圳,https://www.showstart.com/event/305365,,¥100起,演出/Livehouse,广东省,深圳,秀动网
碎叠2026新专辑【阿南刻】巡演深圳专场,,2026-09-26 13:30,,,深圳,https://www.showstart.com/event/304541,,¥59起,演出/Livehouse,广东省,深圳,秀动网
《笑傲江湖》经典武侠金曲·民乐新国潮音乐会,,2026-09-26 14:00,,,深圳,https://www.showstart.com/event/306112,,¥56起,演出/Livehouse,广东省,深圳,秀动网
踢踏音乐剧《哥仔姐仔踏着火》-湾剧场,,2026-09-26 14:30,,,深圳,https://www.showstart.com/event/307261,,¥50起,演出/Livehouse,广东省,深圳,秀动网
MOSBANK月之私语粉丝见面会,,2026-09-26 15:00,,,深圳,https://www.showstart.com/event/310010,,¥488起,演出/Livehouse,广东省,深圳,秀动网
廖俊涛「谁？」2026巡演-深圳站,,2026-09-26 19:00,,,深圳,https://www.showstart.com/event/305260,,¥298起,演出/Livehouse,广东省,深圳,秀动网
灼海豚「终点写着起点见」2026巡演深圳站（收官站）,,2026-09-26 19:30,,,深圳,https://www.showstart.com/event/305818,,¥220起,演出/Livehouse,广东省,深圳,秀动网
耍起PLAY/深圳站9.26/DiorGoFlex/YoungCashJason/YHL:PlayerJ/步步高先生/阿牛,,2026-09-26 19:30,,,深圳,https://www.showstart.com/event/310183,,¥118起,演出/Livehouse,广东省,深圳,秀动网
柯子颜2026「颜途有你」巡演深圳站,,2026-09-26 20:00,,,深圳,https://www.showstart.com/event/304719,,¥128起,演出/Livehouse,广东省,深圳,秀动网
2026 DEN邓杰「blu-night蓝夜」巡演深圳站,,2026-09-26 20:00,,,深圳,https://www.showstart.com/event/307044,,¥160,演出/Livehouse,广东省,深圳,秀动网
友谊唱片亚洲回响系列 | 印尼Indie Pop名团MOCCA首次巡演,,2026-09-26 20:30,,,深圳,https://www.showstart.com/event/309100,,¥188起,演出/Livehouse,广东省,深圳,秀动网
【秀动呈献】第八届梦幻自赏音乐节 深圳站,,2026-09-27 18:30,,,深圳,https://www.showstart.com/event/305395,,¥198起,演出/Livehouse,广东省,深圳,秀动网
SoundVibe呈现｜澳洲前卫金属双贝斯乐队The Omnific《低频共振》深圳站,,2026-09-27 19:30,,,深圳,https://www.showstart.com/event/301672,,¥280起,演出/Livehouse,广东省,深圳,秀动网
Unknown Art 呈现｜Katatonia 2026 首次来华，瑞典忧郁暗色摇滚，另类金属传奇乐团 深圳站,,2026-09-28 20:30,,,深圳,https://www.showstart.com/event/310093,,¥280起,演出/Livehouse,广东省,深圳,秀动网
Anson Seabra-深圳特别场,,2026-09-30 20:00,,,深圳,https://www.showstart.com/event/309742,,¥308,演出/Livehouse,广东省,深圳,秀动网
【国庆特辑】KPOP UP 千人音乐节-深圳站,,2026-09-30 20:00,,,深圳,https://www.showstart.com/event/308642,,¥88起,演出/Livehouse,广东省,深圳,秀动网
Yufu 2026限定专场「未烊之时After Hours Vol.1」深圳站,,2026-09-30 20:00,,,深圳,https://www.showstart.com/event/309257,,¥160起,演出/Livehouse,广东省,深圳,秀动网
【国庆档】开心麻花喜剪吹沉浸剧场《疯狂理发店》,,2026-10-01 14:30,,,深圳,https://www.showstart.com/event/307570,,¥189起,演出/Livehouse,广东省,深圳,秀动网
开心麻花西部沉浸式互动喜剧《婚礼大镖客》,,2026-10-01 15:00,,,深圳,https://www.showstart.com/event/307233,,¥180起,演出/Livehouse,广东省,深圳,秀动网
【国庆档】开心麻花爆笑奇谈大戏《开心聊斋.三生PLUS》,,2026-10-01 20:00,,,深圳,https://www.showstart.com/event/307571,,¥80起,演出/Livehouse,广东省,深圳,秀动网
深圳必看丨沉浸式探案丨首个行进式互动话剧《宋美龄耳环丢了》丨民国悬疑丨套票优惠,,2026-10-02 14:30,,,深圳,https://www.showstart.com/event/310303,,¥196起,演出/Livehouse,广东省,深圳,秀动网
MISTERK 2026 深圳专场,,2026-10-02 20:00,,,深圳,https://www.showstart.com/event/307804,,¥180起,演出/Livehouse,广东省,深圳,秀动网
2026第24届深圳星幻动漫节【深圳漫展】,,2026-10-03 10:00,,,深圳,https://www.showstart.com/event/306243,,¥60起,演出/Livehouse,广东省,深圳,秀动网
伍六七「全员登岛！」2026小鸡岛音乐派对LIVEHOUSE 深圳站,,2026-10-03 14:00,,,深圳,https://www.showstart.com/event/308773,,¥298起,演出/Livehouse,广东省,深圳,秀动网
萧敬腾2026野生巡回演唱会-深圳站,,2026-10-03 19:00,,,深圳,https://www.showstart.com/event/310378,,¥280起,演出/Livehouse,广东省,深圳,秀动网
限时6折|西班牙塞维利亚安东尼奥·安德拉德弗拉门戈舞蹈团《卡门》,,2026-10-03 19:30,,,深圳,https://www.showstart.com/event/301003,,¥108起,演出/Livehouse,广东省,深圳,秀动网
DDmashawty&lilasian！redpower10.4深圳站,,2026-10-04 20:00,,,深圳,https://www.showstart.com/event/309150,,¥168起,演出/Livehouse,广东省,深圳,秀动网
《冰雪奇缘—爱莎的魔法秘密》大型励志互动儿童剧,,2026-10-06 10:30,,,深圳,https://www.showstart.com/event/287195,,¥39起,演出/Livehouse,广东省,深圳,秀动网
音乐剧《卖火柴的小女孩》-湾剧场,,2026-10-06 10:30,,,深圳,https://www.showstart.com/event/310384,,¥40起,演出/Livehouse,广东省,深圳,秀动网
“喀秋莎”俄罗斯远东国家歌舞团大型歌舞晚会-2026巡演【深圳站】,,2026-10-06 19:30,,,深圳,https://www.showstart.com/event/287196,,¥180起,演出/Livehouse,广东省,深圳,秀动网
宁峰与德国波茨坦室内乐团演绎全套莫扎 特小提琴协奏曲,,2026-10-06 19:30,,,深圳,https://www.showstart.com/event/310325,,¥85起,演出/Livehouse,广东省,深圳,秀动网
绍兴小百花越剧团 新编越剧《明月清泉》-南山站,,2026-10-06 19:30,,,深圳,https://www.showstart.com/event/309905,,¥80起,演出/Livehouse,广东省,深圳,秀动网
2026舞动精灵Groove Coverage出道25周年深圳演唱会,,2026-10-06 20:00,,,深圳,https://www.showstart.com/event/292909,,¥180起,演出/Livehouse,广东省,深圳,秀动网
澳大利亚INFP系梦幻治愈组合DREAM TUNES巡演 深圳站,,2026-10-06 20:00,,,深圳,https://www.showstart.com/event/309694,,¥180起,演出/Livehouse,广东省,深圳,秀动网
NEEVE 2026 秋季巡演「Am I on your mind?」深圳站,,2026-10-07 20:00,,,深圳,https://www.showstart.com/event/309966,,¥218起,演出/Livehouse,广东省,深圳,秀动网
海底时光机《西岸余晖区》巡演 深圳站,,2026-10-09 20:00,,,深圳,https://www.showstart.com/event/308342,,¥109起,演出/Livehouse,广东省,深圳,秀动网
大型原创舞剧《沙湾往事》,,2026-10-10 20:00,,,深圳,https://www.showstart.com/event/303396,,¥180起,演出/Livehouse,广东省,深圳,秀动网
吴江文旅集团出品 黄诗扶主唱《入梦》音乐幕剧｜国风古典文学创新舞台,,2026-10-10 20:00,,,深圳,https://www.showstart.com/event/308762,,¥180起,演出/Livehouse,广东省,深圳,秀动网
街头fortune说唱派对深圳站(丘比特主题巡演)  | 双嘉宾绵阳Star&Threethousand***三千,,2026-10-10 20:00,,,深圳,https://www.showstart.com/event/309592,,¥98起,演出/Livehouse,广东省,深圳,秀动网
次元激战 ACG宿命对决  ｜ 湾岸电力 VS 夜一乐队,,2026-10-11 12:00,,,深圳,https://www.showstart.com/event/310025,,¥68起,演出/Livehouse,广东省,深圳,秀动网
JORDANN「SOUND THERAPY」2026秋季巡演 深圳站,,2026-10-11 19:30,,,深圳,https://www.showstart.com/event/309163,,¥220起,演出/Livehouse,广东省,深圳,秀动网
【深圳】《后来·遇见》籁之音歌行合唱团流行经典歌曲合唱音乐会,,2026-10-11 20:00,,,深圳,https://www.showstart.com/event/309651,,¥100起,演出/Livehouse,广东省,深圳,秀动网
JUMP THE BLUE·MOJOHAND2026跨蓝巡演-深圳站,,2026-10-11 20:00,,,深圳,https://www.showstart.com/event/303812,,¥100起,演出/Livehouse,广东省,深圳,秀动网
闪千手呈现｜YĪN YĪN 2026新专辑巡演  深圳,,2026-10-11 20:30,,,深圳,https://www.showstart.com/event/301941,,¥220起,演出/Livehouse,广东省,深圳,秀动网
2026年红宝石·金秋十月深圳音乐会,,2026-10-12 20:00,,,深圳,https://www.showstart.com/event/310110,,¥168起,演出/Livehouse,广东省,深圳,秀动网
英国当代灵魂乐之声Mamas Gun 《DIG!》世界巡演 深圳站,,2026-10-14 20:00,,,深圳,https://www.showstart.com/event/298886,,¥199起,演出/Livehouse,广东省,深圳,秀动网
【10.16深圳】下班了班金润—鸠鸠Jiojio&Fimoo2026盲盒巡演,,2026-10-16 20:00,,,深圳,https://www.showstart.com/event/306939,,¥69起,演出/Livehouse,广东省,深圳,秀动网
纣王老胡&边无才「细嚼慢咽 」巡演 深圳站,,2026-10-16 20:00,,,深圳,https://www.showstart.com/event/307796,,¥88起,演出/Livehouse,广东省,深圳,秀动网
"椅子乐团 Rolling On, Marching On 十周年巡演 深圳站",,2026-10-16 20:00,,,深圳,https://www.showstart.com/event/310238,,¥249起,演出/Livehouse,广东省,深圳,秀动网
浙江小百花越剧院越剧《苏东坡》,,2026-10-16 20:00,,,深圳,https://www.showstart.com/event/305799,,¥180起,演出/Livehouse,广东省,深圳,秀动网
Peremotka 倒带乐队 2026新专辑巡演 | 飞向尚未命名的地方 深圳站,,2026-10-16 20:00,,,深圳,https://www.showstart.com/event/308809,,¥178起,演出/Livehouse,广东省,深圳,秀动网
祁紫檀2026“世界与孤独女王”巡演-深圳站,,2026-10-16 20:30,,,深圳,https://www.showstart.com/event/308883,,¥159起,演出/Livehouse,广东省,深圳,秀动网
开心麻花王牌爆笑大戏《乌龙山伯爵》,,2026-10-17 15:00,,,深圳,https://www.showstart.com/event/308720,,¥80起,演出/Livehouse,广东省,深圳,秀动网
有放热都市音乐节.深圳,,2026-10-17 16:30,,,深圳,https://www.showstart.com/event/308808,,¥218起,演出/Livehouse,广东省,深圳,秀动网
APPRX.俞思远<七点>巡演 深圳站,,2026-10-17 19:00,,,深圳,https://www.showstart.com/event/308879,,¥199起,演出/Livehouse,广东省,深圳,秀动网
2026派克特IMPACT巡演 - 深圳站,,2026-10-17 20:00,,,深圳,https://www.showstart.com/event/308967,,¥168起,演出/Livehouse,广东省,深圳,秀动网
万晓利「这一切没有想象的那么糟」20周年秋季巡演·深圳站,,2026-10-17 20:00,,,深圳,https://www.showstart.com/event/308953,,¥149起,演出/Livehouse,广东省,深圳,秀动网
大师杰作——凡酷四重奏音乐会,,2026-10-17 20:00,,,深圳,https://www.showstart.com/event/304259,,¥100起,演出/Livehouse,广东省,深圳,秀动网
"椅子乐团 Rolling On, Marching On 十周年巡演 深圳站",,2026-10-17 20:00,,,深圳,https://www.showstart.com/event/310241,,¥249起,演出/Livehouse,广东省,深圳,秀动网
8bite「落茧」2026巡演  深圳站,,2026-10-17 20:00,,,深圳,https://www.showstart.com/event/307040,,¥129起,演出/Livehouse,广东省,深圳,秀动网
【小橙堡】经典梦幻童话剧《睡美人》-湾剧场,,2026-10-18 10:30,,,深圳,https://www.showstart.com/event/309223,,¥48起,演出/Livehouse,广东省,深圳,秀动网
纪念坂本龙一·精选作品音乐会,,2026-10-18 15:00,,,深圳,https://www.showstart.com/event/308164,,¥100起,演出/Livehouse,广东省,深圳,秀动网
有放热都市音乐节.深圳闭幕派对（特邀西贡灵魂复兴）,,2026-10-18 19:00,,,深圳,https://www.showstart.com/event/308872,,¥168起,演出/Livehouse,广东省,深圳,秀动网
粥粥和小伙2026放轻松巡演-深圳站,,2026-10-18 19:50,,,深圳,https://www.showstart.com/event/302472,,¥99起,演出/Livehouse,广东省,深圳,秀动网
阿克江敏感天赋新专辑巡演·深圳站,,2026-10-18 20:00,,,深圳,https://www.showstart.com/event/309926,,¥168起,演出/Livehouse,广东省,深圳,秀动网
Unknown Art 呈现｜Harakiri for the sky 亚洲巡演，奥地利后黑金属大团 深圳站,,2026-10-20 20:00,,,深圳,https://www.showstart.com/event/308934,,¥180起,演出/Livehouse,广东省,深圳,秀动网
SoundVibe呈现｜Charles Berthoud《极限低音》Play With Fire 贝斯巡演 深圳站,,2026-10-20 20:00,,,深圳,https://www.showstart.com/event/307671,,¥200起,演出/Livehouse,广东省,深圳,秀动网
跨越二次元ACG神级动漫音乐演唱会,,2026-10-23 19:30,,,深圳,https://www.showstart.com/event/307510,,¥68起,演出/Livehouse,广东省,深圳,秀动网
不可撤销「嫁给我」十年之约2026巡演 深圳站,,2026-10-23 20:00,,,深圳,https://www.showstart.com/event/305832,,¥108起,演出/Livehouse,广东省,深圳,秀动网
【早鸟票6折】哈利波特·奇妙魔法之旅音乐会,,2026-10-24 15:00,,,深圳,https://www.showstart.com/event/303356,,¥72起,演出/Livehouse,广东省,深圳,秀动网
《你的名字-天气之子》新海诚动漫作品钢琴音乐会,,2026-10-24 15:30,,,深圳,https://www.showstart.com/event/306118,,¥56起,演出/Livehouse,广东省,深圳,秀动网
最后的莫西干人—印第安演奏家亚历桑德罗旷野之声音乐会,,2026-10-24 19:30,,,深圳,https://www.showstart.com/event/306653,,¥100起,演出/Livehouse,广东省,深圳,秀动网
音乐剧《她的海》,,2026-10-24 19:30,,,深圳,https://www.showstart.com/event/305999,,¥180起,演出/Livehouse,广东省,深圳,秀动网
【第一话·重启】黄少谷「当初」巡回演唱会  深圳站,,2026-10-24 19:30,,,深圳,https://www.showstart.com/event/309678,,¥220起,演出/Livehouse,广东省,深圳,秀动网
暗杠「太阳·月亮·草地」走歌人2026专辑巡唱 深圳站,,2026-10-24 20:00,,,深圳,https://www.showstart.com/event/304177,,¥128起,演出/Livehouse,广东省,深圳,秀动网
10月24日《权力的游戏》·超燃电影配乐·大型交响音乐会·深圳站,,2026-10-24 20:00,,,深圳,https://www.showstart.com/event/304399,,¥90起,演出/Livehouse,广东省,深圳,秀动网
Jake Miller「The Spark Tour」-深圳站,,2026-10-24 20:00,,,深圳,https://www.showstart.com/event/304765,,¥298起,演出/Livehouse,广东省,深圳,秀动网
很美味2026【赏味期】巡演深圳站,,2026-10-24 20:00,,,深圳,https://www.showstart.com/event/304320,,¥128起,演出/Livehouse,广东省,深圳,秀动网
2026深圳“一带一路”国际音乐季 波斯来风·爱之灵药乐队伊朗传统音乐会,,2026-10-24 20:00,,,深圳,https://www.showstart.com/event/309929,,¥120起,演出/Livehouse,广东省,深圳,秀动网
【小橙堡】经典梦幻童话剧《睡美人》-妇儿剧场,,2026-10-25 10:30,,,深圳,https://www.showstart.com/event/309877,,¥80起,演出/Livehouse,广东省,深圳,秀动网
时光的迴响——莉莉亚·齐柏丝坦钢琴独奏音乐会,,2026-10-25 15:00,,,深圳,https://www.showstart.com/event/307619,,¥100起,演出/Livehouse,广东省,深圳,秀动网
HYPER SLASH超级斩十周年巡演 深圳站,,2026-10-25 20:00,,,深圳,https://www.showstart.com/event/308001,,¥128起,演出/Livehouse,广东省,深圳,秀动网
Bôa 巡演 2026 深圳站,,2026-10-25 20:00,,,深圳,https://www.showstart.com/event/297597,,¥280起,演出/Livehouse,广东省,深圳,秀动网
张叶蕾「还是分开」恋爱脑康复中心2026巡回演唱会-南山站,,2026-10-25 20:00,,,深圳,https://www.showstart.com/event/309569,,¥180起,演出/Livehouse,广东省,深圳,秀动网
2026那奇沃夫“Number One Boy”Tour 深圳站,,2026-10-25 20:00,,,深圳,https://www.showstart.com/event/308507,,¥268起,演出/Livehouse,广东省,深圳,秀动网
Unknown Art 呈现｜赛丹Saidan 2026亚洲巡演，东亚怪谈与暗黑哥特，美国旋律/原始黑金属乐团 深圳站,,2026-10-26 20:00,,,深圳,https://www.showstart.com/event/310332,,¥148起,演出/Livehouse,广东省,深圳,秀动网
PaulGilbert (保罗·吉尔伯特) WROC 2026巡演 深圳站,,2026-10-27 20:00,,,深圳,https://www.showstart.com/event/308458,,¥380起,演出/Livehouse,广东省,深圳,秀动网
「pastday」动物园钉子户2026新EP全国巡演 深圳站,,2026-10-30 20:00,,,深圳,https://www.showstart.com/event/306165,,¥100起,演出/Livehouse,广东省,深圳,秀动网
开心麻花惊怂爆笑喜剧《出马》深圳,,2026-10-30 20:00,,,深圳,https://www.showstart.com/event/310246,,¥153起,演出/Livehouse,广东省,深圳,秀动网
极品贵公子个人特别专场-出来玩ER深圳站,,2026-10-30 20:00,,,深圳,https://www.showstart.com/event/308243,,¥188起,演出/Livehouse,广东省,深圳,秀动网
2026深圳“一带一路”国际音乐季 德米特里·阿列克谢耶夫钢琴独奏音乐会,,2026-10-30 20:00,,,深圳,https://www.showstart.com/event/309534,,¥80起,演出/Livehouse,广东省,深圳,秀动网
“热爱且擅长”金池深圳 演唱会,,2026-10-30 20:00,,,深圳,https://www.showstart.com/event/308464,,¥180起,演出/Livehouse,广东省,深圳,秀动网
《岁月鎏金•一生所爱》香港影视辉煌三十年经典金曲音乐会,,2026-10-31 15:00,,,深圳,https://www.showstart.com/event/307402,,¥180起,演出/Livehouse,广东省,深圳,秀动网
限时8折丨拉美爵士天后Karen Souza凯伦·索萨“丝绒爵色时”2026巡演,,2026-10-31 19:30,,,深圳,https://www.showstart.com/event/296813,,¥144起,演出/Livehouse,广东省,深圳,秀动网
夏日麽麽茶第一轮巡演 深圳站,,2026-10-31 20:00,,,深圳,https://www.showstart.com/event/310147,,¥98起,演出/Livehouse,广东省,深圳,秀动网
10月31日《天空之城》宫崎骏&久石让经典动漫作品大型交响音乐会·深圳站,,2026-10-31 20:00,,,深圳,https://www.showstart.com/event/304402,,¥48起,演出/Livehouse,广东省,深圳,秀动网
"花墙FancyWall「This,That」十周年巡演 深圳站",,2026-10-31 20:00,,,深圳,https://www.showstart.com/event/304943,,¥120起,演出/Livehouse,广东省,深圳,秀动网
莫西子诗“黑夜闪闪发光”2026LIVEHOUSE巡演-深圳站,,2026-11-01 20:00,,,深圳,https://www.showstart.com/event/303886,,¥128起,演出/Livehouse,广东省,深圳,秀动网
气象限定Quadrant 亚洲巡演【深圳站】,,2026-11-01 20:00,,,深圳,https://www.showstart.com/event/308515,,¥118起,演出/Livehouse,广东省,深圳,秀动网
Men I Trust（我信任的人）2026演出-深圳站,,2026-11-05 20:00,,,深圳,https://www.showstart.com/event/299516,,¥328起,演出/Livehouse,广东省,深圳,秀动网
只是一场简单对话—深圳站,,2026-11-06 19:00,,,深圳,https://www.showstart.com/event/307282,,¥149起,演出/Livehouse,广东省,深圳,秀动网
「怡然の帽泡time」李怡然同学2026巡演 深圳站,,2026-11-06 20:00,,,深圳,https://www.showstart.com/event/307883,,¥99起,演出/Livehouse,广东省,深圳,秀动网
开心麻花爆笑舞台剧《飞谎腾达》,,2026-11-07 15:00,,,深圳,https://www.showstart.com/event/309221,,¥80起,演出/Livehouse,广东省,深圳,秀动网
音乐剧《破墙》,,2026-11-07 19:30,,,深圳,https://www.showstart.com/event/306209,,¥180起,演出/Livehouse,广东省,深圳,秀动网
「她想去的地方」葡萄不愤怒2026巡演 深圳站,,2026-11-07 20:00,,,深圳,https://www.showstart.com/event/309283,,¥109起,演出/Livehouse,广东省,深圳,秀动网
葡萄牙提琴后摇 indignu 深圳站,,2026-11-07 20:00,,,深圳,https://www.showstart.com/event/310261,,¥178,演出/Livehouse,广东省,深圳,秀动网
秦昊Jeff“光阴的模样”巡演-深圳站,,2026-11-07 20:00,,,深圳,https://www.showstart.com/event/307990,,¥230.40起,演出/Livehouse,广东省,深圳,秀动网
自得琴社朝代系列音乐会《琴为何物·战汉·启元》,,2026-11-07 20:00,,,深圳,https://www.showstart.com/event/307620,,¥224起,演出/Livehouse,广东省,深圳,秀动网
飞行冠军【浮出水面】2026新专辑巡演 深圳站,,2026-11-07 20:00,,,深圳,https://www.showstart.com/event/303249,,¥99起,演出/Livehouse,广东省,深圳,秀动网
暴雪35周年官方游戏交响音乐会（Jason Hayes领衔）深圳站,,2026-11-08 19:30,,,深圳,https://www.showstart.com/event/298639,,¥280起,演出/Livehouse,广东省,深圳,秀动网
碎梦飞跃「外面是夏天」2026巡演 深圳站,,2026-11-08 20:00,,,深圳,https://www.showstart.com/event/308116,,¥100起,演出/Livehouse,广东省,深圳,秀动网
【声厂呈现】瑞士器乐三重奏Schnellertollermeier巡演·深圳站,,2026-11-11 20:30,,,深圳,https://www.showstart.com/event/309396,,¥158起,演出/Livehouse,广东省,深圳,秀动网
帆布小镇今夜无法入眠Ⅱ特别专场-深圳站,,2026-11-13 20:00,,,深圳,https://www.showstart.com/event/306732,,¥99起,演出/Livehouse,广东省,深圳,秀动网
New Noise呈现｜The Seven Mile Journey 2026 巡演  深圳站,,2026-11-13 20:30,,,深圳,https://www.showstart.com/event/307739,,¥160,演出/Livehouse,广东省,深圳,秀动网
芭蕾舞剧《红色娘子军》,,2026-11-14 20:00,,,深圳,https://www.showstart.com/event/305281,,¥180起,演出/Livehouse,广东省,深圳,秀动网
莫非定律乐团《私人电影院2：加场放映》巡演 深圳站,,2026-11-14 20:00,,,深圳,https://www.showstart.com/event/309559,,¥158起,演出/Livehouse,广东省,深圳,秀动网
“海上双钢琴师”阿比萨尔·捷杰耶夫 × 方演【第五季】双钢琴音乐会,,2026-11-15 15:00,,,深圳,https://www.showstart.com/event/300756,,¥144起,演出/Livehouse,广东省,深圳,秀动网
爱乐之城·经典电影作品音乐会,,2026-11-15 15:00,,,深圳,https://www.showstart.com/event/309222,,¥100起,演出/Livehouse,广东省,深圳,秀动网
老舍经典话剧《茶馆》-”年度京味儿大戏”【深圳站】,,2026-11-15 15:30,,,深圳,https://www.showstart.com/event/300700,,¥140起,演出/Livehouse,广东省,深圳,秀动网
欧陆前卫重型风向标UNPROCESSED 2026巡演深圳站,,2026-11-20 20:00,,,深圳,https://www.showstart.com/event/307013,,¥180起,演出/Livehouse,广东省,深圳,秀动网
江西文演•陆川导演作品舞剧《天工开物》,,2026-11-20 20:00,,,深圳,https://www.showstart.com/event/308172,,¥180起,演出/Livehouse,广东省,深圳,秀动网
脆莓乐队「鲜活人生 Vibrant Life」·深圳站,,2026-11-20 20:00,,,深圳,https://www.showstart.com/event/310088,,¥158起,演出/Livehouse,广东省,深圳,秀动网
浅水ShallowEnd「容器」2026新专辑巡演深圳站,,2026-11-20 20:00,,,深圳,https://www.showstart.com/event/308451,,¥108起,演出/Livehouse,广东省,深圳,秀动网
2026陈柯宇“直到遇见了你”粉丝见面音乐会·深圳站,,2026-11-21 19:00,,,深圳,https://www.showstart.com/event/307528,,¥99起,演出/Livehouse,广东省,深圳,秀动网
大宽「我们将离散在某日黄昏」个人巡演 深圳站,,2026-11-21 19:30,,,深圳,https://www.showstart.com/event/300854,,¥140起,演出/Livehouse,广东省,深圳,秀动网
正版国漫首部2.5次元真人舞台剧《一人之下》第一部,,2026-11-22 15:30,,,深圳,https://www.showstart.com/event/306879,,¥100起,演出/Livehouse,广东省,深圳,秀动网
Kings of Convenience便利之王2026深圳专场,,2026-11-22 20:00,,,深圳,https://www.showstart.com/event/303937,,¥360起,演出/Livehouse,广东省,深圳,秀动网
"【声厂呈现】Black Country, New Road 2026巡演·深圳站",,2026-11-25 20:30,,,深圳,https://www.showstart.com/event/305654,,¥300起,演出/Livehouse,广东省,深圳,秀动网
曹禺经典巨作话剧《雷雨》“一场尘封旧梦的时代悲歌”【深圳站】,,2026-11-28 15:30,,,深圳,https://www.showstart.com/event/302545,,¥140起,演出/Livehouse,广东省,深圳,秀动网
美国电子流行唱作人【Demxntia】2026巡演 深圳站,,2026-11-28 20:00,,,深圳,https://www.showstart.com/event/309492,,¥220起,演出/Livehouse,广东省,深圳,秀动网
11月28日《卡农》世界经典名曲·大型交响音乐会·深圳站,,2026-11-28 20:00,,,深圳,https://www.showstart.com/event/304406,,¥56起,演出/Livehouse,广东省,深圳,秀动网
民族歌剧《二泉》,,2026-12-03 20:00,,,深圳,https://www.showstart.com/event/308272,,¥126起,演出/Livehouse,广东省,深圳,秀动网
世界顶级首席舞者露西亚·拉卡拉现代芭蕾舞剧《遗失的情书》-南山站,,2026-12-04 20:00,,,深圳,https://www.showstart.com/event/309063,,¥180起,演出/Livehouse,广东省,深圳,秀动网
上海话剧艺术中心·金士杰、田水主演话剧《父亲》,,2026-12-04 20:00,,,深圳,https://www.showstart.com/event/309743,,¥180起,演出/Livehouse,广东省,深圳,秀动网
「复刻回忆」Pianoboy高至豪流行钢琴音乐会,,2026-12-06 15:30,,,深圳,https://www.showstart.com/event/299838,,¥180起,演出/Livehouse,广东省,深圳,秀动网
Sold Out、Wildfire 原唱 Jon Steingard 2026 深圳演唱会,,2026-12-11 20:00,,,深圳,https://www.showstart.com/event/302258,,¥180起,演出/Livehouse,广东省,深圳,秀动网
12月11-13日法语音乐剧《茶花女》,,2026-12-11 20:00,,,深圳,https://www.showstart.com/event/310428,,¥180起,演出/Livehouse,广东省,深圳,秀动网
花开四季~心路歌者乌兰图雅演唱会专场—深圳站,,2026-12-12 20:00,,,深圳,https://www.showstart.com/event/310355,,¥380起,演出/Livehouse,广东省,深圳,秀动网
霉霉生日场！【Love Story】-Taylor Swift金曲演唱会 霉粉必看！@TayMe（深圳站）,,2026-12-12 20:00,,,深圳,https://www.showstart.com/event/309176,,¥98起,演出/Livehouse,广东省,深圳,秀动网
布衣乐队《云起时》巡演深圳站,,2026-12-13 20:00,,,深圳,https://www.showstart.com/event/307980,,¥108起,演出/Livehouse,广东省,深圳,秀动网
加入WhatsApp群組輕鬆識朋友~,,2026-09-18 19:00:00,,,,https://www.meetup.com/meetup-group-lmbgvddm/events/315328008/,,,Meetup/expat,广东省,深圳,Meetup
Happy Hour Networking at GRAFFITI,,2026-09-18 18:30:00,,,"GRAFFITI LKF, Shop C & D, UG/F, Ho Lee Commercial Building, 38-44 D’Aguilar Street, Lan Kwai Fong, Central,, Hong Kong",https://www.meetup.com/the-buz-lead/events/316032466/,,,Meetup/expat,广东省,深圳,Meetup
Pre-holiday Professional Networking at Frank’s Records,,2026-09-30 18:00:00,,,"Frank’s Records, 7/F, Harilela House, 79 Wyndham Street, Central, Hong Kong",https://www.meetup.com/the-buz-lead/events/315886523/,,,Meetup/expat,广东省,深圳,Meetup
認識國際朋友WhatsApp group for F2F event updates,,2026-10-03 20:00:00,,,"hong kong, hong kong, Hong Kong",https://www.meetup.com/friend-to-friend-hangout/events/311899395/,,,Meetup/expat,广东省,深圳,Meetup
Gathering of young entrepreneurs aged (20-30),,2026-09-20 14:00:00,,15,,https://www.meetup.com/sociale-group/events/316142006/,,,Meetup/expat,广东省,深圳,Meetup
Central Green & Heritage Night Trail 🏙️🥾,,2026-09-19 19:00:00,,20,"Chater Garden, Chater Rd, Central, Hong Kong Island, Hong Kong, Hong Kong Island",https://www.meetup.com/hikentrail-adventures/events/316411107/,,,Meetup/expat,广东省,深圳,Meetup
Fitfam HongKong •  Stretching Yoga on Thursday ,,2026-09-17 19:00:00,,30,"Tamar Park, Tamar Park, Harcourt Road, Admiralty, Hong Kong",https://www.meetup.com/fitfamhongkong/events/316132655/,,,Meetup/expat,广东省,深圳,Meetup
"Hong Kong Music, Art & Film Enthusiasts Gathering",,2026-09-18 20:00:00,,16,,https://www.meetup.com/sociale-group/events/316480300/,,,Meetup/expat,广东省,深圳,Meetup
Language exchange @my home cafe ,,2026-09-19 13:30:00,,30,"My home cafe, My Home Cafe (Causeway Bay) 3/F, 510 Lockhart Road, Causeway Bay,, Hong kong",https://www.meetup.com/hk-cwb-language-exchange/events/316299355/,,,Meetup/expat,广东省,深圳,Meetup
Professional Networking at NiGHTINGALE （ New ）,,2026-10-16 17:30:00,,,"D'aguilar street, Lan Kwai Fong D'aguilar street, Central, Hong Kong, Hong Kong",https://www.meetup.com/the-buz-lead/events/316235454/,,,Meetup/expat,广东省,深圳,Meetup
Property Deal Network Shenzhen - PDN - Property Networking Event,,2026-10-07,2026-10-07,,"9009 Shennan Road, Shenzhen",https://www.eventbrite.co.uk/e/property-deal-network-shenzhen-pdn-property-networking-event-tickets-2000959850778,https://img.evbuc.com/https%3A%2F%2Fcdn.evbuc.com%2Fimages%2F549278289%2F138789452760%2F1%2Foriginal.20191105-214025?w=438&auto=format%2Ccompress&q=75&sharp=10&rect=61%2C0%2C438%2C219&s=0f486263b3c6ba2caab7dbac03aaac81,,Eventbrite,广东省,深圳,Eventbrite
WESEMiBAY Semiconductor Ecosystem Expo 2026,,2026-10-14,2026-10-14,,"福华三路, 深圳市, 广东省",https://www.eventbrite.com/e/wesemibay-semiconductor-ecosystem-expo-2026-tickets-1999006478188,https://img.evbuc.com/https%3A%2F%2Fcdn.evbuc.com%2Fimages%2F1192009351%2F3011987460770%2F1%2Foriginal.20260827-054059?crop=focalpoint&fit=crop&w=354&auto=format%2Ccompress&q=75&sharp=10&fp-x=0.5&fp-y=0.5&s=3d62854f02c693f067bef6b2d8195e26,,Eventbrite,广东省,深圳,Eventbrite
The Stony Brook School Information Session (Shenzhen),,2026-10-15,2026-10-15,,"9668 Shennan Avenue, Shenzhen, Guangdong",https://www.eventbrite.com/e/the-stony-brook-school-information-session-shenzhen-tickets-1999485673474,https://img.evbuc.com/https%3A%2F%2Fcdn.evbuc.com%2Fimages%2F1143408243%2F1118167119513%2F1%2Foriginal.20251003-071432?crop=focalpoint&fit=crop&w=354&auto=format%2Ccompress&q=75&sharp=10&fp-x=0.5&fp-y=0.5&s=c525e4c6199027324de1962f563b538f,,Eventbrite,广东省,深圳,Eventbrite
Asia Energy Storage and Battery Industry Exhibition 2026,,2026-11-26,2026-11-28,,"fuyong, shenzhen, guangdong",https://www.eventbrite.com/e/asia-energy-storage-and-battery-industry-exhibition-2026-tickets-1993980167357,https://img.evbuc.com/https%3A%2F%2Fcdn.evbuc.com%2Fimages%2F1188891948%2F3008146096136%2F1%2Foriginal.20260715-024445?crop=focalpoint&fit=crop&w=381&auto=format%2Ccompress&q=75&sharp=10&fp-x=0.505&fp-y=0.767&s=c0a53a58977993bf48399464ae2f5017,,Eventbrite,广东省,深圳,Eventbrite
2026 CILF Dinner Party,,2026-12-02,2026-12-02,,"Tianmian City Building, 深圳市, 广东省",https://www.eventbrite.com/e/2026-cilf-dinner-party-tickets-1998199688057,https://img.evbuc.com/https%3A%2F%2Fcdn.evbuc.com%2Fimages%2F1191226250%2F3011020534335%2F1%2Foriginal.20260817-090919?crop=focalpoint&fit=crop&w=354&auto=format%2Ccompress&q=75&sharp=10&fp-x=0.495&fp-y=0.491&s=b2747f97582142b98bfed6f1e079ada9,,Eventbrite,广东省,深圳,Eventbrite
AI and Digital Innovation for Safer and Resilient Infrastructure,,2026-09-16,2026-09-16,,"Room B, 14/F, Houston Industrial Building, Tsuen Wan, NT",https://www.eventbrite.co.uk/e/ai-and-digital-innovation-for-safer-and-resilient-infrastructure-tickets-1998411329081,https://img.evbuc.com/https%3A%2F%2Fcdn.evbuc.com%2Fimages%2F1192005498%2F1328104958943%2F1%2Foriginal.20260827-034002?w=300&auto=format%2Ccompress&q=75&sharp=10&s=1e5a598ffd328a4022fcca30ff53c5b5,,Eventbrite,广东省,深圳,Eventbrite
【DX設計館 】傳統金魚燈籠工作坊 | Traditional Goldfish Lantern Workshop,,2026-09-19,2026-09-19,,"DX design hub, Sham Shui Po, KOW",https://www.eventbrite.hk/e/dx-traditional-goldfish-lantern-workshop-tickets-1999005997751,https://img.evbuc.com/https%3A%2F%2Fcdn.evbuc.com%2Fimages%2F1192545716%2F1906117772893%2F1%2Foriginal.20260903-044136?crop=focalpoint&fit=crop&w=381&auto=format%2Ccompress&q=75&sharp=10&fp-x=0.5&fp-y=0.5&s=79d07069cfe69beb8ed59e09ba203f90,,Eventbrite,广东省,深圳,Eventbrite
Rock & Roll | Cinnabon 5K Run,,2026-09-20,2026-09-20,,"20 Tat Tung Road, Hong Kong, NT",https://www.eventbrite.com/e/rock-roll-cinnabon-5k-run-tickets-1999146212136,https://img.evbuc.com/https%3A%2F%2Fcdn.evbuc.com%2Fimages%2F1192168261%2F3006081292986%2F1%2Foriginal.20260829-061022?crop=focalpoint&fit=crop&w=512&auto=format%2Ccompress&q=75&sharp=10&fp-x=0.233&fp-y=0.505&s=1213e12e0cef8750242f1c7f2e0598ee,,Eventbrite,广东省,深圳,Eventbrite
好師傅裝修預備班 (2026年9月20日班),,2026-09-20,2026-09-20,,"長沙灣道, Hong Kong, KOW",https://www.eventbrite.hk/e/2026920-tickets-1996546757096,https://img.evbuc.com/https%3A%2F%2Fcdn.evbuc.com%2Fimages%2F1190252639%2F394487900767%2F1%2Foriginal.20260804-031645?w=381&auto=format%2Ccompress&q=75&sharp=10&s=0f599cde4f4e825ff3171e07574ec3f5,,Eventbrite,广东省,深圳,Eventbrite
BELEZA XVI : AETHERIAL REALMS,,2026-10-03,2026-10-03,,"5 Hang Ming Street, Hong Kong, NT",https://www.eventbrite.com/e/beleza-xvi-aetherial-realms-tickets-1992831843690,https://img.evbuc.com/https%3A%2F%2Fcdn.evbuc.com%2Fimages%2F1191830640%2F1030314344953%2F1%2Foriginal.20260825-075108?crop=focalpoint&fit=crop&w=354&auto=format%2Ccompress&q=75&sharp=10&fp-x=0.295&fp-y=0.523&s=97a584eb081e1d9bbaa515d363ce086e,,Eventbrite,广东省,深圳,Eventbrite
The Langham  Pink Run 2026,,2026-10-11,2026-10-11,,"Hong Kong Science Park, Hong Kong, NT",https://www.eventbrite.hk/e/the-langham-pink-run-2026-tickets-1996198243683,https://img.evbuc.com/https%3A%2F%2Fcdn.evbuc.com%2Fimages%2F1190018581%2F3009489910447%2F1%2Foriginal.20260731-074118?w=354&auto=format%2Ccompress&q=75&sharp=10&s=ec54fe0ab8bfaf696e64cce1948b1c7a,,Eventbrite,广东省,深圳,Eventbrite
2026 PAN International Symposium (APAC),,2026-10-11,2026-10-11,,"199 Tsuen King Circuit, Tsuen Wan, NT",https://www.eventbrite.hk/e/2026-pan-international-symposium-apac-tickets-1993681183087,https://img.evbuc.com/https%3A%2F%2Fcdn.evbuc.com%2Fimages%2F1191637364%2F3007742992022%2F1%2Foriginal.20260822-011419?crop=focalpoint&fit=crop&w=354&auto=format%2Ccompress&q=75&sharp=10&fp-x=0.513&fp-y=0.071&s=7276a4badc2753841663b9167b8755d4,,Eventbrite,广东省,深圳,Eventbrite
Shi Fu Miz Festival: 10-Year,,2026-11-14,2026-11-15,,"Tai Tong Shan Road, Hong Kong, NT",https://www.eventbrite.hk/e/shi-fu-miz-festival-10-year-tickets-1991038655215,https://img.evbuc.com/https%3A%2F%2Fcdn.evbuc.com%2Fimages%2F1186131431%2F236899621964%2F1%2Foriginal.20260604-065651?crop=focalpoint&fit=crop&w=354&auto=format%2Ccompress&q=75&sharp=10&fp-x=0.5&fp-y=0.5&s=ae17afe43a68f0000249fc2fe8f82465,,Eventbrite,广东省,深圳,Eventbrite
Devenir un leader exemplaire,,2026-09-24,2026-09-24,,,https://www.eventbrite.ca/e/billets-devenir-un-leader-exemplaire-1994305065135,https://img.evbuc.com/https%3A%2F%2Fcdn.evbuc.com%2Fimages%2F1189071395%2F312791474078%2F1%2Foriginal.20260717-140024?crop=focalpoint&fit=crop&w=381&auto=format%2Ccompress&q=75&sharp=10&fp-x=0.5&fp-y=0.5&s=d989c8bb7cafdf8290a603a467d84910,,Eventbrite,广东省,深圳,Eventbrite
Atelier en ligne Psycom : prise en main du Cosmos Mental®,,2026-10-01,2026-10-01,,,https://www.eventbrite.com/e/billets-atelier-en-ligne-psycom-prise-en-main-du-cosmos-mental-1990504334046,https://img.evbuc.com/https%3A%2F%2Fcdn.evbuc.com%2Fimages%2F1185534797%2F1573312459803%2F1%2Foriginal.20260527-155440?w=400&auto=format%2Ccompress&q=75&sharp=10&s=8c2c8a8220e1fe01fc6d29113682e20c,,Eventbrite,广东省,深圳,Eventbrite
Chinaplas 2027,,,,,,https://allevents.in/shenzhen/chinaplas-2027/80003094767033,,,AllEvents,广东省,深圳,
NZAPT Conference 2026,,,,,,https://allevents.in/shenzhen/nzapt-conference-2026/200030562203724,,,AllEvents,广东省,深圳,
Film & Tape Expo 2026,,,,,,https://allevents.in/shenzhen/film-and-tape-expo-2026/200030474411909,,,AllEvents,广东省,深圳,
ACA Signature: Canton Fair Fall Session 2026,,,,,,https://allevents.in/guang-zhou-shi/aca-signature-canton-fair-fall-session-2026/100001975189071684,,,AllEvents,广东省,深圳,
The 7th Guangzhou Sourcing Fair,,,,,,https://allevents.in/%E5%B9%BF%E5%B7%9E%E5%B8%82/the-7th-guangzhou-sourcing-fair/100001991430729921,,,AllEvents,广东省,深圳,
The 4th Connexion ShenZhen,,,,,,https://allevents.in/%E6%B7%B1%E5%9C%B3%E5%B8%82/the-4th-connexion-shenzhen/100001992547260494,,,AllEvents,广东省,深圳,
The 54th Jinhan Fair for Home & Gifts,,,,,,https://allevents.in/%E5%B9%BF%E5%B7%9E%E5%B8%82/the-54th-jinhan-fair-for-home-and-gifts/100001991430348781,,,AllEvents,广东省,深圳,
The Canton Fair China,,,,,,https://allevents.in/lu-shan/the-canton-fair-china/200030444766713,,,AllEvents,广东省,深圳,
2026 GUANGZHOU INTERNATIONAL FASHION & LIFESTYLE FAIR,,,,,,https://allevents.in/%E5%B9%BF%E5%B7%9E%E5%B8%82/2026-guangzhou-international-fashion-and-lifestyle-fair/100001992910573172,,,AllEvents,广东省,深圳,
21st ASIAPRO Meetup | The Canton Fair Networking  Event,,,,,,https://allevents.in/guang-zhou-shi/21st-asiapro-meetup-the-canton-fair-networking-event/100001998526609889,,,AllEvents,广东省,深圳,
TOF Door Attend 140th Canton Fair With New Design Doors,,,,,,https://allevents.in/guangzhou/tof-door-attend-140th-canton-fair-with-new-design-doors/200030637268049,,,AllEvents,广东省,深圳,
37th Interwine & Spirits Asia,,,,,,https://allevents.in/%E5%B9%BF%E5%B7%9E%E5%B8%82/37th-interwine-and-spirits-asia/100001993979861442,,,AllEvents,广东省,深圳,
Epica in Shenzhen Shi,,,,,,https://allevents.in/shenzhen/epica-in-shenzhen-shi/3300029312352524,,,AllEvents,广东省,深圳,
God Is An Astronaut in 深圳市,,,,,,https://allevents.in/shenzhen/god-is-an-astronaut-in-深圳市/3300030496279218,,,AllEvents,广东省,深圳,
God Is An Astronaut in 天河区,,,,,,https://allevents.in/lu-shan/god-is-an-astronaut-in-天河区/3300030496277913,,,AllEvents,广东省,深圳,
Asia Energy Storage and Battery Industry Exhibition 2026,,,,,,https://allevents.in/shenzhen/asia-energy-storage-and-battery-industry-exhibition-2026/100001993980167357,,,AllEvents,广东省,深圳,
28th China Hi-Tech Fair: CUKBDC Delegation & Meeting Session,,,,,,https://allevents.in/shenzhen/28th-china-hi-tech-fair-cukbdc-delegation-and-meeting-session/100001993504134530,,,AllEvents,广东省,深圳,
Shenzhen International Dental Hight-Tech Expo,,,,,,https://allevents.in/shenzhen/shenzhen-international-dental-hight-tech-expo/200030682906608,,,AllEvents,广东省,深圳,
The 7th Guangzhou Sourcing Fair,,,,,,https://allevents.in/guangzhou/the-7th-guangzhou-sourcing-fair/300042596275,,,AllEvents,广东省,深圳,
The 54th Jinhan Fair for Home & Gifts,,,,,,https://allevents.in/guangzhou/the-54th-jinhan-fair-for-home-and-gifts/300042596268,,,AllEvents,广东省,深圳,
SoulKiz China 2026,,,,,,https://allevents.in/shenzhen/soulkiz-china-2026/100001914534828209,,,AllEvents,广东省,深圳,
【成都】《秋弦琴语·浪漫欧洲》小提琴钢琴音乐会,,2026-09-17 19:30,,,成都,https://www.showstart.com/event/305328,,¥80起,演出/Livehouse,四川省,成都,秀动网
波兰emo/盯鞋乐队 Eli’s Ladder 巡演成都站,,2026-09-17 20:00,,,成都,https://www.showstart.com/event/304928,,¥168起,演出/Livehouse,四川省,成都,秀动网
成都 | 限时7折  俄罗斯芭蕾国家剧院芭蕾舞《天鹅湖》,,2026-09-18 19:30,,,成都,https://www.showstart.com/event/301416,,¥266起,演出/Livehouse,四川省,成都,秀动网
白皮书十周年「只喝一杯」2026 No Stage巡演 成都站,,2026-09-18 20:00,,,成都,https://www.showstart.com/event/308481,,¥108起,演出/Livehouse,四川省,成都,秀动网
「浪漫的狗」春击浪2026巡演 成都站,,2026-09-18 20:00,,,成都,https://www.showstart.com/event/306073,,¥79起,演出/Livehouse,四川省,成都,秀动网
「喜剧之王单口季」普拉斯 领衔脱口秀漫才喜剧现场|火车南站|桐梓林|过载脱口秀,,2026-09-19 16:00,,,成都,https://www.showstart.com/event/309567,,¥120起,演出/Livehouse,四川省,成都,秀动网
[泡泡LIVE]专属执事企划·男仆装限定,,2026-09-19 16:30,,,泡泡LIVE,https://www.showstart.com/event/310417,,¥88,演出/Livehouse,四川省,成都,秀动网
【成都】香港周2026@成都——谭盾：16部电影的交响诗《声音河流》,,2026-09-19 19:30,,,成都,https://www.showstart.com/event/305261,,¥153起,演出/Livehouse,四川省,成都,秀动网
成都 | 限时6折起 俄罗斯芭蕾国家剧院芭蕾舞《胡桃夹子》,,2026-09-19 19:30,,,成都,https://www.showstart.com/event/301421,,¥196起,演出/Livehouse,四川省,成都,秀动网
斯丹曼簇「鲜花与牛粪」新专辑试听会-成都站,,2026-09-19 19:30,,,成都,https://www.showstart.com/event/308042,,¥138起,演出/Livehouse,四川省,成都,秀动网
2026不显名巡演第一轮｜成都站,,2026-09-19 20:00,,,成都,https://www.showstart.com/event/307155,,¥19.90,演出/Livehouse,四川省,成都,秀动网
I AM WHAT I AM 成都站,,2026-09-19 20:00,,,成都,https://www.showstart.com/event/306054,,¥368,演出/Livehouse,四川省,成都,秀动网
"花墙FancyWall「This,That」十周年巡演 成都站",,2026-09-19 20:00,,,成都,https://www.showstart.com/event/307174,,¥120起,演出/Livehouse,四川省,成都,秀动网
入梦之前,,2026-09-20 20:00,,,成都,https://www.showstart.com/event/309987,,¥48起,演出/Livehouse,四川省,成都,秀动网
从巴赫到新世界:管风琴的交响幻想-马丁·施梅丁管风琴独奏音乐会,,2026-09-21 19:30,,,成都,https://www.showstart.com/event/303702,,¥80起,演出/Livehouse,四川省,成都,秀动网
“花好月圆”中秋音乐会,,2026-09-22 19:30,,,成都,https://www.showstart.com/event/303146,,¥70起,演出/Livehouse,四川省,成都,秀动网
【成都】成都互动悬疑线下剧场版《无人生还》｜爆款零差评悬疑热剧｜反转反转再反转,,2026-09-23 19:30,,,成都,https://www.showstart.com/event/308526,,¥188起,演出/Livehouse,四川省,成都,秀动网
【中外名家名团】“独步天下”—钢琴大师马克-安德烈·哈默林音乐会,,2026-09-23 19:30,,,成都,https://www.showstart.com/event/303148,,¥100起,演出/Livehouse,四川省,成都,秀动网
成都城市音乐厅交响乐团26-27乐季 特别策划音乐会 《乐满中秋》,,2026-09-24 19:30,,,成都,https://www.showstart.com/event/307939,,¥180,演出/Livehouse,四川省,成都,秀动网
2026 DEN邓杰「blu-night蓝夜」巡演成都站,,2026-09-24 20:00,,,成都,https://www.showstart.com/event/307054,,¥160,演出/Livehouse,四川省,成都,秀动网
街头fortune说唱派对成都站(丘比特主题巡演),,2026-09-24 20:00,,,成都,https://www.showstart.com/event/308562,,¥48起,演出/Livehouse,四川省,成都,秀动网
布提音乐节Bodhi Music Festival,,2026-09-25 14:30,,,成都,https://www.showstart.com/event/305852,,¥180起,演出/Livehouse,四川省,成都,秀动网
《但愿人长久》籁之音歌行合唱团经典流行歌曲大型合唱音乐会—中秋专场,,2026-09-25 19:30,,,成都,https://www.showstart.com/event/308396,,¥100起,演出/Livehouse,四川省,成都,秀动网
【成都】2026成都国际音乐剧节 音乐剧《狂飙》,,2026-09-25 19:30,,,成都,https://www.showstart.com/event/305327,,¥280起,演出/Livehouse,四川省,成都,秀动网
SoundVibe呈现｜澳洲前卫金属双贝斯乐队The Omnific《低频共振》成都站,,2026-09-25 19:30,,,成都,https://www.showstart.com/event/300237,,¥280起,演出/Livehouse,四川省,成都,秀动网
《但愿人长久》中秋月夜·烛光音乐会,,2026-09-25 19:30,,,成都,https://www.showstart.com/event/309054,,¥60起,演出/Livehouse,四川省,成都,秀动网
孔雀眼2026「奔赴/Rendezvous」巡演 成都站,,2026-09-25 20:00,,,成都,https://www.showstart.com/event/306519,,¥148起,演出/Livehouse,四川省,成都,秀动网
Karencici[与众不同The Loser Tour] 演唱会-成都站,,2026-09-25 20:00,,,与众不同The Loser Tour,https://www.showstart.com/event/306443,,¥368起,演出/Livehouse,四川省,成都,秀动网
「喜剧之王单口季」纪鹏《差不多得了×0.8》单口喜剧专场喜剧现场|火车南站|过载脱口秀,,2026-09-25 20:00,,,成都,https://www.showstart.com/event/307334,,¥120起,演出/Livehouse,四川省,成都,秀动网
2026第38届成都星幻动漫节【成都漫展】,,2026-09-26 10:00,,,成都,https://www.showstart.com/event/300531,,¥60起,演出/Livehouse,四川省,成都,秀动网
《请回答1988》《鬼怪》浪漫韩剧烛光音乐会,,2026-09-26 14:45,,,成都,https://www.showstart.com/event/307718,,¥66起,演出/Livehouse,四川省,成都,秀动网
《加勒比海盗》《克罗地亚狂想曲》世界名曲跨界音乐会,,2026-09-26 19:00,,,成都,https://www.showstart.com/event/307724,,¥66起,演出/Livehouse,四川省,成都,秀动网
“半醒半醉半浮生——韦子健钢琴独奏音乐会”,,2026-09-26 19:30,,,成都,https://www.showstart.com/event/306877,,¥80起,演出/Livehouse,四川省,成都,秀动网
WhyNot双脚离地中文说唱派对成都站/嘉宾1CEKray艾斯凯瑞/九莲/特邀嘉宾：Akemen,,2026-09-26 19:30,,,成都,https://www.showstart.com/event/309368,,¥108起,演出/Livehouse,四川省,成都,秀动网
大宽「我们将离散在某日黄昏」个人巡演 成都站,,2026-09-26 19:30,,,成都,https://www.showstart.com/event/300840,,¥140起,演出/Livehouse,四川省,成都,秀动网
来自奥地利的天籁——维也纳童声合唱团音乐会,,2026-09-26 19:30,,,成都,https://www.showstart.com/event/305451,,¥144起,演出/Livehouse,四川省,成都,秀动网
【中秋特辑】KPOP UP千人音乐节-成都站,,2026-09-26 20:00,,,成都,https://www.showstart.com/event/307447,,¥88起,演出/Livehouse,四川省,成都,秀动网
「脱口秀和Ta的朋友们」小杜《别挨骂了！》单口喜剧专场喜剧现场|火车南站|过载脱口秀,,2026-09-26 20:00,,,成都,https://www.showstart.com/event/307360,,¥120起,演出/Livehouse,四川省,成都,秀动网
JinJiBeWater_隼 “自在极意”2026Tour 成都站,,2026-09-26 20:00,,,成都,https://www.showstart.com/event/309620,,¥328起,演出/Livehouse,四川省,成都,秀动网
JamesAlyn（HYBS）&Pami徐嘉琳联合巡演成都站,,2026-09-26 20:00,,,成都,https://www.showstart.com/event/302205,,¥198起,演出/Livehouse,四川省,成都,秀动网
“肖邦与法兰西的浪漫”玛格达莱娜·丽萨克钢琴独奏音乐会,,2026-09-27 19:30,,,成都,https://www.showstart.com/event/298115,,¥70起,演出/Livehouse,四川省,成都,秀动网
成都 | 限时六折起 西班牙塞维利亚安东尼奥·安德拉德弗拉门戈舞蹈团《卡门》,,2026-09-27 19:30,,,成都,https://www.showstart.com/event/301411,,¥70起,演出/Livehouse,四川省,成都,秀动网
吕鑫×樊政洋——诗词十四首竹笛与钢琴室内乐音乐会,,2026-09-27 19:30,,,成都,https://www.showstart.com/event/307263,,¥279起,演出/Livehouse,四川省,成都,秀动网
"""intersection 8 "" ManyMoons许多月 / Code-A口袋团联合演出",,2026-09-30 20:00,,,成都,https://www.showstart.com/event/308169,,¥68起,演出/Livehouse,四川省,成都,秀动网
【成都】《权力的游戏·加勒比海盗》经典名曲音乐会,,2026-10-01 14:30,,,成都,https://www.showstart.com/event/310211,,¥60起,演出/Livehouse,四川省,成都,秀动网
【成都】《维瓦尔第·四季》世界经典名曲音乐会,,2026-10-01 19:30,,,成都,https://www.showstart.com/event/310213,,¥60起,演出/Livehouse,四川省,成都,秀动网
【成都】《我和我的祖国》经典名曲大型交响音乐会,,2026-10-01 19:30,,,成都,https://www.showstart.com/event/302666,,¥100起,演出/Livehouse,四川省,成都,秀动网
澳大利亚INFP系梦幻治愈组合DREAM TUNES巡演 成都站,,2026-10-01 20:00,,,成都,https://www.showstart.com/event/309644,,¥180起,演出/Livehouse,四川省,成都,秀动网
2026不显名巡演第二轮｜成都站,,2026-10-01 20:00,,,成都,https://www.showstart.com/event/307840,,¥19.90,演出/Livehouse,四川省,成都,秀动网
鲍鲍《鲍鲍秀》脱口秀专场喜剧现场|火车南站|过载脱口秀|国庆长假,,2026-10-01 20:00,,,成都,https://www.showstart.com/event/310187,,¥120起,演出/Livehouse,四川省,成都,秀动网
龙飘飘skiboyvv&亚当魔星&taco！redpower10.1成都站！,,2026-10-01 20:00,,,成都,https://www.showstart.com/event/309470,,¥168起,演出/Livehouse,四川省,成都,秀动网
「喜剧之王单口季」吧啦《提灯》单口喜剧专场喜剧现场|火车南站|过载脱口秀|国庆长假,,2026-10-02 20:00,,,成都,https://www.showstart.com/event/310186,,¥120起,演出/Livehouse,四川省,成都,秀动网
北国寒潮【画家ThePainter新专巡演】成都站,,2026-10-02 20:00,,,成都,https://www.showstart.com/event/308296,,¥88起,演出/Livehouse,四川省,成都,秀动网
送鸡蛋 |《来充电》曹万江巡回演唱会—成都站,,2026-10-02 20:00,,,成都,https://www.showstart.com/event/309494,,¥80起,演出/Livehouse,四川省,成都,秀动网
【千手集】King Krule 2026 成都专场,,2026-10-02 20:30,,,成都,https://www.showstart.com/event/308851,,¥240起,演出/Livehouse,四川省,成都,秀动网
周诗雨「IF」主题音乐会,,2026-10-03 19:00,,,成都,https://www.showstart.com/event/309666,,¥380起,演出/Livehouse,四川省,成都,秀动网
BikaBreezy2026「SixthSense」巡演 成都站,,2026-10-03 20:00,,,成都,https://www.showstart.com/event/307030,,¥228起,演出/Livehouse,四川省,成都,秀动网
Fjaka Festival音乐生活节-成都麓客岛,,2026-10-04 14:00,,,成都,https://www.showstart.com/event/309250,,¥78起,演出/Livehouse,四川省,成都,秀动网
NEEVE 2026 秋季巡演「Am I on your mind?」成都站,,2026-10-04 20:00,,,成都,https://www.showstart.com/event/309964,,¥198起,演出/Livehouse,四川省,成都,秀动网
王奕「O.N.E」成都音乐会,,2026-10-05 19:00,,,成都,https://www.showstart.com/event/309835,,¥366起,演出/Livehouse,四川省,成都,秀动网
《Mr.马德!狗呢？》,,2026-10-05 19:30,,,成都,https://www.showstart.com/event/309535,,¥85,演出/Livehouse,四川省,成都,秀动网
喜单综艺咖| 脱口秀拼盘【欢乐集结号】巡演——成都站@喜剧大篷车,,2026-10-05 19:30,,,成都,https://www.showstart.com/event/308691,,¥60起,演出/Livehouse,四川省,成都,秀动网
《古今同频·笛琴共鸣》双木笛与钢琴音乐会,,2026-10-09 19:30,,,成都,https://www.showstart.com/event/305240,,¥80起,演出/Livehouse,四川省,成都,秀动网
从冠军之巅到荣耀之声：辛东一管风琴独奏音乐会,,2026-10-09 19:30,,,成都,https://www.showstart.com/event/303697,,¥80起,演出/Livehouse,四川省,成都,秀动网
孤弦之歌——无伴奏小提琴的独白与狂想：黄滨小提琴独奏音乐会,,2026-10-10 19:30,,,成都,https://www.showstart.com/event/303707,,¥80起,演出/Livehouse,四川省,成都,秀动网
我的老鼠去哪了？鼠鼠鼠新专辑巡演  成都站,,2026-10-10 20:00,,,成都,https://www.showstart.com/event/309242,,¥98起,演出/Livehouse,四川省,成都,秀动网
《折叠的时间》——史博阳钢琴独奏会,,2026-10-11 19:30,,,成都,https://www.showstart.com/event/303761,,¥80起,演出/Livehouse,四川省,成都,秀动网
《想唱你就来，来了不想走》陈万教授原创作品大型歌会,,2026-10-11 19:30,,,成都,https://www.showstart.com/event/305268,,¥80起,演出/Livehouse,四川省,成都,秀动网
2026「此刻正好」脱拉库巡演-成都站,,2026-10-11 20:00,,,成都,https://www.showstart.com/event/306982,,¥135起,演出/Livehouse,四川省,成都,秀动网
“浪漫情话”法国大提琴家卡米尔·托玛斯独奏音乐会,,2026-10-14 19:30,,,成都,https://www.showstart.com/event/306646,,¥80起,演出/Livehouse,四川省,成都,秀动网
英国当代灵魂乐之声Mamas Gun《DIG!》世界巡演 成都站,,2026-10-15 20:00,,,成都,https://www.showstart.com/event/298767,,¥199起,演出/Livehouse,四川省,成都,秀动网
【GO OFF「把圈打开」成都站】嘉宾YoungCashJason/肆/Threethousand***/三羊开泰/DopeYSoul/lil Tree,,2026-10-16 19:00,,,成都,https://www.showstart.com/event/309462,,¥108起,演出/Livehouse,四川省,成都,秀动网
真理的告白——陈必先钢琴独奏音乐会,,2026-10-16 19:30,,,成都,https://www.showstart.com/event/305603,,¥100起,演出/Livehouse,四川省,成都,秀动网
【10.16】《梦回红楼》演奏会巡演出成都站,,2026-10-16 19:30,,,成都,https://www.showstart.com/event/307821,,¥38.80起,演出/Livehouse,四川省,成都,秀动网
SoundVibe呈现｜Charles Berthoud《极限低音》Play With Fire 贝斯巡演 成都站,,2026-10-16 20:00,,,成都,https://www.showstart.com/event/305146,,¥200起,演出/Livehouse,四川省,成都,秀动网
「pastday」动物园钉子户2026新EP全国巡演 成都站,,2026-10-16 20:00,,,成都,https://www.showstart.com/event/306163,,¥100起,演出/Livehouse,四川省,成都,秀动网
万晓利「这一切没有想象的那么糟」20周年秋季巡演·成都站,,2026-10-16 20:00,,,成都,https://www.showstart.com/event/308952,,¥149起,演出/Livehouse,四川省,成都,秀动网
【成都】《爱乐之城》电影金曲烛光音乐会【ECM欧洲之声室内乐团】,,2026-10-17 15:00,,,成都,https://www.showstart.com/event/309138,,¥60起,演出/Livehouse,四川省,成都,秀动网
《如是我》小曲儿「2026成都专场」音乐会,,2026-10-17 18:30,,,成都,https://www.showstart.com/event/310203,,¥98起,演出/Livehouse,四川省,成都,秀动网
东方狂想—江帆钢琴独奏音乐会,,2026-10-17 19:30,,,成都,https://www.showstart.com/event/306883,,¥80起,演出/Livehouse,四川省,成都,秀动网
【成都】《暮光之城》电影金曲烛光音乐会【ECM欧洲之声室内乐团】,,2026-10-17 19:30,,,成都,https://www.showstart.com/event/309134,,¥72起,演出/Livehouse,四川省,成都,秀动网
成都城市音乐厅交响乐团26-27乐季 乐季音乐会(二)《浪漫鼎盛之夜》,,2026-10-17 19:30,,,成都,https://www.showstart.com/event/308441,,¥180,演出/Livehouse,四川省,成都,秀动网
昏迷中心ComaCenter2026「歇斯底里」巡演·成都站,,2026-10-17 20:00,,,成都,https://www.showstart.com/event/302883,,¥60起,演出/Livehouse,四川省,成都,秀动网
“深渊之盟 序章：壳中双神”川渝金属联合专场,,2026-10-17 20:00,,,成都,https://www.showstart.com/event/309330,,¥79起,演出/Livehouse,四川省,成都,秀动网
Zkaaai-2026巡演成都站,,2026-10-17 20:00,,,成都,https://www.showstart.com/event/308070,,¥128起,演出/Livehouse,四川省,成都,秀动网
燕池2026秋夜行秋季巡演成都站,,2026-10-17 20:00,,,成都,https://www.showstart.com/event/306946,,¥150起,演出/Livehouse,四川省,成都,秀动网
Jake Miller「The Spark Tour」-成都站,,2026-10-17 20:00,,,成都,https://www.showstart.com/event/304762,,¥298起,演出/Livehouse,四川省,成都,秀动网
Bôa 巡演 2026 成都站,,2026-10-22 20:00,,,成都,https://www.showstart.com/event/297971,,¥280起,演出/Livehouse,四川省,成都,秀动网
成都城市音乐厅交响乐团26-27乐季 室内乐音乐会(一)——华丽的激情,,2026-10-23 19:30,,,成都,https://www.showstart.com/event/307547,,¥120,演出/Livehouse,四川省,成都,秀动网
郁可唯“仅你可见”私享生日音乐会,,2026-10-24 19:30,,,成都,https://www.showstart.com/event/309860,,¥188起,演出/Livehouse,四川省,成都,秀动网
以色列手碟演奏大师 LIRON MAN 秋季交流巡演 2026 CHINA COMMUNITY TOUR｜DDL呈现 成都站,,2026-10-24 20:00,,,成都,https://www.showstart.com/event/310298,,¥128起,演出/Livehouse,四川省,成都,秀动网
PSY.P 2026 E.A.T“连吃带拿”巡演 成都生日场,,2026-10-24 20:00,,,成都,https://www.showstart.com/event/309030,,¥298起,演出/Livehouse,四川省,成都,秀动网
DiorGoFlex & 绵阳STAR-出来玩ER绵阳双子星专场成都站,,2026-10-24 20:00,,,成都,https://www.showstart.com/event/304896,,¥108起,演出/Livehouse,四川省,成都,秀动网
《谢尔盖与谢尔盖》拉赫玛尼诺夫专场钢琴音乐会,,2026-10-30 19:30,,,成都,https://www.showstart.com/event/305203,,¥80起,演出/Livehouse,四川省,成都,秀动网
许钧「我“爱”世界」2026巡演-成都站,,2026-10-30 20:00,,,成都,https://www.showstart.com/event/309452,,¥139起,演出/Livehouse,四川省,成都,秀动网
【成都站】《最后的莫西干人》——旷野疗愈之旅,,2026-10-31 19:30,,,成都,https://www.showstart.com/event/304519,,¥100起,演出/Livehouse,四川省,成都,秀动网
【成都】天津人艺曹禺经典话剧《雷雨》,,2026-10-31 19:30,,,成都,https://www.showstart.com/event/302780,,¥180起,演出/Livehouse,四川省,成都,秀动网
纣王老胡&边无才「细嚼慢咽 」巡演 成都站,,2026-10-31 20:00,,,成都,https://www.showstart.com/event/304684,,¥88起,演出/Livehouse,四川省,成都,秀动网
万圣复古金曲派对·万圣节特辑,,2026-10-31 20:00,,,成都,https://www.showstart.com/event/309278,,¥88起,演出/Livehouse,四川省,成都,秀动网
PaulGilbert (保罗·吉尔伯特) WROC 2026巡演 成都站,,2026-10-31 20:00,,,成都,https://www.showstart.com/event/307562,,¥380起,演出/Livehouse,四川省,成都,秀动网
《天空之城》宫崎骏&久石让经典动漫作品音乐会,,2026-11-01 19:30,,,成都,https://www.showstart.com/event/308652,,¥90起,演出/Livehouse,四川省,成都,秀动网
莫非定律乐团《私人电影院2：加场放映》巡演 成都站,,2026-11-01 20:00,,,成都,https://www.showstart.com/event/309140,,¥158起,演出/Livehouse,四川省,成都,秀动网
伊莲《我的名字叫伊莲》法国香颂天后2026演唱会,,2026-11-06 19:30,,,成都,https://www.showstart.com/event/308776,,¥180起,演出/Livehouse,四川省,成都,秀动网
浅水ShallowEnd「容器」2026新专辑巡演成都站,,2026-11-06 20:00,,,成都,https://www.showstart.com/event/308440,,¥108起,演出/Livehouse,四川省,成都,秀动网
经典回响追忆家驹beyond金曲演唱会,,2026-11-07 19:30,,,成都,https://www.showstart.com/event/307922,,¥100起,演出/Livehouse,四川省,成都,秀动网
「复刻回忆」Pianoboy高至豪流行钢琴音乐会 成都站,,2026-11-07 19:30,,,成都,https://www.showstart.com/event/298616,,¥180起,演出/Livehouse,四川省,成都,秀动网
【中外名家名团】陈萨钢琴独奏音乐会,,2026-11-07 19:30,,,成都,https://www.showstart.com/event/305236,,¥80起,演出/Livehouse,四川省,成都,秀动网
鬼卞2026「FOR TEN」巡演·成都站,,2026-11-07 20:00,,,成都,https://www.showstart.com/event/309355,,¥198起,演出/Livehouse,四川省,成都,秀动网
New Noise呈现｜The Seven Mile Journey 2026 巡演 成都站,,2026-11-07 20:30,,,成都,https://www.showstart.com/event/307632,,¥160,演出/Livehouse,四川省,成都,秀动网
七折优惠起丨拉美爵士天后凯伦·索萨“丝绒爵色时”2026巡演成都站,,2026-11-08 19:30,,,成都,https://www.showstart.com/event/298058,,¥180起,演出/Livehouse,四川省,成都,秀动网
莫西子诗“黑夜闪闪发光”2026LIVEHOUSE巡演-成都站,,2026-11-08 20:00,,,成都,https://www.showstart.com/event/303894,,¥128起,演出/Livehouse,四川省,成都,秀动网
暴雪35周年官方游戏交响音乐会（Jason Hayes领衔）成都站,,2026-11-13 19:30,,,成都,https://www.showstart.com/event/299149,,¥280起,演出/Livehouse,四川省,成都,秀动网
暗杠「太阳·月亮·草地」走歌人2026专辑巡唱 成都站,,2026-11-13 20:00,,,成都,https://www.showstart.com/event/304182,,¥128起,演出/Livehouse,四川省,成都,秀动网
只是一场简单对话—成都站,,2026-11-14 19:00,,,成都,https://www.showstart.com/event/307284,,¥149起,演出/Livehouse,四川省,成都,秀动网
弦上音诗-罗伯特.卡巴拉小提琴独奏音乐会,,2026-11-14 19:30,,,成都,https://www.showstart.com/event/303709,,¥70起,演出/Livehouse,四川省,成都,秀动网
二十四伎乐国风戏剧音乐会《唐宫乐宴》,,2026-11-14 19:30,,,成都,https://www.showstart.com/event/306645,,¥108起,演出/Livehouse,四川省,成都,秀动网
不可撤销「嫁给我」十年之约2026巡演 成都站,,2026-11-14 20:00,,,成都,https://www.showstart.com/event/305840,,¥108起,演出/Livehouse,四川省,成都,秀动网
「每个字都变成了风」Sasablue 2026巡演 成都站,,2026-11-14 20:00,,,成都,https://www.showstart.com/event/308570,,¥99起,演出/Livehouse,四川省,成都,秀动网
JUMP THE BLUE·MOJOHAND2026跨蓝巡演-成都站,,2026-11-15 20:00,,,成都,https://www.showstart.com/event/303815,,¥100起,演出/Livehouse,四川省,成都,秀动网
马晓辉《弦咏世界-故乡行》二胡交响音乐会,,2026-11-20 19:30,,,成都,https://www.showstart.com/event/308785,,¥80,演出/Livehouse,四川省,成都,秀动网
成都 | 七折特惠 《夜的钢琴曲》石进原创钢琴音乐会,,2026-11-21 19:30,,,成都,https://www.showstart.com/event/295432,,¥180起,演出/Livehouse,四川省,成都,秀动网
气象限定Quadrant 亚洲巡演【成都站】,,2026-11-21 20:00,,,成都,https://www.showstart.com/event/308520,,¥118起,演出/Livehouse,四川省,成都,秀动网
海底时光机《北方失真区》巡演 成都站,,2026-11-21 20:00,,,成都,https://www.showstart.com/event/309887,,¥109起,演出/Livehouse,四川省,成都,秀动网
KJ黄家正演绎舒伯特——舒伯特之人生如戲：重聚,,2026-11-22 19:30,,,成都,https://www.showstart.com/event/303150,,¥80起,演出/Livehouse,四川省,成都,秀动网
美国电子流行唱作人【Demxntia】2026巡演 成都站,,2026-11-22 20:00,,,成都,https://www.showstart.com/event/309490,,¥220起,演出/Livehouse,四川省,成都,秀动网
欧陆前卫重型风向标UNPROCESSED 2026巡演成都站,,2026-11-22 20:00,,,成都,https://www.showstart.com/event/307012,,¥180起,演出/Livehouse,四川省,成都,秀动网
"【声厂呈现】轰鸣间藏有低语 | Black Country, New Road 2026巡演·成都特别专场",,2026-11-23 20:30,,,成都,https://www.showstart.com/event/310154,,¥280起,演出/Livehouse,四川省,成都,秀动网
脆莓乐队「鲜活人生 Vibrant Life」·成都站,,2026-11-27 20:00,,,成都,https://www.showstart.com/event/310090,,¥158起,演出/Livehouse,四川省,成都,秀动网
2z2「人类*时代*花*」双专辑主题巡演 - 成都站,,2026-11-28 20:00,,,成都,https://www.showstart.com/event/309313,,¥152起,演出/Livehouse,四川省,成都,秀动网
沉默演讲×王忆灵&携火者 中央舞台特别双专场 | 先发声VOL.4「无声有焰」,,2026-11-28 20:00,,,成都,https://www.showstart.com/event/308671,,¥168起,演出/Livehouse,四川省,成都,秀动网
8bite「落茧」2026巡演  成都站,,2026-12-05 20:00,,,成都,https://www.showstart.com/event/307043,,¥129起,演出/Livehouse,四川省,成都,秀动网
【成都】芭比系列室内乐奇旅——与公主们的约定,,2026-12-06 19:30,,,成都,https://www.showstart.com/event/309645,,¥100起,演出/Livehouse,四川省,成都,秀动网
Sold Out、Wildfire 原唱 Jon Steingard 2026 成都演唱会,,2026-12-09 20:00,,,成都,https://www.showstart.com/event/302293,,¥180起,演出/Livehouse,四川省,成都,秀动网
成都 | 限时5折起 俄罗斯芭蕾国家剧院芭蕾舞《天鹅湖》,,2026-12-11 19:30,,,成都,https://www.showstart.com/event/310409,,¥70起,演出/Livehouse,四川省,成都,秀动网
大师之夜· 浪漫主义的美与激情 叶甫根尼·米哈伊洛夫钢琴独奏音乐会,,2026-12-11 19:30,,,成都,https://www.showstart.com/event/303706,,¥80起,演出/Livehouse,四川省,成都,秀动网
成都 | 限时5折起 俄罗斯芭蕾国家剧院芭蕾舞《胡桃夹子》,,2026-12-12 19:30,,,成都,https://www.showstart.com/event/310413,,¥70起,演出/Livehouse,四川省,成都,秀动网
互动亲子科学剧《航天科学Show》,,2026-12-13 14:30,,,成都,https://www.showstart.com/event/308989,,¥30起,演出/Livehouse,四川省,成都,秀动网
Friday Chengdu Language exchange Talkspace,,2026-09-18 19:00:00,,,"Talkspace(Chuanda), No.141, Kehua North Road chengdu (dazhi Bookstore), Chengdu",https://www.meetup.com/talkspace-language-exchange-events/events/316324920/,,,Meetup/expat,四川省,成都,Meetup
"【5 Days in Chengdu&Jiuzhaigou】Pandas, Fairy Pools&Sichuan Flavors",,2026-09-17 07:00:00,,20,"Sichuan, China, Sichuan, China, Sichuan",https://www.meetup.com/okdealtravelchina/events/316507379/,,811,Meetup/expat,四川省,成都,Meetup
Dujiangyan Scenic Area Tickets,,2026-09-16,2026-09-16,,"No.1 Gongyuan Road, Guankou Sub-district, Dujiangyan City, Chengdu, Sichuan Province, P.R. China, 611800, Chengdu",https://www.eventbrite.com/e/dujiangyan-scenic-area-tickets-tickets-1976728040782,https://img.evbuc.com/https%3A%2F%2Fcdn.evbuc.com%2Fimages%2F1172230523%2F2982829680105%2F1%2Foriginal.20251203-132853?crop=focalpoint&fit=crop&w=512&auto=format%2Ccompress&q=75&sharp=10&fp-x=0.5&fp-y=0.5&s=5d5dabbcec04e986b32bb5c573c4a176,,Eventbrite,四川省,成都,Eventbrite
International Conference on Medical Robotics and Artificial Intelligence,,2026-10-16,2026-10-18,,"Chengdu, Chengdu",https://www.eventbrite.com/e/international-conference-on-medical-robotics-and-artificial-intelligence-tickets-1600283012569,https://img.evbuc.com/https%3A%2F%2Fcdn.evbuc.com%2Fimages%2F1098291343%2F185181418113%2F1%2Foriginal.20250818-092518?crop=focalpoint&fit=crop&auto=format%2Ccompress&q=75&sharp=10&fp-x=0.005&fp-y=0.005&s=88dd8a64f194c3a9027bcb86725753b7,,Eventbrite,四川省,成都,Eventbrite
China-Europe Biomedical Cross-Border Cooperation Forum (UK Session),,2026-10-22,2026-10-22,,"1577 Middle Tianfu Avenue, Chengdu, Sichuan",https://www.eventbrite.co.uk/e/china-europe-biomedical-cross-border-cooperation-forum-uk-session-tickets-1993405493492,https://img.evbuc.com/https%3A%2F%2Fcdn.evbuc.com%2Fimages%2F1188341747%2F3005116401698%2F1%2Foriginal.20260707-031031?crop=focalpoint&fit=crop&w=512&auto=format%2Ccompress&q=75&sharp=10&fp-x=0.5&fp-y=0.5&s=aea3f86443c92f2350075766a6e29ed1,,Eventbrite,四川省,成都,Eventbrite
"2026 IEEE International Conference on Artificial Intelligence, Big Data and",,2026-10-30,2026-10-30,,"No. 2025, Shangjie Street, Chengluo Avenue, Longquanyi District, Chengdu, Sichuan",https://www.eventbrite.hk/e/2026-ieee-international-conference-on-artificial-intelligence-big-data-and-tickets-1989191127209,https://img.evbuc.com/https%3A%2F%2Fcdn.evbuc.com%2Fimages%2F1184261127%2F457048189644%2F1%2Foriginal.20260511-014953?crop=focalpoint&fit=crop&w=355&auto=format%2Ccompress&q=75&sharp=10&fp-x=0.386&fp-y=0.472&s=60c50086407c7c679f9dd808c7452dec,,Eventbrite,四川省,成都,Eventbrite
"Power, Electrical and Energy Systems Engineering (PEESE 2026)",,,,,,https://allevents.in/chengdu/power-electrical-and-energy-systems-engineering-peese-2026/100001989445063740,,,AllEvents,四川省,成都,
2026 China International Chlor Alkali Conference,,,,,,https://allevents.in/chengdu/2026-china-international-chlor-alkali-conference/200030546610117,,,AllEvents,四川省,成都,
For Crm Test New Fun AAAAA,,,,,,https://allevents.in/chengdu-shi/for-crm-test-new-fun-aaaaa/100001988543941459,,,AllEvents,四川省,成都,
Copy of For Crm Test New Fun BBBB,,,,,,https://allevents.in/chengdu-shi/copy-of-for-crm-test-new-fun-bbbb/100001988543991609,,,AllEvents,四川省,成都,
China-Europe Biomedical Cross-Border Cooperation Forum (UK Session),,,,,,https://allevents.in/chengdu/china-europe-biomedical-cross-border-cooperation-forum-uk-session/100001993405493492,,,AllEvents,四川省,成都,
舞台剧《夜行者》,,2026-09-17 19:30,,,重庆,https://www.showstart.com/event/303252,,¥40起,演出/Livehouse,重庆市,重庆,秀动网
"花墙FancyWall「This,That」十周年巡演 重庆站",,2026-09-18 20:00,,,重庆,https://www.showstart.com/event/304940,,¥120起,演出/Livehouse,重庆市,重庆,秀动网
小佳单口喜剧专场《依旧高歌》·重庆站｜旅行箱喜剧,,2026-09-18 20:00,,,重庆,https://www.showstart.com/event/308868,,¥180,演出/Livehouse,重庆市,重庆,秀动网
疯狂星期五,,2026-09-18 20:30,,,重庆,https://www.showstart.com/event/309349,,¥59,演出/Livehouse,重庆市,重庆,秀动网
音乐剧《红莲》（大剧场）,,2026-09-19 14:30,,,重庆,https://www.showstart.com/event/303775,,¥180起,演出/Livehouse,重庆市,重庆,秀动网
「浪漫的狗」春击浪2026巡演 重庆站,,2026-09-19 20:00,,,重庆,https://www.showstart.com/event/306201,,¥79起,演出/Livehouse,重庆市,重庆,秀动网
重庆 | 限时特惠6折起 俄罗斯芭蕾国家剧院芭蕾舞《胡桃夹子》,,2026-09-20 19:30,,,重庆,https://www.showstart.com/event/300552,,¥196起,演出/Livehouse,重庆市,重庆,秀动网
痛仰2026「老友记x后浪」livehouse巡演·重庆站,,2026-09-21 20:00,,,重庆,https://www.showstart.com/event/308308,,¥320,演出/Livehouse,重庆市,重庆,秀动网
谢霆锋演唱会官方快闪店重庆站,,2026-09-24 10:00,,,重庆,https://www.showstart.com/event/309594,,¥0,演出/Livehouse,重庆市,重庆,秀动网
360°沉浸环绕式烛光音乐会·第27弹 卡农和TA的朋友们2.0 世界经典名曲浪漫唯美烛光音乐会,,2026-09-24 19:30,,,重庆,https://www.showstart.com/event/304088,,¥126起,演出/Livehouse,重庆市,重庆,秀动网
【中秋节·5折起】《指环王》好莱坞电影往事中秋音乐会,,2026-09-24 19:30,,,重庆,https://www.showstart.com/event/298029,,¥70起,演出/Livehouse,重庆市,重庆,秀动网
Raelion - 「呛Mixtape」试听派对,,2026-09-24 21:00,,,重庆,https://www.showstart.com/event/310173,,¥48,演出/Livehouse,重庆市,重庆,秀动网
2026第39届重庆星幻动漫节【重庆漫展】,,2026-09-25 10:00,,,重庆,https://www.showstart.com/event/306234,,¥60起,演出/Livehouse,重庆市,重庆,秀动网
360°沉浸环绕式烛光音乐会·第28弹 花好月圆·梁祝 国风中秋浪漫唯美烛光音乐会,,2026-09-25 19:30,,,重庆,https://www.showstart.com/event/304090,,¥126起,演出/Livehouse,重庆市,重庆,秀动网
白皮书「只喝一杯」十周年No Stage巡演 重庆站,,2026-09-25 20:00,,,重庆,https://www.showstart.com/event/307253,,¥108起,演出/Livehouse,重庆市,重庆,秀动网
大宽「我们将离散在某日黄昏」个人巡演 重庆站,,2026-09-25 20:00,,,重庆,https://www.showstart.com/event/300839,,¥140起,演出/Livehouse,重庆市,重庆,秀动网
街头fortune说唱派对重庆站(丘比特主题巡演),,2026-09-25 20:00,,,重庆,https://www.showstart.com/event/308567,,¥48起,演出/Livehouse,重庆市,重庆,秀动网
开心麻花惊怂爆笑喜剧《出马》（中剧场）,,2026-09-26 15:00,,,重庆,https://www.showstart.com/event/307812,,¥80起,演出/Livehouse,重庆市,重庆,秀动网
重庆 | 限时特惠6折 西班牙塞维利亚安东尼奥·安德拉德弗拉门戈舞蹈团《卡门》,,2026-09-26 19:30,,,重庆,https://www.showstart.com/event/300827,,¥168起,演出/Livehouse,重庆市,重庆,秀动网
【喜单卡司】纪鹏单口喜剧专场「差不多得了X0.8」｜旅行箱喜剧@新光里+SKLP,,2026-09-26 19:30,,,重庆,https://www.showstart.com/event/308869,,¥120起,演出/Livehouse,重庆市,重庆,秀动网
Melo墨龙「神笔马良」巡演 9.26重庆收官站 嘉宾：华云龙+惊喜嘉宾们,,2026-09-26 20:00,,,重庆,https://www.showstart.com/event/306763,,¥248起,演出/Livehouse,重庆市,重庆,秀动网
人气钢琴唱作人DAKOOKA巡演 重庆站,,2026-09-26 20:00,,,重庆,https://www.showstart.com/event/308085,,¥180起,演出/Livehouse,重庆市,重庆,秀动网
英国EMO/情绪摇滚乐队 PEN NAME 2026 巡演 重庆站,,2026-09-26 20:00,,,重庆,https://www.showstart.com/event/307190,,¥150起,演出/Livehouse,重庆市,重庆,秀动网
standup说唱派对重庆站 嘉宾：Crazy c ｜绵阳STAR｜肆｜三羊开泰,,2026-09-26 20:00,,,重庆,https://www.showstart.com/event/308378,,¥98起,演出/Livehouse,重庆市,重庆,秀动网
张泽个人音乐会《破格5.0+REVAMP》（大剧场）,,2026-09-27 14:30,,,重庆,https://www.showstart.com/event/300974,,¥100起,演出/Livehouse,重庆市,重庆,秀动网
【09.27重庆】下班了班金润—鸠鸠Jiojio&Fimoo2026盲盒巡演,,2026-09-27 20:00,,,重庆,https://www.showstart.com/event/306938,,¥69起,演出/Livehouse,重庆市,重庆,秀动网
用爵士旋律调制都市味觉的沪上歌姬余心怡（凤梨）专场音乐会,,2026-09-27 20:00,,,重庆,https://www.showstart.com/event/308804,,¥168起,演出/Livehouse,重庆市,重庆,秀动网
【早鸟票7折】奇妙的乐境I最伟大的作品×夜的第七章·流行音乐烛光音乐会,,2026-09-30 19:30,,,重庆,https://www.showstart.com/event/307273,,¥70起,演出/Livehouse,重庆市,重庆,秀动网
2026不显名巡演第二轮｜重庆站,,2026-09-30 20:00,,,重庆,https://www.showstart.com/event/307839,,¥19.90,演出/Livehouse,重庆市,重庆,秀动网
横跨亚非欧的心灵旅程 - 旅法音乐人姚嘉钰“心之所往”原创作品音乐会,,2026-09-30 21:30,,,重庆,https://www.showstart.com/event/306206,,¥100起,演出/Livehouse,重庆市,重庆,秀动网
【早鸟票7折】奇妙的乐境II这世界那么多人·流行金曲烛光音乐会,,2026-10-01 19:30,,,重庆,https://www.showstart.com/event/307275,,¥70起,演出/Livehouse,重庆市,重庆,秀动网
【早鸟票7折】奇妙的乐境III第二圆舞曲·世界经典名曲烛光音乐会,,2026-10-02 19:30,,,重庆,https://www.showstart.com/event/307276,,¥70起,演出/Livehouse,重庆市,重庆,秀动网
go!go!音乐新力vol.3,,2026-10-02 20:00,,,重庆,https://www.showstart.com/event/310135,,¥60起,演出/Livehouse,重庆市,重庆,秀动网
MERIDIANTRIO-零零后纽约新锐子午圈爵士三重奏,,2026-10-02 21:00,,,重庆,https://www.showstart.com/event/308471,,¥80起,演出/Livehouse,重庆市,重庆,秀动网
【早鸟票7折】奇妙的乐境IV 天空之城·宫崎骏经典动漫烛光音乐会,,2026-10-03 19:30,,,重庆,https://www.showstart.com/event/307278,,¥70起,演出/Livehouse,重庆市,重庆,秀动网
脱友&喜单综艺咖|脱口秀拼盘【欢乐集结号】巡演——重庆站@喜剧大篷车（中剧场）,,2026-10-03 19:30,,,重庆,https://www.showstart.com/event/308838,,¥100起,演出/Livehouse,重庆市,重庆,秀动网
Lilasian&youngcashjason&莽&三千！redpower10.3重庆站,,2026-10-03 20:00,,,重庆,https://www.showstart.com/event/309259,,¥168起,演出/Livehouse,重庆市,重庆,秀动网
送鸡蛋 |《来充电》曹万江巡回演唱会—重庆站,,2026-10-03 20:00,,,重庆,https://www.showstart.com/event/309511,,¥80起,演出/Livehouse,重庆市,重庆,秀动网
【早鸟票7折】奇妙的乐境V 请回答1988×鬼怪×浪漫满屋·韩剧经典烛光音乐会,,2026-10-04 19:30,,,重庆,https://www.showstart.com/event/307280,,¥70起,演出/Livehouse,重庆市,重庆,秀动网
MISTERK 2026 重庆专场,,2026-10-04 20:00,,,重庆,https://www.showstart.com/event/302735,,¥180起,演出/Livehouse,重庆市,重庆,秀动网
【早鸟票7折】奇妙的乐境VI 暮光之城×泰坦尼克号×海上钢琴师·经典电影金曲烛光音乐会,,2026-10-05 19:30,,,重庆,https://www.showstart.com/event/307283,,¥70起,演出/Livehouse,重庆市,重庆,秀动网
柯泯薰「1+1>2」重庆特别专场,,2026-10-05 20:00,,,重庆,https://www.showstart.com/event/309836,,¥158起,演出/Livehouse,重庆市,重庆,秀动网
【早鸟票6折起】360°沉浸环绕式烛光音乐会·第29弹 加勒比海盗—世界经典电影金曲浪漫唯美烛光音乐会,,2026-10-06 19:30,,,重庆,https://www.showstart.com/event/307271,,¥126起,演出/Livehouse,重庆市,重庆,秀动网
【早鸟票7折】奇妙的乐境VII千与千寻·宫崎骏经典动漫烛光音乐会,,2026-10-06 19:30,,,重庆,https://www.showstart.com/event/307285,,¥70起,演出/Livehouse,重庆市,重庆,秀动网
《附身吧爷爷》喜剧（中剧场）,,2026-10-06 19:30,,,重庆,https://www.showstart.com/event/309779,,¥58起,演出/Livehouse,重庆市,重庆,秀动网
【早鸟票6折起】360°沉浸环绕式烛光音乐会·第30弹 古典的你遇见浪漫的TA 爱乐之城 LALA LAND·浪漫唯美烛光音乐会,,2026-10-07 15:00,,,重庆,https://www.showstart.com/event/307272,,¥126起,演出/Livehouse,重庆市,重庆,秀动网
WetMen·俄罗斯型男水舞剧《雨中 II：爱的宣言》,,2026-10-08 19:30,,,重庆,https://www.showstart.com/event/303536,,¥40起,演出/Livehouse,重庆市,重庆,秀动网
话剧《平凡的世界》（中剧场）,,2026-10-10 19:30,,,重庆,https://www.showstart.com/event/302199,,¥40起,演出/Livehouse,重庆市,重庆,秀动网
《暮光之城》好莱坞电影金曲烛光音乐会【ECM欧洲之声室内乐团】（中剧场）,,2026-10-15 19:30,,,重庆,https://www.showstart.com/event/305648,,¥120起,演出/Livehouse,重庆市,重庆,秀动网
《爱乐之城》电影金曲烛光音乐会【ECM欧洲之声室内乐团】（中剧场）,,2026-10-16 19:30,,,重庆,https://www.showstart.com/event/306617,,¥120起,演出/Livehouse,重庆市,重庆,秀动网
Zkaaai-2026巡演重庆站,,2026-10-16 20:00,,,重庆,https://www.showstart.com/event/305958,,¥128起,演出/Livehouse,重庆市,重庆,秀动网
Jake Miller「The Spark Tour」-重庆站,,2026-10-16 20:00,,,重庆,https://www.showstart.com/event/304761,,¥298起,演出/Livehouse,重庆市,重庆,秀动网
【免票】爵士钢琴演奏家Leo bae原创作品音乐会,,2026-10-16 21:00,,,重庆,https://www.showstart.com/event/307296,,¥0,演出/Livehouse,重庆市,重庆,秀动网
《我只在乎你》籁之音云汐女声合唱团流行经典歌曲合唱音乐会（中剧场）,,2026-10-17 19:30,,,重庆,https://www.showstart.com/event/307142,,¥100起,演出/Livehouse,重庆市,重庆,秀动网
【重庆】《我只在乎你》籁之音云汐女声合唱团流行经典歌曲合唱音乐会,,2026-10-17 19:30,,,重庆,https://www.showstart.com/event/305490,,¥100起,演出/Livehouse,重庆市,重庆,秀动网
【10.17】宋代美学《梦回红楼》演奏会重庆站,,2026-10-17 19:30,,,重庆,https://www.showstart.com/event/308497,,¥58.80起,演出/Livehouse,重庆市,重庆,秀动网
NB中文说唱派对【2026重庆专场】,,2026-10-17 19:30,,,重庆,https://www.showstart.com/event/310422,,¥44起,演出/Livehouse,重庆市,重庆,秀动网
「怡然の帽泡time」李怡然同学2026巡演 重庆站,,2026-10-17 20:00,,,重庆,https://www.showstart.com/event/307545,,¥99起,演出/Livehouse,重庆市,重庆,秀动网
「pastday」动物园钉子户2026新EP全国巡演 重庆站,,2026-10-17 20:00,,,重庆,https://www.showstart.com/event/306164,,¥100起,演出/Livehouse,重庆市,重庆,秀动网
为巴西爵士带来全新气息 HIITRI0《回 到彼岸》新专巡演重庆站,,2026-10-17 21:00,,,重庆,https://www.showstart.com/event/306208,,¥100起,演出/Livehouse,重庆市,重庆,秀动网
《大唐雅韵 ·钟鸣鼓乐》西安鼓乐团-重庆站（大剧场）,,2026-10-18 19:30,,,重庆,https://www.showstart.com/event/305566,,¥40起,演出/Livehouse,重庆市,重庆,秀动网
《我们的爱》给未来的自己流行金曲传递演唱会（中剧场）,,2026-10-18 19:30,,,重庆,https://www.showstart.com/event/310217,,¥100起,演出/Livehouse,重庆市,重庆,秀动网
昏迷中心ComaCenter2026「歇斯底里」巡演·重庆站,,2026-10-18 20:00,,,重庆,https://www.showstart.com/event/302884,,¥60起,演出/Livehouse,重庆市,重庆,秀动网
Peter SomuahGroup荷兰小号演奏家爵 士四重奏,,2026-10-18 21:00,,,重庆,https://www.showstart.com/event/306298,,¥120起,演出/Livehouse,重庆市,重庆,秀动网
叛逆的老登·青春回响演唱会,,2026-10-24 19:30,,,重庆,https://www.showstart.com/event/309605,,¥58起,演出/Livehouse,重庆市,重庆,秀动网
白日密语2026巡演 重庆站,,2026-10-24 20:00,,,重庆,https://www.showstart.com/event/306661,,¥8起,演出/Livehouse,重庆市,重庆,秀动网
【江畔篇】360°沉浸环绕式烛光音乐会·2026AUTUMN 银幕史诗 大师甄选 汉斯·季默×詹姆斯·霍纳——电影音乐江畔浪漫唯美烛光音乐会,,2026-10-24 20:00,,,重庆,https://www.showstart.com/event/309937,,¥70起,演出/Livehouse,重庆市,重庆,秀动网
［三九之年］陈默之2026巡回演唱会-重庆站,,2026-10-24 20:00,,,重庆,https://www.showstart.com/event/309940,,¥128起,演出/Livehouse,重庆市,重庆,秀动网
重庆·正版国漫2.5次元《狐妖小红娘 第三部》演唱会20256巡演 重庆站,,2026-10-25 13:00,,,重庆,https://www.showstart.com/event/299987,,¥108起,演出/Livehouse,重庆市,重庆,秀动网
法国器乐电子视听现场 NIKITCH Audio Visual Live Show | DDL呈现 重庆站,,2026-10-28 20:00,,,重庆,https://www.showstart.com/event/310012,,¥100起,演出/Livehouse,重庆市,重庆,秀动网
佟睿睿导演作品·舞剧《龟兹》（大剧场）,,2026-10-30 19:30,,,重庆,https://www.showstart.com/event/308307,,¥100起,演出/Livehouse,重庆市,重庆,秀动网
纣王老胡&边无才「细嚼慢咽 」巡演 重庆站,,2026-10-30 20:00,,,重庆,https://www.showstart.com/event/302705,,¥88起,演出/Livehouse,重庆市,重庆,秀动网
岛屿心情「美丽人生」新专辑巡演 重庆站,,2026-10-30 20:00,,,重庆,https://www.showstart.com/event/309829,,¥168起,演出/Livehouse,重庆市,重庆,秀动网
【以爱为谱，以城为章】《LALALAND爱乐之城》电影主题音乐会,,2026-10-31 19:30,,,重庆,https://www.showstart.com/event/296032,,¥59.90起,演出/Livehouse,重庆市,重庆,秀动网
陈洁丽《你happy我也Happy》巡回演唱会｜重庆站,,2026-10-31 20:00,,,重庆,https://www.showstart.com/event/310129,,¥200起,演出/Livehouse,重庆市,重庆,秀动网
万圣复古金曲派对·万圣节特辑,,2026-10-31 20:00,,,重庆,https://www.showstart.com/event/307668,,¥88起,演出/Livehouse,重庆市,重庆,秀动网
鬼朋克2 特别周末派对,,2026-10-31 20:30,,,重庆,https://www.showstart.com/event/310136,,¥80起,演出/Livehouse,重庆市,重庆,秀动网
古典新绎话剧《桃花扇1912》（大剧场）,,2026-11-01 19:30,,,重庆,https://www.showstart.com/event/307236,,¥40起,演出/Livehouse,重庆市,重庆,秀动网
Bewilder白雾岛「雾岛归潮」巡演 重庆站,,2026-11-04 20:00,,,重庆,https://www.showstart.com/event/310179,,¥79起,演出/Livehouse,重庆市,重庆,秀动网
法国萨克斯演奏家VIRGINIE DAÏDE爵士四重奏,,2026-11-05 21:00,,,重庆,https://www.showstart.com/event/309117,,¥100起,演出/Livehouse,重庆市,重庆,秀动网
《后来·遇见》籁之音歌行合唱团流行经典歌曲合唱音乐会（大剧场）,,2026-11-06 19:30,,,重庆,https://www.showstart.com/event/298815,,¥100起,演出/Livehouse,重庆市,重庆,秀动网
天津人艺曹禺经典话剧《雷雨》（大剧场）,,2026-11-07 19:30,,,重庆,https://www.showstart.com/event/305571,,¥180起,演出/Livehouse,重庆市,重庆,秀动网
浅水ShallowEnd「容器」2026新专辑巡演重庆站,,2026-11-07 20:00,,,重庆,https://www.showstart.com/event/308442,,¥108起,演出/Livehouse,重庆市,重庆,秀动网
凡人修仙传动画视听音乐会（大剧场）,,2026-11-08 19:30,,,重庆,https://www.showstart.com/event/301025,,¥180起,演出/Livehouse,重庆市,重庆,秀动网
「复刻回忆」Pianoboy高至豪流行钢琴音乐会（中剧场）,,2026-11-08 19:30,,,重庆,https://www.showstart.com/event/301838,,¥180起,演出/Livehouse,重庆市,重庆,秀动网
【江畔篇】36°沉浸环绕式烛光音乐会·1111 繁星之城啊，MY LOVE——LALA LAND 爱乐之城江畔浪漫烛光音乐会,,2026-11-11 19:30,,,重庆,https://www.showstart.com/event/309939,,¥70起,演出/Livehouse,重庆市,重庆,秀动网
弓弦上的音诗-罗伯特·卡巴拉小提琴独奏音乐会（中剧场）,,2026-11-13 19:30,,,重庆,https://www.showstart.com/event/307216,,¥40起,演出/Livehouse,重庆市,重庆,秀动网
不可撤销「嫁给我」十年之约2026巡演 重庆站,,2026-11-13 20:00,,,重庆,https://www.showstart.com/event/305839,,¥108起,演出/Livehouse,重庆市,重庆,秀动网
正版授权亲子互动舞台剧《布鲁伊的大宝藏》（中剧场）,,2026-11-14 14:00,,,重庆,https://www.showstart.com/event/309766,,¥100起,演出/Livehouse,重庆市,重庆,秀动网
曹禺经典话剧《雷雨》 重庆站,,2026-11-14 17:00,,,重庆,https://www.showstart.com/event/309503,,¥78起,演出/Livehouse,重庆市,重庆,秀动网
JUMP THE BLUE·MOJOHAND2026跨蓝巡演-重庆站,,2026-11-14 20:00,,,重庆,https://www.showstart.com/event/303814,,¥100起,演出/Livehouse,重庆市,重庆,秀动网
剧院之声—星星梭《初冬的邀请函》主题朗诵会（小剧场）,,2026-11-16 19:30,,,重庆,https://www.showstart.com/event/310377,,¥20,演出/Livehouse,重庆市,重庆,秀动网
海底时光机《北方失真区》巡演 重庆站,,2026-11-20 20:00,,,重庆,https://www.showstart.com/event/309886,,¥109起,演出/Livehouse,重庆市,重庆,秀动网
秦昊Jeff“光阴的模样”巡演一重庆站,,2026-11-21 19:30,,,重庆,https://www.showstart.com/event/308777,,¥230.40起,演出/Livehouse,重庆市,重庆,秀动网
重庆站 | 裘德「离开银色荒原」限定加场演唱会,,2026-11-21 19:30,,,重庆,https://www.showstart.com/event/306550,,¥289起,演出/Livehouse,重庆市,重庆,秀动网
沉浸式亲子互动环球冒险儿童剧《八十天环游地球》（中剧场）,,2026-11-22 15:00,,,重庆,https://www.showstart.com/event/309205,,¥100起,演出/Livehouse,重庆市,重庆,秀动网
中文原创音乐剧《简·爱》（大剧场）,,2026-11-28 14:30,,,重庆,https://www.showstart.com/event/310215,,¥40起,演出/Livehouse,重庆市,重庆,秀动网
经典回响追忆家驹beyond巡回演唱会,,2026-11-28 19:30,,,重庆,https://www.showstart.com/event/309573,,¥48起,演出/Livehouse,重庆市,重庆,秀动网
脆莓乐队「鲜活人生 Vibrant Life」·重庆站,,2026-11-28 20:00,,,重庆,https://www.showstart.com/event/310091,,¥158起,演出/Livehouse,重庆市,重庆,秀动网
【早鸟票6折】百老汇亲子互动科学剧《化学秀》中文版,,2026-11-29 14:00,,,重庆,https://www.showstart.com/event/304092,,¥60起,演出/Livehouse,重庆市,重庆,秀动网
重庆大剧院“打开艺术之门”系列演出《我叫方清平》（中剧场）,,2026-12-03 19:30,,,重庆,https://www.showstart.com/event/310126,,¥40起,演出/Livehouse,重庆市,重庆,秀动网
Sold Out、Wildfire 原唱 Jon Steingard 2026 重庆演唱会,,2026-12-10 20:00,,,重庆,https://www.showstart.com/event/302292,,¥180起,演出/Livehouse,重庆市,重庆,秀动网
郁乐队2026-2027“惊恐症”巡演-重庆站,,2026-12-11 20:00,,,重庆,https://www.showstart.com/event/307357,,¥180起,演出/Livehouse,重庆市,重庆,秀动网
原创音乐剧《#0528》镜框版（大剧场）,,2026-12-12 19:30,,,重庆,https://www.showstart.com/event/306711,,¥40起,演出/Livehouse,重庆市,重庆,秀动网
2-Hour River Ride Tour：The Best Way to Experience Chongqing’s 8D City ,,2026-09-18 19:00:00,,5,"Chongqing, Chongqing, China, Chongqing",https://www.meetup.com/chongqing-2hours-studio/events/316563629/,,200,Meetup/expat,重庆市,重庆,Meetup
"2026 Full Year【3-Day Chongqing&Wulong】City Souls, Karst Bridges& Sky Hole",,2026-09-18 07:00:00,,20,"Chongqing, Chongqing",https://www.meetup.com/okdealtravelchina/events/316521267/,,470,Meetup/expat,重庆市,重庆,Meetup
Touch rugby + Training!,,2026-09-17 18:00:00,,,"Chongqing Jiaotong University (Nanping - Ertang (line 3) metro station exit 1), 重庆交通大学（南坪-二塘地铁站1号出口 -3号线）, Chongqing",https://www.meetup.com/chongqing-sports-rugby-fitness-touch-rugby/events/316310177/,,,Meetup/expat,重庆市,重庆,Meetup
《不完美复仇计划——杀马官方前传》（多功能剧场）,,2026-09-18 19:30,,,长沙,https://www.showstart.com/event/307449,,¥120起,演出/Livehouse,湖南省,长沙,秀动网
孤独的利里 强制曝光 长沙站,,2026-09-18 20:30,,,长沙,https://www.showstart.com/event/308837,,¥108起,演出/Livehouse,湖南省,长沙,秀动网
法国即兴融合爵士组合 MONTAGNE SAUVAGE (野山) 巡演 | DDL呈现 长沙站,,2026-09-18 20:30,,,长沙,https://www.showstart.com/event/306380,,¥108起,演出/Livehouse,湖南省,长沙,秀动网
糖分补充企划女子偶像公演vol.25 长沙特别场,,2026-09-19 12:30,,,长沙,https://www.showstart.com/event/309155,,¥78起,演出/Livehouse,湖南省,长沙,秀动网
南部之声【Southern sound】2026长沙首次专场,,2026-09-19 19:30,,,长沙,https://www.showstart.com/event/308510,,¥0起,演出/Livehouse,湖南省,长沙,秀动网
李百万巡演长沙站,,2026-09-19 20:00,,,长沙,https://www.showstart.com/event/306401,,¥98起,演出/Livehouse,湖南省,长沙,秀动网
「再奇怪一点」沉舟2026巡演 长沙站,,2026-09-19 20:00,,,长沙,https://www.showstart.com/event/307413,,¥108起,演出/Livehouse,湖南省,长沙,秀动网
五一广场步行街【大笑喜剧】脱口秀｜周一至周日｜综艺卡司｜吐槽爆笑大会｜开心互动｜即兴之夜精品秀＞,,2026-09-20 19:30,,,长沙,https://www.showstart.com/event/310165,,¥68起,演出/Livehouse,湖南省,长沙,秀动网
海底时光机《南部风暴港》巡演-长沙站,,2026-09-20 20:00,,,长沙,https://www.showstart.com/event/306249,,¥109起,演出/Livehouse,湖南省,长沙,秀动网
音乐剧《夜幕下的哈尔滨》,,2026-09-21 19:30,,,长沙,https://www.showstart.com/event/303411,,¥180起,演出/Livehouse,湖南省,长沙,秀动网
「少女乐队Only」3.0-Anisong Medley Live,,2026-09-23 19:30,,,长沙,https://www.showstart.com/event/308607,,¥60起,演出/Livehouse,湖南省,长沙,秀动网
痛仰2026「老友记x后浪」livehouse巡演·长沙站,,2026-09-23 20:00,,,长沙,https://www.showstart.com/event/308310,,¥320,演出/Livehouse,湖南省,长沙,秀动网
花式整活，玩命直播！话剧《模范夫妻》中秋节专场（多功能剧场）,,2026-09-24 19:30,,,长沙,https://www.showstart.com/event/308610,,¥120起,演出/Livehouse,湖南省,长沙,秀动网
小南瓜2026巡演<<Part.3 长沙站,,2026-09-24 20:30,,,长沙,https://www.showstart.com/event/309006,,¥88起,演出/Livehouse,湖南省,长沙,秀动网
刘旸教主单口喜剧专场《身心俱疲》 | Standby 出品 @长沙,,2026-09-25 19:30,,,长沙,https://www.showstart.com/event/306949,,¥220起,演出/Livehouse,湖南省,长沙,秀动网
燃HIPHOP集结—长沙站,,2026-09-25 19:30,,,长沙,https://www.showstart.com/event/306100,,¥380起,演出/Livehouse,湖南省,长沙,秀动网
2026「KPOPBOOM长沙站」—千人KPOP音乐节,,2026-09-25 20:00,,,长沙,https://www.showstart.com/event/307169,,¥88起,演出/Livehouse,湖南省,长沙,秀动网
白日密语2026巡演 长沙站,,2026-09-25 20:00,,,长沙,https://www.showstart.com/event/306654,,¥8起,演出/Livehouse,湖南省,长沙,秀动网
陈乃荣《在晴朗时拥抱》长沙站,,2026-09-26 14:00,,,长沙,https://www.showstart.com/event/308102,,¥300起,演出/Livehouse,湖南省,长沙,秀动网
【长沙】喜剧部落｜全新阵容大可乐、阵雨领衔爆笑脱口秀｜精品喜剧｜沉浸式演出场场爆满,,2026-09-26 18:00,,,长沙,https://www.showstart.com/event/308638,,¥69起,演出/Livehouse,湖南省,长沙,秀动网
《江城STAR说唱演出特别篇-星城 STAR》,,2026-09-26 19:00,,,长沙,https://www.showstart.com/event/309357,,¥9.90起,演出/Livehouse,湖南省,长沙,秀动网
北国寒潮【画家ThePainter新专巡演】长沙站,,2026-09-26 20:00,,,长沙,https://www.showstart.com/event/308293,,¥88起,演出/Livehouse,湖南省,长沙,秀动网
与你相对·相对论乐队 2026巡演 长沙站,,2026-09-26 20:00,,,长沙,https://www.showstart.com/event/305366,,¥100起,演出/Livehouse,湖南省,长沙,秀动网
正版授权沉浸式推理舞台剧《神探迈克狐-盛宴谜案》,,2026-09-27 14:30,,,长沙,https://www.showstart.com/event/308303,,¥180起,演出/Livehouse,湖南省,长沙,秀动网
长沙Melete合唱团《湘xiáng xiǎng xiàng 》,,2026-09-27 19:30,,,长沙,https://www.showstart.com/event/308190,,¥120起,演出/Livehouse,湖南省,长沙,秀动网
印尼硬核街头朋克TURTLES.JR长沙专场,,2026-09-27 20:00,,,长沙,https://www.showstart.com/event/310045,,¥120起,演出/Livehouse,湖南省,长沙,秀动网
Slava's Snow Show-斯拉法的下雪秀,,2026-09-30 19:30,,,长沙,https://www.showstart.com/event/297442,,¥100起,演出/Livehouse,湖南省,长沙,秀动网
空明奏2.0,,2026-10-01 15:00,,,长沙,https://www.showstart.com/event/309469,,¥59起,演出/Livehouse,湖南省,长沙,秀动网
私奔到千禧·华语巅峰金曲Live演唱会,,2026-10-01 20:00,,,长沙,https://www.showstart.com/event/308747,,¥88起,演出/Livehouse,湖南省,长沙,秀动网
光年秋笺KIRAMIDO,,2026-10-02 19:30,,,长沙,https://www.showstart.com/event/307566,,¥59起,演出/Livehouse,湖南省,长沙,秀动网
街头fortune说唱派对长沙站(丘比特主题巡演) | 嘉宾Threethousand***三千,,2026-10-02 20:00,,,长沙,https://www.showstart.com/event/309229,,¥68起,演出/Livehouse,湖南省,长沙,秀动网
2026刘俊麟[出川调]长沙专场,,2026-10-03 19:40,,,出川调,https://www.showstart.com/event/310039,,¥168起,演出/Livehouse,湖南省,长沙,秀动网
开圈行动｜中文说唱派对 长沙站,,2026-10-03 20:00,,,长沙,https://www.showstart.com/event/309749,,¥68起,演出/Livehouse,湖南省,长沙,秀动网
水先游「楚歌」长沙专场,,2026-10-03 20:00,,,长沙,https://www.showstart.com/event/308275,,¥48起,演出/Livehouse,湖南省,长沙,秀动网
王越脱口秀专场《短发》丨 Standby 出品@长沙,,2026-10-04 16:00,,,长沙,https://www.showstart.com/event/308017,,¥220起,演出/Livehouse,湖南省,长沙,秀动网
四夜将至5.0·極夜,,2026-10-04 17:50,,,长沙,https://www.showstart.com/event/309471,,¥69起,演出/Livehouse,湖南省,长沙,秀动网
声声不息·港乐经典金曲演唱会,,2026-10-05 19:30,,,长沙,https://www.showstart.com/event/309243,,¥108起,演出/Livehouse,湖南省,长沙,秀动网
姚晨领衔主演话剧《非穷尽列举》,,2026-10-06 19:30,,,长沙,https://www.showstart.com/event/309209,,¥100起,演出/Livehouse,湖南省,长沙,秀动网
喜单3综艺热门卡司于渤、刘睽、南瓜领衔|保利剧聚|趣听喜剧精选秀（多功能剧场）,,2026-10-06 19:30,,,长沙,https://www.showstart.com/event/309975,,¥120起,演出/Livehouse,湖南省,长沙,秀动网
闪千手呈现｜YĪN YĪN 2026新专辑巡演  长沙,,2026-10-08 20:30,,,长沙,https://www.showstart.com/event/301939,,¥220起,演出/Livehouse,湖南省,长沙,秀动网
大型经典民族歌剧《江姐》【打开艺术之门全民版】,,2026-10-09 19:30,,,长沙,https://www.showstart.com/event/309578,,¥30起,演出/Livehouse,湖南省,长沙,秀动网
音乐剧《红莲》长沙站,,2026-10-10 19:30,,,长沙,https://www.showstart.com/event/303559,,¥180起,演出/Livehouse,湖南省,长沙,秀动网
WetMen·俄罗斯型男水舞剧《雨中2:爱的宣言》,,2026-10-12 19:30,,,长沙,https://www.showstart.com/event/305805,,¥180起,演出/Livehouse,湖南省,长沙,秀动网
原创音乐剧《她的海》,,2026-10-16 19:30,,,长沙,https://www.showstart.com/event/303971,,¥180起,演出/Livehouse,湖南省,长沙,秀动网
国王歌手合唱团音乐会-2026巡演长沙站,,2026-10-16 19:30,,,长沙,https://www.showstart.com/event/303506,,¥100起,演出/Livehouse,湖南省,长沙,秀动网
「复刻回忆」Pianoboy高至豪流行钢琴音乐会（多功能剧场）,,2026-10-17 19:30,,,长沙,https://www.showstart.com/event/299416,,¥180起,演出/Livehouse,湖南省,长沙,秀动网
三国演义亲子系列舞台剧之《赤壁之战》,,2026-10-18 16:30,,,长沙,https://www.showstart.com/event/308842,,¥80起,演出/Livehouse,湖南省,长沙,秀动网
亚森「荒漠上行走II」2026巡演·长沙站,,2026-10-18 19:30,,,长沙,https://www.showstart.com/event/309123,,¥279起,演出/Livehouse,湖南省,长沙,秀动网
「浪漫的狗」春击浪2026巡演 长沙站,,2026-10-18 20:00,,,长沙,https://www.showstart.com/event/307800,,¥79起,演出/Livehouse,湖南省,长沙,秀动网
天津人艺版 曹禺经典话剧《日出》,,2026-10-20 19:30,,,长沙,https://www.showstart.com/event/307120,,¥180起,演出/Livehouse,湖南省,长沙,秀动网
佟睿睿导演作品·舞剧《龟兹》,,2026-10-23 19:30,,,长沙,https://www.showstart.com/event/308542,,¥180起,演出/Livehouse,湖南省,长沙,秀动网
纣王老胡&边无才「细嚼慢咽 」巡演 长沙站,,2026-10-23 20:00,,,长沙,https://www.showstart.com/event/307559,,¥88起,演出/Livehouse,湖南省,长沙,秀动网
硬刚到底 | 羽果2026巡演 长沙站,,2026-10-24 20:00,,,长沙,https://www.showstart.com/event/309475,,¥120起,演出/Livehouse,湖南省,长沙,秀动网
暴躁的兔子「FOR FLOWER」2026 Tour 长沙站,,2026-10-24 20:00,,,长沙,https://www.showstart.com/event/309667,,¥148起,演出/Livehouse,湖南省,长沙,秀动网
罗森涛「不想长大的人」2026巡演 长沙站,,2026-10-24 20:00,,,长沙,https://www.showstart.com/event/308217,,¥180起,演出/Livehouse,湖南省,长沙,秀动网
凡人修仙传动画视听音乐会,,2026-10-25 19:30,,,长沙,https://www.showstart.com/event/301212,,¥180起,演出/Livehouse,湖南省,长沙,秀动网
法国器乐电子视听现场 NIKITCH Audio Visual Live Show | DDL呈现 长沙站,,2026-10-27 20:30,,,长沙,https://www.showstart.com/event/309090,,¥100起,演出/Livehouse,湖南省,长沙,秀动网
天津人艺版 曹禺经典话剧《原野》,,2026-10-28 19:30,,,长沙,https://www.showstart.com/event/307118,,¥180起,演出/Livehouse,湖南省,长沙,秀动网
拉美爵士天后凯伦·索萨“丝绒爵色时”2026巡演（长沙站）,,2026-10-30 19:30,,,长沙,https://www.showstart.com/event/305486,,¥144起,演出/Livehouse,湖南省,长沙,秀动网
欧洲杰出青年爵士组合 DANIEL MIGLIOSI QUARTET 巡演｜DDL呈现 长沙站,,2026-10-30 20:30,,,长沙,https://www.showstart.com/event/307427,,¥118起,演出/Livehouse,湖南省,长沙,秀动网
万圣复古金曲派对·万圣节特辑,,2026-10-31 20:00,,,长沙,https://www.showstart.com/event/307666,,¥88起,演出/Livehouse,湖南省,长沙,秀动网
【万圣节特辑】KPOP UP千人音乐节-长沙站,,2026-10-31 20:00,,,长沙,https://www.showstart.com/event/309035,,¥88起,演出/Livehouse,湖南省,长沙,秀动网
2026市民音乐会-从延安出发—中央歌剧院专场音乐会,,2026-11-04 19:30,,,长沙,https://www.showstart.com/event/308322,,¥50起,演出/Livehouse,湖南省,长沙,秀动网
Dummy Toys 2026《The Point of No Return》新专辑巡演长沙站,,2026-11-06 20:00,,,长沙,https://www.showstart.com/event/310052,,¥80起,演出/Livehouse,湖南省,长沙,秀动网
李嘉格2026「模样」巡演-长沙站,,2026-11-07 19:30,,,长沙,https://www.showstart.com/event/309989,,¥288起,演出/Livehouse,湖南省,长沙,秀动网
安妮-索菲·穆特与英国皇家爱乐乐团音乐会,,2026-11-07 19:30,,,长沙,https://www.showstart.com/event/304221,,¥280起,演出/Livehouse,湖南省,长沙,秀动网
三十载·琦迹之路巡回摇滚现场音乐会,,2026-11-07 20:00,,,长沙,https://www.showstart.com/event/308141,,¥99起,演出/Livehouse,湖南省,长沙,秀动网
郁乐队2026-2027“惊恐症”全国巡演-长沙站,,2026-11-07 20:00,,,长沙,https://www.showstart.com/event/308403,,¥180起,演出/Livehouse,湖南省,长沙,秀动网
Bewilder白雾岛「雾岛归潮」巡演 长沙站,,2026-11-08 19:30,,,长沙,https://www.showstart.com/event/310252,,¥79起,演出/Livehouse,湖南省,长沙,秀动网
音乐剧《道林格雷的画像》,,2026-11-13 19:30,,,长沙,https://www.showstart.com/event/309705,,¥180起,演出/Livehouse,湖南省,长沙,秀动网
Zkaaai-2026巡演长沙站,,2026-11-14 20:00,,,长沙,https://www.showstart.com/event/308833,,¥128起,演出/Livehouse,湖南省,长沙,秀动网
浅水ShallowEnd「容器」2026新专辑巡演长沙站,,2026-11-15 20:00,,,长沙,https://www.showstart.com/event/308450,,¥108起,演出/Livehouse,湖南省,长沙,秀动网
中文原创音乐剧《简·爱）,,2026-11-17 19:30,,,长沙,https://www.showstart.com/event/310188,,¥180起,演出/Livehouse,湖南省,长沙,秀动网
舞蹈诗剧《只此青绿》——舞绘千里江山图,,2026-11-20 19:30,,,长沙,https://www.showstart.com/event/298583,,¥180起,演出/Livehouse,湖南省,长沙,秀动网
不可撤销「嫁给我」十年之约2026巡演 长沙站,,2026-11-20 20:00,,,长沙,https://www.showstart.com/event/309089,,¥108起,演出/Livehouse,湖南省,长沙,秀动网
歌之初乐队「相见如初」巡演 长沙站,,2026-11-21 20:00,,,长沙,https://www.showstart.com/event/304114,,¥100起,演出/Livehouse,湖南省,长沙,秀动网
8bite「落茧」2026巡演  长沙站,,2026-11-21 20:00,,,长沙,https://www.showstart.com/event/309502,,¥129起,演出/Livehouse,湖南省,长沙,秀动网
大宽「我们将离散在某日黄昏」个人巡演 长沙站,,2026-11-22 19:30,,,长沙,https://www.showstart.com/event/300855,,¥140起,演出/Livehouse,湖南省,长沙,秀动网
大道文化出品陈佩斯主演话剧《驚夢》,,2026-11-27 19:30,,,长沙,https://www.showstart.com/event/307648,,¥180起,演出/Livehouse,湖南省,长沙,秀动网
沉浸式亲子互动环球冒险儿童剧《八十天环游地球》（多功能剧场）,,2026-11-28 14:00,,,长沙,https://www.showstart.com/event/310271,,¥60起,演出/Livehouse,湖南省,长沙,秀动网
倒带2008青春日不落演唱会   再唱北京欢迎你---长沙站,,2026-11-28 20:00,,,长沙,https://www.showstart.com/event/309653,,¥128起,演出/Livehouse,湖南省,长沙,秀动网
布衣乐队《云起时》巡演长沙站,,2026-11-28 20:00,,,长沙,https://www.showstart.com/event/307972,,¥108起,演出/Livehouse,湖南省,长沙,秀动网
周云蓬「以演还演」2026巡演 长沙站,,2026-11-29 20:00,,,长沙,https://www.showstart.com/event/309441,,¥120起,演出/Livehouse,湖南省,长沙,秀动网
霉霉生日场！【Love Story】-Taylor Swift金曲演唱会 霉粉必看！@TayMe（长沙站）,,2026-12-12 20:00,,,长沙,https://www.showstart.com/event/309059,,¥98起,演出/Livehouse,湖南省,长沙,秀动网
[Free Submission] GHS 2026-The 3rd International Conference on Geotechnics and Hydraulic Structure,,,,,,https://allevents.in/changsha/free-submission-ghs-2026-the-3rd-international-conference-on-geotechnics-and-hydraulic-structure/200030492306424,,,AllEvents,湖南省,长沙,
「复刻回忆」Pianoboy高至豪流行钢琴音乐会 乌鲁木齐站,,2026-09-19 17:00,,,乌鲁木齐,https://www.showstart.com/event/300914,,¥180起,演出/Livehouse,新疆维吾尔自治区,乌鲁木齐,秀动网
阿克江《敏感天赋》新专辑巡演·乌鲁木齐站,,2026-09-25 21:00,,,乌鲁木齐,https://www.showstart.com/event/309851,,¥168起,演出/Livehouse,新疆维吾尔自治区,乌鲁木齐,秀动网
“打开它！打开易拉罐！”易拉罐乐队专场演出,,2026-09-27 21:30,,,乌鲁木齐,https://www.showstart.com/event/308881,,¥59起,演出/Livehouse,新疆维吾尔自治区,乌鲁木齐,秀动网
10月3日 阿不都拉《麦西来甫盛宴》国庆专场演唱会,,2026-10-03 21:00,,,乌鲁木齐,https://www.showstart.com/event/310357,,¥180起,演出/Livehouse,新疆维吾尔自治区,乌鲁木齐,秀动网
10月5日-6日 西域之声 新疆地下摇滚双日盛会,,2026-10-05 20:00,,,乌鲁木齐,https://www.showstart.com/event/310331,,¥68起,演出/Livehouse,新疆维吾尔自治区,乌鲁木齐,秀动网
"花墙FancyWall「This,That」十周年巡演 乌鲁木齐站",,2026-10-18 20:00,,,乌鲁木齐,https://www.showstart.com/event/307177,,¥120起,演出/Livehouse,新疆维吾尔自治区,乌鲁木齐,秀动网
布衣乐队《云起时》巡演乌鲁木齐站,,2026-10-21 21:00,,,乌鲁木齐,https://www.showstart.com/event/307927,,¥108起,演出/Livehouse,新疆维吾尔自治区,乌鲁木齐,秀动网
乌鲁木齐·1024柳三便脱口秀专场《嗡》,,2026-10-24 21:00,,,乌鲁木齐,https://www.showstart.com/event/310311,,¥128起,演出/Livehouse,新疆维吾尔自治区,乌鲁木齐,秀动网
郁乐队2026-2027“惊恐症”全国巡演-乌鲁木齐站,,2026-10-25 21:00,,,乌鲁木齐,https://www.showstart.com/event/308586,,¥180起,演出/Livehouse,新疆维吾尔自治区,乌鲁木齐,秀动网
【乌鲁木齐站】奥斯卡·罗曼耶卓（O叔）钢琴独奏音乐会,,2026-10-31 21:00,,,乌鲁木齐,https://www.showstart.com/event/296488,,¥180起,演出/Livehouse,新疆维吾尔自治区,乌鲁木齐,秀动网
乌鲁木齐·1107小象脱口秀专场《象你一样》,,2026-11-07 21:00,,,乌鲁木齐,https://www.showstart.com/event/310316,,¥128起,演出/Livehouse,新疆维吾尔自治区,乌鲁木齐,秀动网
贰佰2026「贰话不说」巡演-乌鲁木齐,,2026-11-22 21:00,,,乌鲁木齐,https://www.showstart.com/event/309944,,¥178,演出/Livehouse,新疆维吾尔自治区,乌鲁木齐,秀动网
方蕉大咖秀｜小佳单口喜剧专场《依旧高歌》·贵阳站,,2026-09-19 20:00,,,贵阳,https://www.showstart.com/event/308060,,¥180,演出/Livehouse,贵州省,贵阳,秀动网
I AM WHAT I AM 贵阳站,,2026-09-20 20:00,,,贵阳,https://www.showstart.com/event/306057,,¥368,演出/Livehouse,贵州省,贵阳,秀动网
RoughGang野火说唱派对·贵阳站,,2026-09-25 19:00,,,贵阳,https://www.showstart.com/event/309852,,¥68起,演出/Livehouse,贵州省,贵阳,秀动网
方蕉大咖秀｜综艺《脱TA朋友》卡司小雪脱口秀专场《生而为人》,,2026-09-25 20:00,,,贵阳,https://www.showstart.com/event/308059,,¥118起,演出/Livehouse,贵州省,贵阳,秀动网
张德伊玲『玲感』2026巡演【贵阳站】,,2026-09-26 20:00,,,贵阳,https://www.showstart.com/event/303637,,¥138起,演出/Livehouse,贵州省,贵阳,秀动网
中西部情绪麻将 「秋游」贵阳专场,,2026-10-03 20:00,,,贵阳,https://www.showstart.com/event/306903,,¥68起,演出/Livehouse,贵州省,贵阳,秀动网
昏迷中心ComaCenter2026「歇斯底里」巡演·贵阳站,,2026-10-16 20:00,,,贵阳,https://www.showstart.com/event/302882,,¥60起,演出/Livehouse,贵州省,贵阳,秀动网
英国BBC正版授权亲子互动舞台剧《布鲁伊的大宝藏》贵阳站,,2026-10-17 10:30,,,贵阳,https://www.showstart.com/event/300340,,¥70起,演出/Livehouse,贵州省,贵阳,秀动网
SoundVibe呈现｜Charles Berthoud《极限低音》Play With Fire 贝斯巡演 贵阳站,,2026-10-17 19:30,,,贵阳,https://www.showstart.com/event/305145,,¥200起,演出/Livehouse,贵州省,贵阳,秀动网
罗森涛「不想长大的人」2026巡演 贵阳站,,2026-10-17 20:00,,,贵阳,https://www.showstart.com/event/308213,,¥180起,演出/Livehouse,贵州省,贵阳,秀动网
【變形】魚條2026巡迴演出 贵阳站,,2026-10-28 20:00,,,贵阳,https://www.showstart.com/event/309870,,¥150起,演出/Livehouse,贵州省,贵阳,秀动网
贵阳·「时光·哲旅」六哲2026巡回演唱会-贵阳站,,2026-10-31 19:30,,,贵阳,https://www.showstart.com/event/309224,,¥266起,演出/Livehouse,贵州省,贵阳,秀动网
万圣复古金曲派对·万圣节特辑,,2026-10-31 20:00,,,贵阳,https://www.showstart.com/event/308106,,¥88起,演出/Livehouse,贵州省,贵阳,秀动网
Dummy Toys 2026《The Point of No Return》新专辑巡演贵阳站,,2026-11-01 20:30,,,贵阳,https://www.showstart.com/event/309702,,¥80起,演出/Livehouse,贵州省,贵阳,秀动网
Bewilder白雾岛「雾岛归潮」巡演 贵阳站,,2026-11-05 20:00,,,贵阳,https://www.showstart.com/event/310192,,¥79起,演出/Livehouse,贵州省,贵阳,秀动网
門图MOOTOO《開》2026巡演 贵阳站,,2026-11-07 20:00,,,贵阳,https://www.showstart.com/event/309086,,¥89起,演出/Livehouse,贵州省,贵阳,秀动网
不可撤销「嫁给我」十年之约2026巡演 贵阳站,,2026-11-08 20:00,,,贵阳,https://www.showstart.com/event/305838,,¥108起,演出/Livehouse,贵州省,贵阳,秀动网
浅水ShallowEnd「容器」2026新专辑巡演贵阳站,,2026-11-14 20:00,,,贵阳,https://www.showstart.com/event/308446,,¥108起,演出/Livehouse,贵州省,贵阳,秀动网
老舍经典话剧《茶馆》专属版 贵阳站,,2026-12-05 19:30,,,贵阳,https://www.showstart.com/event/303832,,¥108起,演出/Livehouse,贵州省,贵阳,秀动网
爱.永恒一理查德.克莱德曼2027新 年钢琴音乐会贵阳站,,2026-12-11 19:30,,,贵阳,https://www.showstart.com/event/305353,,¥680起,演出/Livehouse,贵州省,贵阳,秀动网
"【7-Day Guizhou Odyssey】Authentic Miao Village& Mt Fanjing, Xiaoqikong",,2026-09-17 07:00:00,,20,"Guizhou, Guizhou",https://www.meetup.com/okdealtravelchina/events/316507455/,,1059,Meetup/expat,贵州省,贵阳,Meetup
"An evening with Red Dirt Skinners - Thunderbird Hall, Campbell River, BC(6:30pm)",,,,,,https://allevents.in/campbell-river/an-evening-with-red-dirt-skinners-thunderbird-hall-campbell-river-bc6-30pm-tickets/80003301284120,,,AllEvents,贵州省,贵阳,
Run4Rum & Friends vol. III,,,,,,https://allevents.in/asolo/run4rum-and-friends-vol-iii-tickets/80003229003126,,,AllEvents,贵州省,贵阳,
"An evening with Red Dirt Skinners - Vimy Hall, Duncan, BC(6:30pm)",,,,,,https://allevents.in/duncan/an-evening-with-red-dirt-skinners-vimy-hall-duncan-bc6-30pm-tickets/80002428164138,,,AllEvents,贵州省,贵阳,
Asia Jewels Show Bangalore October 2026,,October 20,,,,https://allevents.in/bangalore/asia-jewels-show-bangalore-october-2026-tickets/80001221756014,,,AllEvents,贵州省,贵阳,
Sips & Slays: Drag Show | Sociable Cider Werks,,,,,,https://allevents.in/minneapolis/sips-and-slays-drag-show-sociable-cider-werks-tickets/80002832647627,,,AllEvents,贵州省,贵阳,
Silent Reading Session: Baithak Bookmarked #15,,,,,,https://allevents.in/pune/silent-reading-session-baithak-bookmarked-15-tickets/80001382319080,,,AllEvents,贵州省,贵阳,
Dancehall Days- Fleetwood Mac Tribute,,,,,,https://allevents.in/independence/dancehall-days-fleetwood-mac-tribute-tickets/80001023488722,,,AllEvents,贵州省,贵阳,
Green India Kidzathon 2026,,,,,,https://allevents.in/chennai/green-india-kidzathon-2026-tickets/80002741005830,,,AllEvents,贵州省,贵阳,
Conservation / Conversation,,,,,,https://allevents.in/khandala/conservation-conversation-tickets/80009699781490,,,AllEvents,贵州省,贵阳,
The Founders Meet - September 2026 Edition,,September 20,,,,https://allevents.in/new-delhi/the-founders-meet-september-2026-edition-tickets/80002417518425,,,AllEvents,贵州省,贵阳,
WEBFAIR® ELITE CONNECT 3.0,,,,,,https://allevents.in/new-delhi/webfair-elite-connect-30-tickets/80003400922503,,,AllEvents,贵州省,贵阳,
Delhi Under Siege: September 1857,,September 18,,,,https://allevents.in/new-delhi/delhi-under-siege-september-1857-tickets/80002894090028,,,AllEvents,贵州省,贵阳,
Hitech Services & Solutions- Bhubaneswar,,,,,,https://allevents.in/bhubaneswar/hitech-services-and-solutions-bhubaneswar-tickets/80001606124450,,,AllEvents,贵州省,贵阳,
Whiskey Tasting Sunday - Sept 13th - Rye Glorious Rye! - 3~5PM,,Sept 13,,,,https://allevents.in/grapevine/whiskey-tasting-sunday-sept-13th-rye-glorious-rye-3~5pm-tickets/80002091097309,,,AllEvents,贵州省,贵阳,
"Weekend In House Pool Party, Belly Dance, DJ, Ramp Shows, Games, Buffet Dinner, Drinks @ Varanasi",,,,,,https://allevents.in/varanasi/weekend-in-house-pool-party-belly-dance-dj-ramp-shows-games-buffet-dinner-drinks-varanasi-tickets/80002388810817,,,AllEvents,贵州省,贵阳,
EcoBuilt 2026 – Expo & Workshop,,,,,,https://allevents.in/pune/ecobuilt-2026-expo-and-workshop-tickets/80001427966658,,,AllEvents,贵州省,贵阳,
Social Mixer & Live jamming,,,,,,https://allevents.in/ahmedabad/social-mixer-and-live-jamming-tickets/80002027085658,,,AllEvents,贵州省,贵阳,
Barber Battle Liverpool - Freestyle Registration,,,,,,https://allevents.in/liverpool/barber-battle-liverpool-freestyle-registration-tickets/80001885059263,,,AllEvents,贵州省,贵阳,
Barber Battle Liverpool - Fast Fade Registration,,,,,,https://allevents.in/liverpool/barber-battle-liverpool-fast-fade-registration-tickets/80002946027318,,,AllEvents,贵州省,贵阳,
Global Wildlife Fair Film Screening – Visthapana,,,,,,https://allevents.in/new-delhi/global-wildlife-fair-film-screening-visthapana-tickets/80009104056711,,,AllEvents,贵州省,贵阳,
"An evening with Red Dirt Skinners - Trinity Anglican, Port Alberni, BC(6:30pm)",,,,,,https://allevents.in/port-alberni/an-evening-with-red-dirt-skinners-trinity-anglican-port-alberni-bc6-30pm-tickets/80002941332344,,,AllEvents,贵州省,贵阳,
Toast and Tunes at Late Checkout | 13th Sept | 10:00 am,,,,,,https://allevents.in/mumbai/toast-and-tunes-at-late-checkout-13th-sept-10-00-am-tickets/80002929830980,,,AllEvents,贵州省,贵阳,
"An evening with Red Dirt Skinners - Correlieu Theatre, Quesnel, BC(6:30pm)",,,,,,https://allevents.in/quesnel/an-evening-with-red-dirt-skinners-correlieu-theatre-quesnel-bc6-30pm-tickets/80006831559092,,,AllEvents,贵州省,贵阳,
Maya Bazaar Bengaluru 2026,,,,,,https://allevents.in/bangalore/maya-bazaar-bengaluru-2026-tickets/80001212961827,,,AllEvents,贵州省,贵阳,
EBCA Maha Durga Puja 2026 | Whitefield Bangalore,,,,,,https://allevents.in/bangalore/ebca-maha-durga-puja-2026-whitefield-bangalore-tickets/80003135313046,,,AllEvents,贵州省,贵阳,
THE ROOM OF MEMORIES,,,,,,https://allevents.in/hyderabad/the-room-of-memories-tickets/80003422860861,,,AllEvents,贵州省,贵阳,
"An evening with Red Dirt Skinners - Red Brick Arts Centre, Edson, AB(6:30pm)",,,,,,https://allevents.in/edson/an-evening-with-red-dirt-skinners-red-brick-arts-centre-edson-ab6-30pm-tickets/80002112626513,,,AllEvents,贵州省,贵阳,
Eco-Friendly Ganesha Making Workshop - Parents of The Park,,,,,,https://allevents.in/ahmedabad/eco-friendly-ganesha-making-workshop-parents-of-the-park-tickets/80003397759440,,,AllEvents,贵州省,贵阳,
Flower Making from Pipe Cleaner Workshop,,,,,,https://allevents.in/ahmedabad/flower-making-from-pipe-cleaner-workshop-tickets/80003532190851,,,AllEvents,贵州省,贵阳,
Living Well America Seniors and Women’s Day Out,,,,,,https://allevents.in/henderson/living-well-america-seniors-and-womens-day-out-tickets/80001972650088,,,AllEvents,贵州省,贵阳,
KALAMANCH (TAC) OPENMIC EVENT,,,,,,https://allevents.in/pune/kalamanch-tac-openmic-event-tickets/80001431210876,,,AllEvents,贵州省,贵阳,
Anushka Bajpai Jain LIVE - Bengaluru,,,,,,https://allevents.in/bangalore/anushka-bajpai-jain-live-bengaluru-tickets/80003273632805,,,AllEvents,贵州省,贵阳,
Kids Blue carnival,,,,,,https://allevents.in/chennai/kids-blue-carnival-tickets/80001115779542,,,AllEvents,贵州省,贵阳,
2026 Boombox Burlesque Festival: The Grand Cypher (Night 2),,,,,,https://allevents.in/new-york/2026-boombox-burlesque-festival-the-grand-cypher-night-2-tickets/80007795837600,,,AllEvents,贵州省,贵阳,
Cars on the Square,,,,,,https://allevents.in/melissa/cars-on-the-square-tickets/80005196270552,,,AllEvents,贵州省,贵阳,
Montrose VFW Comedy Concert Fundraiser with Mike Bova!,,,,,,https://allevents.in/montrose/montrose-vfw-comedy-concert-fundraiser-with-mike-bova-tickets/80001750542139,,,AllEvents,贵州省,贵阳,
India International Cargo Show: IICS 2026,,,,,,https://allevents.in/mumbai/india-international-cargo-show-iics-2026-tickets/80003367083684,,,AllEvents,贵州省,贵阳,
"Saturday Let`s Party At: Happy Brew, Koramangala",,,,,,https://allevents.in/bangalore/saturday-let`s-party-at-happy-brew-koramangala-tickets/80002017046311,,,AllEvents,贵州省,贵阳,
ROCKSPUR CIC Presents their adaptation of The Lion King,,,,,,https://allevents.in/cannock/rockspur-cic-presents-their-adaptation-of-the-lion-king-tickets/80007914252307,,,AllEvents,贵州省,贵阳,
"Weekend In House Pool Party, Belly Dance, DJ, Ramp Show, Games, Buffet Dinner & Drinks @ Belgaum",,,,,,https://allevents.in/belgaum/weekend-in-house-pool-party-belly-dance-dj-ramp-show-games-buffet-dinner-and-drinks-belgaum-tickets/80001671228008,,,AllEvents,贵州省,贵阳,
Dudhsagar Trek from Hyderabad - MY HIKES,,,,,,https://allevents.in/hyderabad/dudhsagar-trek-from-hyderabad-my-hikes-tickets/80001557670792,,,AllEvents,贵州省,贵阳,
Suicide prevention Awareness program,,,,,,https://allevents.in/ahmedabad/suicide-prevention-awareness-program-tickets/80003298722367,,,AllEvents,贵州省,贵阳,
Bhakti Beats by Meraki x Chavala Nageshwar,,,,,,https://allevents.in/rajkot/bhakti-beats-by-meraki-x-chavala-nageshwar-tickets/80002715291711,,,AllEvents,贵州省,贵阳,
kaunactive's Green Forest Festival,,,,,,https://allevents.in/bhopal/kaunactives-green-forest-festival-tickets/80001191005342,,,AllEvents,贵州省,贵阳,
"An evening with Red Dirt Skinners - NATC Auditorium, Vernon, BC(6:30pm)",,,,,,https://allevents.in/vernon/an-evening-with-red-dirt-skinners-natc-auditorium-vernon-bc6-30pm-tickets/80001264268385,,,AllEvents,贵州省,贵阳,
"An evening with Red Dirt Skinners - Kootenay River Theatre, Creston, BC(6:30pm)",,,,,,https://allevents.in/creston/an-evening-with-red-dirt-skinners-kootenay-river-theatre-creston-bc6-30pm-tickets/80003474256183,,,AllEvents,贵州省,贵阳,
Auto De Luxe - Chandigarh'26,,,,,,https://allevents.in/chandigarh/auto-de-luxe-chandigarh26-tickets/80003371089148,,,AllEvents,贵州省,贵阳,
"An evening with Red Dirt Skinners - Mahon Hall, Salt Spring Island, BC(6:30pm)",,,,,,https://allevents.in/ganges/an-evening-with-red-dirt-skinners-mahon-hall-salt-spring-island-bc6-30pm-tickets/80008069490625,,,AllEvents,贵州省,贵阳,
Surat LitFest 2027,,,,,,https://allevents.in/surat/surat-litfest-2027-tickets/80001571731929,,,AllEvents,贵州省,贵阳,
Welcome to Thickland: The Ultimate Plus Size & Curvy Expo,,,,,,https://allevents.in/morrow/welcome-to-thickland-the-ultimate-plus-size-and-curvy-expo-tickets/80002487263542,,,AllEvents,贵州省,贵阳,
GUJARAT SUPER LEAGUE - SEASON 3,,,,,,https://allevents.in/ahmedabad/gujarat-super-league-season-3-tickets/80002393187341,,,AllEvents,贵州省,贵阳,
Mai'ne Ghazalein Kahin,,,,,,https://allevents.in/ahmedabad/maine-ghazalein-kahin-tickets/80003742141251,,,AllEvents,贵州省,贵阳,
DISCO FEVER NORWICH,,,,,,https://allevents.in/norwich/disco-fever-norwich-tickets/80001998645776,,,AllEvents,贵州省,贵阳,
"An evening with Red Dirt Skinners - Cariboo Memorial Complex, Williams Lake, BC(6:30pm)",,,,,,https://allevents.in/williams-lake/an-evening-with-red-dirt-skinners-cariboo-memorial-complex-williams-lake-bc6-30pm-tickets/80008584038543,,,AllEvents,贵州省,贵阳,
JALSA Navratri & Diwali Exhibition,,,,,,https://allevents.in/ahmedabad/jalsa-navratri-and-diwali-exhibition-tickets/80002086443558,,,AllEvents,贵州省,贵阳,
Navratri Pop-up at CPL Naranpura (September 27th).,,September 27,,,,https://allevents.in/ahmedabad/navratri-pop-up-at-cpl-naranpura-september-27th-tickets/80002023937170,,,AllEvents,贵州省,贵阳,
NAZARIYA- Influence ho rahe ho ya kar rahe hho?,,,,,,https://allevents.in/ahmedabad/nazariya-influence-ho-rahe-ho-ya-kar-rahe-hho-tickets/80002046592651,,,AllEvents,贵州省,贵阳,
GURUGRAM CHAMPION HALF MARATHON,,,,,,https://allevents.in/gurugram/gurugram-champion-half-marathon-tickets/80002388902707,,,AllEvents,贵州省,贵阳,
SWFL Women for Good – September Sip & Social,,,,,,https://allevents.in/fort-myers/swfl-women-for-good-september-sip-and-social-tickets/80003132718550,,,AllEvents,贵州省,贵阳,
Living Well Expo – 1950’s Retro Revival,,,,,,https://allevents.in/las-vegas/living-well-expo-1950s-retro-revival-tickets/80001696145570,,,AllEvents,贵州省,贵阳,
Improv Show in Falls Church,,,,,,https://allevents.in/falls-church/improv-show-in-falls-church-tickets/80006474379924,,,AllEvents,贵州省,贵阳,
Living Well Senior Expo – Second Annual Farmers Market Festival!,,,,,,https://allevents.in/las-vegas/living-well-senior-expo-second-annual-farmers-market-festival-tickets/80001348505683,,,AllEvents,贵州省,贵阳,
Scarborough STEM Week Celebration Dinner,,,,,,https://allevents.in/scarborough/scarborough-stem-week-celebration-dinner-tickets/80001485809716,,,AllEvents,贵州省,贵阳,
Open Mic Poetry Competition - Surat,,,,,,https://allevents.in/surat/open-mic-poetry-competition-surat-tickets/80002352476738,,,AllEvents,贵州省,贵阳,
Mariachi and Tacos at The House of Vanguard,,,,,,https://allevents.in/toronto/mariachi-and-tacos-at-the-house-of-vanguard-tickets/80002314278889,,,AllEvents,贵州省,贵阳,
Naamelaam Athan Mele - Karpanai Kudhirai's Latest Play,,,,,,https://allevents.in/chennai/naamelaam-athan-mele-karpanai-kudhirais-latest-play-tickets/80002532415931,,,AllEvents,贵州省,贵阳,
Autumn Equinox Sound Bath Meditation,,,,,,https://allevents.in/edinburgh/autumn-equinox-sound-bath-meditation-tickets/80003704939629,,,AllEvents,贵州省,贵阳,
Radha Krishna Mahotsav Dandiya Night,,,,,,https://allevents.in/kanpur/radha-krishna-mahotsav-dandiya-night-tickets/80001538708825,,,AllEvents,贵州省,贵阳,
Luminous Layers: Art of Silk Fusion Paper Workshop,,Augustine 15,,,,https://allevents.in/saint-augustine/luminous-layers-art-of-silk-fusion-paper-workshop-tickets/80006339724169,,,AllEvents,贵州省,贵阳,
LivingWell Senior Expo – Thanksgiving Celebration,,,,,,https://allevents.in/pahrump/livingwell-senior-expo-thanksgiving-celebration-tickets/80002297947961,,,AllEvents,贵州省,贵阳,
New Hampshire Kobudo Seminar 2026,,,,,,https://allevents.in/nashua/new-hampshire-kobudo-seminar-2026-tickets/80001919221552,,,AllEvents,贵州省,贵阳,
Comedy Night at Savor Vineyards,,,,,,https://allevents.in/arkport/comedy-night-at-savor-vineyards-tickets/4300030473288424,,,AllEvents,贵州省,贵阳,
STEEL CONSTRUCTION EXPO 2026,,,,,,https://allevents.in/mumbai/steel-construction-expo-2026-tickets/80001599057561,,,AllEvents,贵州省,贵阳,
"Weekend Pool Party, DJ, Belly Dance, Ramp Show, Games, Buffet Diner, Drinks @ Agra",,,,,,https://allevents.in/agra/weekend-pool-party-dj-belly-dance-ramp-show-games-buffet-diner-drinks-agra-tickets/80003200319211,,,AllEvents,贵州省,贵阳,
"Soul, Motown & Disco Party",,,,,,https://allevents.in/norwich/soul-motown-and-disco-party-tickets/80001463246060,,,AllEvents,贵州省,贵阳,
"Halloween ""Brew-unch"" Drag Brunch",,,,,,https://allevents.in/minnetonka/halloween-brew-unch-drag-brunch-tickets/80002269820536,,,AllEvents,贵州省,贵阳,
Rang Rag NAVRATRI Mahotsav 2026,,,,,,https://allevents.in/brampton/rang-rag-navratri-mahotsav-2026-tickets/80002664255002,,,AllEvents,贵州省,贵阳,
Pre season special $20 individual day pass. (Includes 1 orange pumpkin 15 Lbs & 1 scoop ice cream),,,,,,https://allevents.in/pleasant-grove/pre-season-special-$20-individual-day-pass-includes-1-orange-pumpkin-15-lbs-and-1-scoop-ice-cream-ti/80003599770324,,,AllEvents,贵州省,贵阳,
Grand Food Fest 2026,,,,,,https://allevents.in/hyderabad/grand-food-fest-2026-tickets/80002183818241,,,AllEvents,贵州省,贵阳,
"Weekend Pool Party, DJ, Belly Dance, Ramp Shows, Games, Buffet Dinner & Drinks @ Hyderabad",,,,,,https://allevents.in/secunderabad/weekend-pool-party-dj-belly-dance-ramp-shows-games-buffet-dinner-and-drinks-hyderabad-tickets/80003040683786,,,AllEvents,贵州省,贵阳,
JAWAI TRAIL RUN,,,,,,https://allevents.in/bali/jawai-trail-run-tickets/80003474395469,,,AllEvents,贵州省,贵阳,
Great Education Expo 2027 – Lucknow,,,,,,https://allevents.in/lucknow/great-education-expo-2027-lucknow-tickets/80002787712277,,,AllEvents,贵州省,贵阳,
Power Bi Workshop,,,,,,https://allevents.in/online/power-bi-workshop-tickets/80003131369209,,,AllEvents,贵州省,贵阳,
Kumartuli Photography Contest,,,,,,https://allevents.in/online/kumartuli-photography-contest-tickets/80001853526619,,,AllEvents,贵州省,贵阳,
Man Utd Vs Man City,,,,,,https://allevents.in/ahmedabad/man-utd-vs-man-city-tickets/80003061564807,,,AllEvents,贵州省,贵阳,
Books. Brews & Tattoos Session 1,,,,,,https://allevents.in/phoenixville/books-brews-and-tattoos-session-1-tickets/80001666479506,,,AllEvents,贵州省,贵阳,
"An evening with Red Dirt Skinners - Revue Theatre, Vancouver, BC(6:30pm)",,,,,,https://allevents.in/vancouver/an-evening-with-red-dirt-skinners-revue-theatre-vancouver-bc6-30pm-tickets/80001964528397,,,AllEvents,贵州省,贵阳,
Badi Aayi Patrakaar! | Book Talk | Arthshila Patna,,,,,,https://allevents.in/patna/badi-aayi-patrakaar-book-talk-arthshila-patna-tickets/80002196130062,,,AllEvents,贵州省,贵阳,
Doggy Hotel - Pawratri 2026,,,,,,https://allevents.in/ahmedabad/doggy-hotel-pawratri-2026-tickets/80004807687883,,,AllEvents,贵州省,贵阳,
"Atomy India One Day Seminar - Surat, Gujrat - 26.09.2026",,,,,,https://allevents.in/surat/atomy-india-one-day-seminar-surat-gujrat-26092026-tickets/80001461242410,,,AllEvents,贵州省,贵阳,
Interaction with Shri R. V. S. Mani ji at Surat,,,,,,https://allevents.in/surat/interaction-with-shri-r-v-s-mani-ji-at-surat-tickets/80002226099627,,,AllEvents,贵州省,贵阳,
UnderGround DJ Party,,,,,,https://allevents.in/ahmedabad/underground-dj-party-tickets/80002780095179,,,AllEvents,贵州省,贵阳,
Kukdukoo Fest Mumbai,,,,,,https://allevents.in/navi-mumbai/kukdukoo-fest-mumbai-tickets/80003327518399,,,AllEvents,贵州省,贵阳,
"Realty411's News, Trends and Strategies Summit '26",,,,,,https://allevents.in/costa-mesa/realty411s-news-trends-and-strategies-summit-26-tickets/80002216633521,,,AllEvents,贵州省,贵阳,
VADODARA'S PINK RUN 3.0,,,,,,https://allevents.in/vadodara/vadodaras-pink-run-30-tickets/80001631814962,,,AllEvents,贵州省,贵阳,
"An evening with Red Dirt Skinners - Osoyoos Community Theatre, Osoyoos, BC(6:30pm)",,,,,,https://allevents.in/osoyoos/an-evening-with-red-dirt-skinners-osoyoos-community-theatre-osoyoos-bc6-30pm-tickets/80002053624555,,,AllEvents,贵州省,贵阳,
ACRESERV By ISHRAE Surat chapter - 2026-27,,,,,,https://allevents.in/surat/acreserv-by-ishrae-surat-chapter-2026-27-tickets/80001667936759,,,AllEvents,贵州省,贵阳,
4 hrs. Seminar & Workshop on Dementia,,,,,,https://allevents.in/dumdum/4-hrs-seminar-and-workshop-on-dementia-tickets/80001043963666,,,AllEvents,贵州省,贵阳,
"Atomy Songnisan Success Tour, South Korea Sept 2026",,Sept 20,,,,https://allevents.in/chongju/atomy-songnisan-success-tour-south-korea-sept-2026-tickets/80007192325137,,,AllEvents,贵州省,贵阳,
India Retail investors Expo & Conference,,,,,,https://allevents.in/chennai/india-retail-investors-expo-and-conference-tickets/80002248641364,,,AllEvents,贵州省,贵阳,
✨B‑DAY PARTY | SEPTEMBER 25✨,,2026-09-25,2026-09-26,,"38-44 D'Aguilar Street, Hong Kong, HKI",https://www.eventbrite.com/e/bday-party-september-25-tickets-2000159612243,https://img.evbuc.com/https%3A%2F%2Fcdn.evbuc.com%2Fimages%2F1192960544%2F1728751519653%2F1%2Foriginal.20260908-122957?crop=focalpoint&fit=crop&w=512&auto=format%2Ccompress&q=75&sharp=10&fp-x=0.5&fp-y=0.5&s=ddd433998a713bd2cbc03c45d0aac50d,,Eventbrite,香港特别行政区,香港,Eventbrite
"Jungle, Breaks, D&B, Bass Music | Mantra & Dwarde   [UK]",,2026-09-25,2026-09-26,,"74-78 Stanley Street, Central, HKI",https://www.eventbrite.hk/e/jungle-breaks-db-bass-music-mantra-dwarde-uk-tickets-1999484397658,https://img.evbuc.com/https%3A%2F%2Fcdn.evbuc.com%2Fimages%2F1192455938%2F2009463465%2F1%2Foriginal.20260902-100348?crop=focalpoint&fit=crop&h=200&w=512&auto=format%2Ccompress&q=75&sharp=10&fp-x=0.5&fp-y=0.5&s=1b922907ff7b49b2348dd05ac44338b4,,Eventbrite,香港特别行政区,香港,Eventbrite
INSOMNIA,,2026-09-26,2026-09-27,,"33 Des Voeux Rd W, Hong Kong, HKI",https://www.eventbrite.com/e/insomnia-tickets-2000161003404,https://img.evbuc.com/https%3A%2F%2Fcdn.evbuc.com%2Fimages%2F1192961603%2F2076020212623%2F1%2Foriginal.20260908-124626?crop=focalpoint&fit=crop&h=200&w=512&auto=format%2Ccompress&q=75&sharp=10&fp-x=0.517&fp-y=0.605&s=8fd80e0d31aa7d80034cb8db5c0e771b,,Eventbrite,香港特别行政区,香港,Eventbrite
9月30號 大神 Kream @ Space Club 香港,,2026-09-30,2026-10-01,,"60號 雲咸街, Hong Kong, HKI",https://www.eventbrite.com/e/930-kream-space-club-tickets-2000034780869,https://img.evbuc.com/https%3A%2F%2Fcdn.evbuc.com%2Fimages%2F1192895622%2F1519979957413%2F1%2Foriginal.20260907-162307?crop=focalpoint&fit=crop&w=512&auto=format%2Ccompress&q=75&sharp=10&fp-x=0.5&fp-y=0.5&s=a7a7b9787fd0690d6c297aa6bf466d5f,,Eventbrite,香港特别行政区,香港,Eventbrite
International Students Night | TGIT!,,2026-09-17,2026-09-18,,"19 Lan Kwai Fong, Central, HKI",https://www.eventbrite.hk/e/international-students-night-tgit-tickets-1999139409790,https://img.evbuc.com/https%3A%2F%2Fcdn.evbuc.com%2Fimages%2F1192203574%2F960274443743%2F1%2Foriginal.20260830-015230?crop=focalpoint&fit=crop&w=400&auto=format%2Ccompress&q=75&sharp=10&fp-x=0.5&fp-y=0.5&s=1d9157781d90c060fa3f13cea2236cdd,,Eventbrite,香港特别行政区,香港,Eventbrite
International Schools Festival - Hong Kong Island 《香港國際學校展2026》 (Sep 19),,2026-09-19,2026-09-19,,"180 Wong Chuk Hang Road, Hong Kong, HKI",https://www.eventbrite.hk/e/international-schools-festival-hong-kong-island-2026-sep-19-tickets-1987367694272,https://img.evbuc.com/https%3A%2F%2Fcdn.evbuc.com%2Fimages%2F1182535631%2F240832631654%2F1%2Foriginal.20260420-032752?crop=focalpoint&fit=crop&h=200&w=512&auto=format%2Ccompress&q=75&sharp=10&fp-x=0.197&fp-y=0.508&s=5871fa65569f9a257af17c284bb6680d,,Eventbrite,香港特别行政区,香港,Eventbrite
Box Hill - Fairy Tales Open Day @ Fo Tan Campus,,2026-09-19,2026-09-19,,"1 Au Pui Wan Street, Fo Tan, NT",https://www.eventbrite.hk/e/box-hill-fairy-tales-open-day-fo-tan-campus-registration-1995061591927,https://img.evbuc.com/https%3A%2F%2Fcdn.evbuc.com%2Fimages%2F1189530317%2F467466842247%2F1%2Foriginal.20260724-065120?w=400&auto=format%2Ccompress&q=75&sharp=10&s=096558cf100017228ced1e0c2232c63b,,Eventbrite,香港特别行政区,香港,Eventbrite
童文敏《何以慰藉》| Tong Wenmin 'Towards Solace',,2026-09-19,2026-09-19,,"18 Museum Drive, Tsim Sha Tsui,, Kowloon",https://www.eventbrite.com/e/tong-wenmin-towards-solace-tickets-1999660327870,https://img.evbuc.com/https%3A%2F%2Fcdn.evbuc.com%2Fimages%2F1192550130%2F80718526975%2F1%2Foriginal.20260903-071005?crop=focalpoint&fit=crop&w=512&auto=format%2Ccompress&q=75&sharp=10&fp-x=0.076&fp-y=0.119&s=b07deb6c656fccf957793d19d8c81cd8,,Eventbrite,香港特别行政区,香港,Eventbrite
Wu Hung x Yu Long 巫鴻 x 余隆：共振的邊界,,2026-09-22,2026-09-22,,"Hong Kong University of Science and Technology, Clear Water Bay, NT",https://www.eventbrite.com/e/wu-hung-x-yu-long-x-tickets-1999662389035,https://img.evbuc.com/https%3A%2F%2Fcdn.evbuc.com%2Fimages%2F1193030560%2F1496138285833%2F1%2Foriginal.20260909-053309?crop=focalpoint&fit=crop&w=355&auto=format%2Ccompress&q=75&sharp=10&fp-x=0.492&fp-y=0.018&s=dcda5aff6d0cd091672d301ceba5ccda,,Eventbrite,香港特别行政区,香港,Eventbrite
Moonlit Delights @ SA 歡聚逸堂慶中秋 2026 (Sep  24 ),,2026-09-24,2026-09-24,,"HKUST, Hong Kong, NT",https://www.eventbrite.hk/e/moonlit-delights-sa-2026-sep-24-tickets-1999370484942,https://img.evbuc.com/https%3A%2F%2Fcdn.evbuc.com%2Fimages%2F1193032688%2F2448836368711%2F1%2Foriginal.20260909-063954?crop=focalpoint&fit=crop&h=200&w=512&auto=format%2Ccompress&q=75&sharp=10&fp-x=0.5&fp-y=0.5&s=8bae76e6c05e8a8633089117414408a1,,Eventbrite,香港特别行政区,香港,Eventbrite
YHKCC - 2027/28 Form 1 Admission Briefing,,2026-10-03,2026-10-03,,"2 Chung Yat Street, Tung Chung, NT",https://www.eventbrite.hk/e/yhkcc-202728-form-1-admission-briefing-tickets-1992613169630,https://img.evbuc.com/https%3A%2F%2Fcdn.evbuc.com%2Fimages%2F1189361456%2F2281624387273%2F1%2Foriginal.20260722-014150?crop=focalpoint&fit=crop&h=200&w=512&auto=format%2Ccompress&q=75&sharp=10&fp-x=0.5&fp-y=0.5&s=17688e93450292ac2638d55f54f66675,,Eventbrite,香港特别行政区,香港,Eventbrite
GLOBAL YOUTH POWERHOUSE SUMMIT 2026,,2026-10-05,2026-10-05,,"Pacific Place, Admiralty, HKI",https://www.eventbrite.com/e/global-youth-powerhouse-summit-2026-tickets-1998469845104,https://img.evbuc.com/https%3A%2F%2Fcdn.evbuc.com%2Fimages%2F1193151687%2F3011674016915%2F1%2Foriginal.20260910-114144?crop=focalpoint&fit=crop&w=400&auto=format%2Ccompress&q=75&sharp=10&fp-x=0.5&fp-y=0.5&s=da0ed6a97051ab96f6cb3a009c8e95bd,,Eventbrite,香港特别行政区,香港,Eventbrite
Mind HK: Standard Mental Health First Aid (MHFA) Course (Sept 19&20)+MH101,,2026-09-19,2026-09-20,,"Mind HK, 18B, One Capital Place, Wan Chai",https://www.eventbrite.hk/e/mind-hk-standard-mental-health-first-aid-mhfa-course-sept-1920mh101-tickets-1989883852168,https://img.evbuc.com/https%3A%2F%2Fcdn.evbuc.com%2Fimages%2F960626293%2F243907309789%2F1%2Foriginal.20250214-060448?w=512&auto=format%2Ccompress&q=75&sharp=10&rect=0%2C0%2C2160%2C1080&s=1539cefe27019816085f302edbcc3d28,,Eventbrite,香港特别行政区,香港,Eventbrite
No Curfew Club: Y2K VOL 3,,2026-09-19,2026-09-19,,"52-56 Staunton Street, Hong Kong, HKI",https://www.eventbrite.hk/e/no-curfew-club-y2k-vol-3-tickets-1996432666849,https://img.evbuc.com/https%3A%2F%2Fcdn.evbuc.com%2Fimages%2F1190175620%2F1753540979633%2F1%2Foriginal.20260803-074902?crop=focalpoint&fit=crop&h=200&w=512&auto=format%2Ccompress&q=75&sharp=10&fp-x=0.5&fp-y=0.5&s=4e5e9cb3d2004a74c71c000e8955ad4b,,Eventbrite,香港特别行政区,香港,Eventbrite
Drive & Pilates: A Porsche Experience,,2026-09-19,2026-09-19,,"22 Cotton Tree Drive, Central, HKI",https://www.eventbrite.hk/e/drive-pilates-a-porsche-experience-tickets-1999083007088,https://img.evbuc.com/https%3A%2F%2Fcdn.evbuc.com%2Fimages%2F1192104618%2F2705616343781%2F1%2Foriginal.20260828-090719?crop=focalpoint&fit=crop&h=200&w=512&auto=format%2Ccompress&q=75&sharp=10&fp-x=0.444&fp-y=0.94&s=4f62e25315eac280b34886c425a56041,,Eventbrite,香港特别行政区,香港,Eventbrite
Group Fitness Class,,2026-09-20,2026-09-20,,"28 Queen's Road Central, Hong Kong, HKI",https://www.eventbrite.hk/e/group-fitness-class-tickets-1999234426989,https://img.evbuc.com/https%3A%2F%2Fcdn.evbuc.com%2Fimages%2F1192247167%2F642808741513%2F1%2Foriginal.20260831-012111?crop=focalpoint&fit=crop&w=512&auto=format%2Ccompress&q=75&sharp=10&fp-x=0.5&fp-y=0.5&s=2d5d850ecea5d2ff25fca649d74b3a8a,,Eventbrite,香港特别行政区,香港,Eventbrite
The Music of Michael Jackson: A Music Trivia Night @ The Mansion,,2026-09-21,2026-09-21,,"75-77 Wyndham Street, Central, HKI",https://www.eventbrite.com/e/the-music-of-michael-jackson-a-music-trivia-night-the-mansion-tickets-2000228524361,https://img.evbuc.com/https%3A%2F%2Fcdn.evbuc.com%2Fimages%2F1193017527%2F2789190717721%2F1%2Foriginal.20260909-012422?crop=focalpoint&fit=crop&w=512&auto=format%2Ccompress&q=75&sharp=10&fp-x=0.471&fp-y=0.182&s=8ad39980b711739e54346376e40f8fb0,,Eventbrite,香港特别行政区,香港,Eventbrite
PizzaExpress Live Sessions - Lillian Chan,,2026-09-24,2026-09-24,,"97 How Ming Street, Kwun Tong, KOW",https://www.eventbrite.hk/e/pizzaexpress-live-sessions-lillian-chan-tickets-1999027841085,https://img.evbuc.com/https%3A%2F%2Fcdn.evbuc.com%2Fimages%2F1192036124%2F573790020877%2F1%2Foriginal.20260827-141342?crop=focalpoint&fit=crop&w=355&auto=format%2Ccompress&q=75&sharp=10&fp-x=0.5&fp-y=0.5&s=bb4cf199c998bd4e82da64ae11e94e99,,Eventbrite,香港特别行政区,香港,Eventbrite
A LA CARTE FACTORY PRESENTS: THE BRAINROT CINEMA,,2026-09-26,2026-09-27,,"12 Heung Yip Road, Hong Kong, HKI",https://www.eventbrite.hk/e/a-la-carte-factory-presents-the-brainrot-cinema-tickets-1998065992169,https://img.evbuc.com/https%3A%2F%2Fcdn.evbuc.com%2Fimages%2F1192291579%2F3010411016368%2F1%2Foriginal.20260831-171242?crop=focalpoint&fit=crop&w=512&auto=format%2Ccompress&q=75&sharp=10&fp-x=0.514&fp-y=0.038&s=a17e04965cd2716c913b67938d95b6fc,,Eventbrite,香港特别行政区,香港,Eventbrite
【DX設計館】設計 x 中樂︰弦鳴追月,,2026-09-26,2026-09-26,,"DX design hub, Sham Shui Po, KOW",https://www.eventbrite.hk/e/dx-x-tickets-1999488231124,https://img.evbuc.com/https%3A%2F%2Fcdn.evbuc.com%2Fimages%2F1192660635%2F1906117772893%2F1%2Foriginal.20260904-081213?crop=focalpoint&fit=crop&w=512&auto=format%2Ccompress&q=75&sharp=10&fp-x=0.042&fp-y=0.509&s=5769f5477910c9176f1bfdfd3a67fc26,,Eventbrite,香港特别行政区,香港,Eventbrite
FINI'S X PURPLE RAIN HARVEST DINNER,,2026-09-16,2026-09-16,,"49 伊利近街, Hong Kong, HKI",https://www.eventbrite.hk/e/finis-x-purple-rain-harvest-dinner-tickets-1998658506395,https://img.evbuc.com/https%3A%2F%2Fcdn.evbuc.com%2Fimages%2F1191683039%2F616682559523%2F1%2Foriginal.20260823-030611?h=200&w=512&auto=format%2Ccompress&q=75&sharp=10&s=3528e74863bec9c18d49f83f462abf15,,Eventbrite,香港特别行政区,香港,Eventbrite
Late Summer Drinks with HKICC - Connect. Celebrate. Co-create.,,2026-09-17,2026-09-17,,"4/F, Tung Hip Commercial Building, Sheung Wan, HKI",https://www.eventbrite.hk/e/late-summer-drinks-with-hkicc-connect-celebrate-co-create-tickets-1999006313696,https://img.evbuc.com/https%3A%2F%2Fcdn.evbuc.com%2Fimages%2F1192005827%2F295708500510%2F1%2Foriginal.20260827-034912?crop=focalpoint&fit=crop&w=512&auto=format%2Ccompress&q=75&sharp=10&fp-x=0.5&fp-y=0.5&s=4b0cccc246359083bec297aa3a3ddf32,,Eventbrite,香港特别行政区,香港,Eventbrite
The Emperor Hotel - J de Villebois Wine Tasting & Semi Buffet Dinner,,2026-09-17,2026-09-17,,"373 皇后大道東, Wan Chai, HKI",https://www.eventbrite.hk/e/the-emperor-hotel-j-de-villebois-wine-tasting-semi-buffet-dinner-tickets-1998346542302,https://img.evbuc.com/https%3A%2F%2Fcdn.evbuc.com%2Fimages%2F1191314239%2F313431629013%2F1%2Foriginal.20260818-080603?crop=focalpoint&fit=crop&w=512&auto=format%2Ccompress&q=75&sharp=10&fp-x=0.5&fp-y=0.5&s=0776838e4cf5f84ca93afd455add7994,,Eventbrite,香港特别行政区,香港,Eventbrite
"「月滿乾杯」啤酒派對 ""Moonlight Brews"" Beer Party",,2026-09-19,2026-09-19,,"380 Nathan Road, Jordan, KOW",https://www.eventbrite.hk/e/moonlight-brews-beer-party-tickets-1997094320874,https://img.evbuc.com/https%3A%2F%2Fcdn.evbuc.com%2Fimages%2F1191729097%2F1614785583613%2F1%2Foriginal.20260824-033253?crop=focalpoint&fit=crop&w=400&auto=format%2Ccompress&q=75&sharp=10&fp-x=0.5&fp-y=0.5&s=570c2c66d7473e55e4f4c48f859ed7a3,,Eventbrite,香港特别行政区,香港,Eventbrite
Curated Mezcal Tasting Level 1,,2026-09-21,2026-09-21,,"6-10 Shin Hing St, Central, HKI",https://www.eventbrite.com/e/curated-mezcal-tasting-level-1-tickets-1999310238744,https://img.evbuc.com/https%3A%2F%2Fcdn.evbuc.com%2Fimages%2F1192318157%2F1842468627%2F1%2Foriginal.20201203-155416?w=512&auto=format%2Ccompress&q=75&sharp=10&rect=1%2C457%2C1124%2C562&s=877c21f227d479ec0924aca23f1244de,,Eventbrite,香港特别行政区,香港,Eventbrite
National Coffee Day: Biscoff Affogato Hour,,2026-09-29,2026-09-29,,"New Street, Sai Ying Pun, HKI",https://www.eventbrite.hk/e/national-coffee-day-biscoff-affogato-hour-tickets-1999446976731,https://img.evbuc.com/https%3A%2F%2Fcdn.evbuc.com%2Fimages%2F1192436462%2F233310055666%2F1%2Foriginal.20260902-021833?crop=focalpoint&fit=crop&w=512&auto=format%2Ccompress&q=75&sharp=10&fp-x=0.495&fp-y=0.348&s=8f71d250cf582be96a308cb4128cc14e,,Eventbrite,香港特别行政区,香港,Eventbrite
Vino Condiviso 2026: Connessione 意酒連眾,,2026-10-31,2026-10-31,,"1 Harbour Road, Wanchai, HKI",https://www.eventbrite.hk/e/vino-condiviso-2026-connessione-tickets-1994643547545,https://img.evbuc.com/https%3A%2F%2Fcdn.evbuc.com%2Fimages%2F1189281764%2F458226240678%2F1%2Foriginal.20260721-065305?crop=focalpoint&fit=crop&w=355&auto=format%2Ccompress&q=75&sharp=10&fp-x=0.5&fp-y=0.5&s=f65f1db4701996cbe3d2ec3873bbb69e,,Eventbrite,香港特别行政区,香港,Eventbrite
OZHK x CAANZ Melbourne Cup Lunch,,2026-11-03,2026-11-03,,"298 Hennessy Road, Hong Kong, HKI",https://www.eventbrite.hk/e/ozhk-x-caanz-melbourne-cup-lunch-tickets-1999977627923,https://img.evbuc.com/https%3A%2F%2Fcdn.evbuc.com%2Fimages%2F1190348230%2F102246193115%2F1%2Foriginal.20260805-051122?crop=focalpoint&fit=crop&w=512&auto=format%2Ccompress&q=75&sharp=10&fp-x=0.5&fp-y=0.5&s=f371c1bfed0c86a125a0c44e564f92c7,,Eventbrite,香港特别行政区,香港,Eventbrite
感情心事台,,2026-09-17,2026-09-17,,"99 Hennessy Road, Hong Kong, HKI",https://www.eventbrite.hk/e/1991455425787,https://img.evbuc.com/https%3A%2F%2Fcdn.evbuc.com%2Fimages%2F1189773184%2F2988960657618%2F1%2Foriginal.20260728-100127?crop=focalpoint&fit=crop&w=512&auto=format%2Ccompress&q=75&sharp=10&fp-x=0.5&fp-y=0.5&s=00c9fbbd7e365d166ffc813b162ef0be,,Eventbrite,香港特别行政区,香港,Eventbrite
"Brunch, Babes & Blooms",,2026-09-19,2026-09-19,,"5 Wa Lane, Hong Kong, HKI",https://www.eventbrite.hk/e/brunch-babes-blooms-tickets-1999257010537,https://img.evbuc.com/https%3A%2F%2Fcdn.evbuc.com%2Fimages%2F1192267166%2F3008115596120%2F1%2Foriginal.20260831-103654?crop=focalpoint&fit=crop&w=400&auto=format%2Ccompress&q=75&sharp=10&fp-x=0.5&fp-y=0.5&s=0c4e75133e38add343e4e707ac3d25e1,,Eventbrite,香港特别行政区,香港,Eventbrite
Puppy Pilates & Gelato at the Peak,,2026-09-27,2026-09-27,,"118號 Peak Road, Hong Kong, HKI",https://www.eventbrite.hk/e/puppy-pilates-gelato-at-the-peak-tickets-1999082388237,https://img.evbuc.com/https%3A%2F%2Fcdn.evbuc.com%2Fimages%2F1192103783%2F2705616343781%2F1%2Foriginal.20260828-085241?crop=focalpoint&fit=crop&w=512&auto=format%2Ccompress&q=75&sharp=10&fp-x=0.502&fp-y=0.697&s=7fc193db81e0aed30becf525757a4bbb,,Eventbrite,香港特别行政区,香港,Eventbrite
"Monthly Reset: Regulate Stress, Restore Balance",,2026-09-27,2026-09-27,,"104 Jervois Street, Hong Kong, HKI",https://www.eventbrite.hk/e/monthly-reset-regulate-stress-restore-balance-tickets-1999460641603,https://img.evbuc.com/https%3A%2F%2Fcdn.evbuc.com%2Fimages%2F1192441730%2F116644055561%2F1%2Foriginal.20260902-035134?crop=focalpoint&fit=crop&w=512&auto=format%2Ccompress&q=75&sharp=10&fp-x=0.866&fp-y=0.384&s=091fbb481f6c0cd382aeb51d61b64b83,,Eventbrite,香港特别行政区,香港,Eventbrite
"Wednesday Unwind: Candles, Incense, and a Soothing Sound Bath",,2026-09-30,2026-09-30,,"11 Cheung Shun Street, Kowloon, KOW",https://www.eventbrite.hk/e/wednesday-unwind-candles-incense-and-a-soothing-sound-bath-tickets-1999155098716,https://img.evbuc.com/https%3A%2F%2Fcdn.evbuc.com%2Fimages%2F1192173498%2F2990985016627%2F1%2Foriginal.20260829-101159?w=400&auto=format%2Ccompress&q=75&sharp=10&s=91a1f501ab01de5c8b9e838ab14aa70c,,Eventbrite,香港特别行政区,香港,Eventbrite
300-hours Yoga Therapy and Ayurveda Teacher Training Certificate Course,,2026-10-05,2026-10-05,,"Lyndhurst Terrace, Hong Kong, HKI",https://www.eventbrite.hk/e/300-hours-yoga-therapy-and-ayurveda-teacher-training-certificate-course-tickets-1218742765419,https://img.evbuc.com/https%3A%2F%2Fcdn.evbuc.com%2Fimages%2F942696053%2F555588375037%2F1%2Foriginal.20250123-081950?h=200&w=512&auto=format%2Ccompress&q=75&sharp=10&rect=0%2C14%2C1920%2C960&s=f627a2f52223f30227a77ccd7be32db2,,Eventbrite,香港特别行政区,香港,Eventbrite
Mind HK: 精神健康急救證書課程（標準版）- 10 月 17 & 18 日 + 免費精神健康基礎培訓線上課程,,2026-10-17,2026-10-18,,"Mind HK, 18B, One Capital Place, Wan Chai",https://www.eventbrite.hk/e/mind-hk-10-17-18-tickets-1991347082730,https://img.evbuc.com/https%3A%2F%2Fcdn.evbuc.com%2Fimages%2F965070913%2F243907309789%2F1%2Foriginal.20250220-062105?w=512&auto=format%2Ccompress&q=75&sharp=10&rect=0%2C0%2C2160%2C1080&s=a29723593cbbda1a3125403444d6b1ee,,Eventbrite,香港特别行政区,香港,Eventbrite
Noigroup - Explain Pain,,2026-11-14,2026-11-15,,"36 Nam Long Shan Road, Hong Kong Island, HKI",https://www.eventbrite.hk/e/noigroup-explain-pain-tickets-1993324660719,https://img.evbuc.com/https%3A%2F%2Fcdn.evbuc.com%2Fimages%2F1193545050%2F287070215851%2F1%2Foriginal.20260915-114721?crop=focalpoint&fit=crop&w=512&auto=format%2Ccompress&q=75&sharp=10&fp-x=0.5&fp-y=0.5&s=1a1e4c7e207634992ce0ba6ebdfd7a42,,Eventbrite,香港特别行政区,香港,Eventbrite
Lunchtime LinkedIn Masterclass: Why Your Headshot Matters,,2026-09-16,2026-09-16,,"18 Tang Lung Street, Hong Kong, HKI",https://www.eventbrite.hk/e/lunchtime-linkedin-masterclass-why-your-headshot-matters-tickets-1993579365548,https://img.evbuc.com/https%3A%2F%2Fcdn.evbuc.com%2Fimages%2F1191578633%2F233310055666%2F1%2Foriginal.20260821-083420?crop=focalpoint&fit=crop&h=200&w=512&auto=format%2Ccompress&q=75&sharp=10&fp-x=0.5&fp-y=0.5&s=d522ba5b94cb2a57aeeabba629284282,,Eventbrite,香港特别行政区,香港,Eventbrite
"Traders Forum, Hong Kong",,2026-09-22,2026-09-22,,"15 Queen's Road Central, Hong Kong, HKI",https://www.eventbrite.co.uk/e/traders-forum-hong-kong-tickets-1994147497847,https://img.evbuc.com/https%3A%2F%2Fcdn.evbuc.com%2Fimages%2F1191572227%2F2990850690883%2F1%2Foriginal.20260821-053243?crop=focalpoint&fit=crop&w=512&auto=format%2Ccompress&q=75&sharp=10&fp-x=0.5&fp-y=0.5&s=4b7a7b81eb1228bcb771462a8b873afb,,Eventbrite,香港特别行政区,香港,Eventbrite
AI Workshop: Get your Business Ready for AI Search,,2026-09-22,2026-09-22,,"9 Shelley Street, Central, Hong Kong, HKI",https://www.eventbrite.hk/e/ai-workshop-get-your-business-ready-for-ai-search-tickets-1999448814227,https://img.evbuc.com/https%3A%2F%2Fcdn.evbuc.com%2Fimages%2F1192436071%2F53111004684%2F1%2Foriginal.20260902-021056?crop=focalpoint&fit=crop&w=512&auto=format%2Ccompress&q=75&sharp=10&fp-x=0.503&fp-y=0.047&s=d41581071977c455959c2a99051fad31,,Eventbrite,香港特别行政区,香港,Eventbrite
Navigating NEC contracts from Hong Kong GCC,,2026-09-29,2026-09-29,,"Room 1033, 10/F, Middle Block, Star House, Kowloon, KOW",https://www.eventbrite.hk/e/navigating-nec-contracts-from-hong-kong-gcc-tickets-1999738307108,https://img.evbuc.com/https%3A%2F%2Fcdn.evbuc.com%2Fimages%2F1192646833%2F2986765819551%2F1%2Foriginal.20260904-020445?crop=focalpoint&fit=crop&w=512&auto=format%2Ccompress&q=75&sharp=10&fp-x=0.5&fp-y=0.5&s=09efafb81f7cf039e5d63a3de40c0523,,Eventbrite,香港特别行政区,香港,Eventbrite
AMBSAA 22nd Anniversary Dinner - Manchesterism: Legacy meets Vision,,2026-10-17,2026-10-17,,"Niccolo Room, Central, HKI",https://www.eventbrite.hk/e/ambsaa-22nd-anniversary-dinner-manchesterism-legacy-meets-vision-tickets-1997803022620,https://img.evbuc.com/https%3A%2F%2Fcdn.evbuc.com%2Fimages%2F1190947111%2F454552968512%2F1%2Foriginal.20260813-020706?crop=focalpoint&fit=crop&h=200&w=512&auto=format%2Ccompress&q=75&sharp=10&fp-x=0.5&fp-y=0.5&s=c9af91080d572c811da6f0fc23b2e54e,,Eventbrite,香港特别行政区,香港,Eventbrite
Green Tech Summit 2026,,2026-10-21,2026-10-22,,"3 Ocean Drive, Hong Kong, HKI",https://www.eventbrite.com/e/green-tech-summit-2026-tickets-1989289390116,https://img.evbuc.com/https%3A%2F%2Fcdn.evbuc.com%2Fimages%2F1187179477%2F3001758073817%2F1%2Foriginal.20260618-084811?w=400&auto=format%2Ccompress&q=75&sharp=10&s=b91230f07a616d7c3f5364b6e8e31b76,,Eventbrite,香港特别行政区,香港,Eventbrite
Cabaret d'impro: contrôle surprise !,,2026-09-19,2026-09-19,,"57-59 Wyndham Street, Hong Kong, HKI",https://www.eventbrite.hk/e/cabaret-dimpro-controle-surprise-tickets-1998735580927,https://img.evbuc.com/https%3A%2F%2Fcdn.evbuc.com%2Fimages%2F1191740615%2F2540031960331%2F1%2Foriginal.20260824-091439?crop=focalpoint&fit=crop&w=512&auto=format%2Ccompress&q=75&sharp=10&fp-x=0.5&fp-y=0.5&s=0aa8d4e0b42b19aba268037489592c4b,,Eventbrite,香港特别行政区,香港,Eventbrite
Sip and Paint,,2026-09-19,2026-09-19,,"7/F, Room 702, Hong Kong Arts Centre, 2 Harbour Road, Wanchai, Hong Kong, HKI",https://www.eventbrite.hk/e/sip-and-paint-tickets-1997803334553,https://img.evbuc.com/https%3A%2F%2Fcdn.evbuc.com%2Fimages%2F1192654545%2F245803767714%2F1%2Foriginal.20260904-050516?crop=focalpoint&fit=crop&w=400&auto=format%2Ccompress&q=75&sharp=10&fp-x=0.525&fp-y=0.316&s=97c11af1e62f83a47a095f971cf2efc7,,Eventbrite,香港特别行政区,香港,Eventbrite
香港 Hong Kong Comedy Season Presents: Hong Kong Happy Fun Time Show,,2026-09-22,2026-09-22,,"2 Harbour Road, Hong Kong, HKI",https://www.eventbrite.hk/e/hong-kong-comedy-season-presents-hong-kong-happy-fun-time-show-tickets-1993326234426,https://img.evbuc.com/https%3A%2F%2Fcdn.evbuc.com%2Fimages%2F1188431993%2F1583805460223%2F1%2Foriginal.20260708-052804?crop=focalpoint&fit=crop&h=200&w=512&auto=format%2Ccompress&q=75&sharp=10&fp-x=0.5&fp-y=0.5&s=f1ffdc779f72a4ac8aca4d68bf792d1e,,Eventbrite,香港特别行政区,香港,Eventbrite
ACT UP FEST,,2026-09-26,2026-09-26,,"12P Smithfield, hong kong, HKI",https://www.eventbrite.com/e/act-up-fest-tickets-1998365069718,https://img.evbuc.com/https%3A%2F%2Fcdn.evbuc.com%2Fimages%2F1191336831%2F3011143435664%2F1%2Foriginal.20260818-143029?crop=focalpoint&fit=crop&h=200&w=512&auto=format%2Ccompress&q=75&sharp=10&fp-x=0.5&fp-y=0.5&s=8cb21c1bb576f760fbbeda9293d083e6,,Eventbrite,香港特别行政区,香港,Eventbrite
RIMSHOT - A stand-up comedy show,,2026-10-08,2026-10-08,,"Basement, Central, HKI",https://www.eventbrite.hk/e/rimshot-a-stand-up-comedy-show-tickets-1999511290094,https://img.evbuc.com/https%3A%2F%2Fcdn.evbuc.com%2Fimages%2F1192474076%2F1665262707293%2F1%2Foriginal.20260902-142235?crop=focalpoint&fit=crop&h=200&w=512&auto=format%2Ccompress&q=75&sharp=10&fp-x=0.89&fp-y=0.439&s=4b5c3f4ac129859991839fdc41825b12,,Eventbrite,香港特别行政区,香港,Eventbrite
This week at TakeOut Comedy - Joshua Ng,,2026-10-10,2026-10-10,,"34 Elgin Street, Central, HKI",https://www.eventbrite.hk/e/this-week-at-takeout-comedy-joshua-ng-tickets-1995059348216,https://img.evbuc.com/https%3A%2F%2Fcdn.evbuc.com%2Fimages%2F1189604960%2F906183479023%2F1%2Foriginal.20260725-142628?crop=focalpoint&fit=crop&h=200&w=512&auto=format%2Ccompress&q=75&sharp=10&fp-x=0.5&fp-y=0.5&s=3b6b6e83017877a94eda0c442481256d,,Eventbrite,香港特别行政区,香港,Eventbrite
Intermediate Improv Course (201) w/ TBC Improv HK - Fall '26,,2026-10-24,2026-10-24,,"2 Lower Albert Road, Central, HKI",https://www.eventbrite.hk/e/intermediate-improv-course-201-w-tbc-improv-hk-fall-26-tickets-1982500890531,https://img.evbuc.com/https%3A%2F%2Fcdn.evbuc.com%2Fimages%2F1176867498%2F196985169006%2F1%2Foriginal.20260206-123631?w=512&auto=format%2Ccompress&q=75&sharp=10&rect=0%2C0%2C2160%2C1080&s=88d775827eea65a2aa557f7fa4eeb717,,Eventbrite,香港特别行政区,香港,Eventbrite
Sammy Obeid: High Key in Hong Kong!,,2026-10-27,2026-10-27,,"33 Des Voeux Road West, Sheung Wan district, HKI",https://www.eventbrite.com/e/sammy-obeid-high-key-in-hong-kong-tickets-1994155999275,https://img.evbuc.com/https%3A%2F%2Fcdn.evbuc.com%2Fimages%2F1189001192%2F832855591903%2F1%2Foriginal.20260716-140807?crop=focalpoint&fit=crop&w=512&auto=format%2Ccompress&q=75&sharp=10&fp-x=0.505&fp-y=0.089&s=ebd9e32c4091d3250c558bb7e8c118a6,,Eventbrite,香港特别行政区,香港,Eventbrite
"Editor's pick Editor's pick THE BITCHES ARE BACK! with Bitches in Stitches Fri, 18 Sep • 07:00 PM Find Tickets Featured",,Sep 16,,,,https://allevents.in/hong-kong/the-bitches-are-back-with-bitches-in-stitches/80002459073463,,,AllEvents,香港特别行政区,香港,
Candlelight: Best of Cantonese Pop,,,,,,https://allevents.in/hong-kong/candlelight-best-of-cantonese-pop/2700030367321833,,,AllEvents,香港特别行政区,香港,
香港 Hong Kong Comedy Season Presents: Roast Battle League Hong Kong #5,,,,,,https://allevents.in/hong-kong/香港-hong-kong-comedy-season-presents-roast-battle-league-hong-kong-5/100001998407204745,,,AllEvents,香港特别行政区,香港,
Candlelight: Queen vs. ABBA,,,,,,https://allevents.in/hong-kong/candlelight-queen-vs-abba/2700030299711858,,,AllEvents,香港特别行政区,香港,
Global Sources Mobile Electronics – October 2026,,October 20,,,,https://allevents.in/hong-kong/global-sources-mobile-electronics-october-2026/80003469116874,,,AllEvents,香港特别行政区,香港,
童文敏《何以慰藉》| Tong Wenmin 'Towards Solace',,,,,,https://allevents.in/hong-kong/童文敏《何以慰藉》-tong-wenmin-towards-solace/100001999660327870,,,AllEvents,香港特别行政区,香港,
Curator Walkthrough & Book Launch: Luca Massimo Barbero on Lucio Fontana,,,,,,https://allevents.in/hong-kong/curator-walkthrough-and-book-launch-luca-massimo-barbero-on-lucio-fontana/100001999665722004,,,AllEvents,香港特别行政区,香港,
"The 3rd Symposium on World Economics, Finance and Business",,,,,,https://allevents.in/hong-kong/the-3rd-symposium-on-world-economics-finance-and-business/100001989808533889,,,AllEvents,香港特别行政区,香港,
✨B‑DAY PARTY | SEPTEMBER 25✨,,,,,,https://allevents.in/hong-kong/b‑day-party-september-25/100002000159612243,,,AllEvents,香港特别行政区,香港,
Pub Choir - Hong Kong - PORTAL (Just Think About It World Tour,,,,,,https://allevents.in/hong-kong/pub-choir-hong-kong-portal-just-think-about-it-world-tour/200030393024252,,,AllEvents,香港特别行政区,香港,
Live Music: Punk Meets Classic Rock,,,,,,https://allevents.in/hong-kong/live-music-punk-meets-classic-rock/100001999159099683,,,AllEvents,香港特别行政区,香港,
Clockenflap Music & Arts Festival 音樂及藝術節,,,,,,https://allevents.in/hong-kong/clockenflap-music-and-arts-festival-音樂及藝術節/200030380504328,,,AllEvents,香港特别行政区,香港,
FINI'S Boozy Bingo Night Returns in Wanchai!,,,,,,https://allevents.in/hong-kong/finis-boozy-bingo-night-returns-in-wanchai/100001999328251621,,,AllEvents,香港特别行政区,香港,
Back to Business Happy Hour,,,,,,https://allevents.in/hong-kong/back-to-business-happy-hour/100001995051966136,,,AllEvents,香港特别行政区,香港,
Professional Networking Happy Hour at GRAFFITI Central,,,,,,https://allevents.in/central-hong-kong/professional-networking-happy-hour-at-graffiti-central/100001997430007923,,,AllEvents,香港特别行政区,香港,
2026 PPDS Mid-Autumn Event: 23 Sep (PM Session),,,,,,https://allevents.in/hong-kong/2026-ppds-mid-autumn-event-23-sep-pm-session/100001998471245292,,,AllEvents,香港特别行政区,香港,
TBC Improv Presents: The Will of The Wheel,,,,,,https://allevents.in/hong-kong/tbc-improv-presents-the-will-of-the-wheel/100001989743431165,,,AllEvents,香港特别行政区,香港,
香港 Hong Kong Comedy Season Presents Mohammed Magdi: Discount Pharaoh,,,,,,https://allevents.in/hong-kong/香港-hong-kong-comedy-season-presents-mohammed-magdi-discount-pharaoh/100001993763185358,,,AllEvents,香港特别行政区,香港,
香港 Hong Kong Comedy Season Presents Saaj Raja: Bad Indian,,,,,,https://allevents.in/hong-kong/香港-hong-kong-comedy-season-presents-saaj-raja-bad-indian/100001993459610357,,,AllEvents,香港特别行政区,香港,
香港 Hong Kong Comedy Season Presents Saaj Raja: Bad Indian at Soho House,,,,,,https://allevents.in/hong-kong/香港-hong-kong-comedy-season-presents-saaj-raja-bad-indian-at-soho-house/100001996973323969,,,AllEvents,香港特别行政区,香港,
BMP Wealth - 2026 Health and Wealth seminar,,,,,,https://allevents.in/hong-kong/bmp-wealth-2026-health-and-wealth-seminar/100001997672878355,,,AllEvents,香港特别行政区,香港,
Procurement Success Summit - Hong Kong,,,,,,https://allevents.in/hong-kong/procurement-success-summit-hong-kong/100001994534739096,,,AllEvents,香港特别行政区,香港,
【港車北上必讀：法律責任與交通意外實務應對】講座,,,,,,https://allevents.in/hong-kong/【港車北上必讀：法律責任與交通意外實務應對】講座/200030596231447,,,AllEvents,香港特别行政区,香港,
槓桿與破局- 創業家成立 11 週年,,,,,,https://allevents.in/hong-kong/槓桿與破局-創業家成立-11-週年/200030441747632,,,AllEvents,香港特别行政区,香港,
A Spark of Sichuan - Cooking Workshop,,,,,,https://allevents.in/hong-kong/a-spark-of-sichuan-cooking-workshop/100002000854893849,,,AllEvents,香港特别行政区,香港,
Mid-Autumn Coffee Workshop,,,,,,https://allevents.in/hong-kong/mid-autumn-coffee-workshop/100001995659207411,,,AllEvents,香港特别行政区,香港,
TEST YOUR PALATE BY CATHAY GWSAA,,,,,,https://allevents.in/hong-kong/test-your-palate-by-cathay-gwsaa/100001997803752804,,,AllEvents,香港特别行政区,香港,
"Inaugural Conference - ""Gastronomy: First and Foremost a Science?""",,,,,,https://allevents.in/hong-kong/inaugural-conference-gastronomy-first-and-foremost-a-science/100001996202603724,,,AllEvents,香港特别行政区,香港,
Candlelight: Vivaldi's Four Seasons,,,,,,https://allevents.in/hong-kong/candlelight-vivaldis-four-seasons/2700030054532223,,,AllEvents,香港特别行政区,香港,
Taylor Swift (Oliver's Secret Sessions) - Acoustic Live Show,,,,,,https://allevents.in/hong-kong/taylor-swift-olivers-secret-sessions-acoustic-live-show/100001998752466432,,,AllEvents,香港特别行政区,香港,
"Squeeze, Billy Bragg in 九龍 Kowloon",,,,,,https://allevents.in/hong-kong/squeeze-billy-bragg-in-九龍-kowloon/3300029315595908,,,AllEvents,香港特别行政区,香港,
Candlelight: Tribute to Michael Jackson,,,,,,https://allevents.in/hong-kong/candlelight-tribute-to-michael-jackson/2700030404988135,,,AllEvents,香港特别行政区,香港,
Spanish Movie Night _ El Laberinto del Fauno,,,,,,https://allevents.in/hong-kong/spanish-movie-night-_-el-laberinto-del-fauno/100001996811073674,,,AllEvents,香港特别行政区,香港,
Driven to Win 志在必贏 : Corporate-Social Partnership to Co-create Shared Value,,,,,,https://allevents.in/hong-kong/driven-to-win-志在必贏-corporate-social-partnership-to-co-create-shared-value/100002000017226363,,,AllEvents,香港特别行政区,香港,
Professional Networking at NiGHTINGALE [D'Aguilar Street],,,,,,https://allevents.in/hong-kong/professional-networking-at-nightingale-daguilar-street/100002000859144563,,,AllEvents,香港特别行政区,香港,
Why and For Whom We Design: Lessons from Industrial Design,,,,,,https://allevents.in/hong-kong/why-and-for-whom-we-design-lessons-from-industrial-design/100002000130343700,,,AllEvents,香港特别行政区,香港,
Candlelight: Tribute to Bruno Mars,,,,,,https://allevents.in/hong-kong/candlelight-tribute-to-bruno-mars/2700029456422442,,,AllEvents,香港特别行政区,香港,
Candlelight: Timeless Composers,,,,,,https://allevents.in/hong-kong/candlelight-timeless-composers/2700030404987422,,,AllEvents,香港特别行政区,香港,
Candlelight: Christmas Movie Soundtracks,,,,,,https://allevents.in/hong-kong/candlelight-christmas-movie-soundtracks/2700030659910100,,,AllEvents,香港特别行政区,香港,
Candlelight: Tribute to Phil Collins,,,,,,https://allevents.in/hong-kong/candlelight-tribute-to-phil-collins/2700030684664257,,,AllEvents,香港特别行政区,香港,
滿月能量釋放🎨日本和諧粉彩🌕,,,,,,https://allevents.in/hong-kong/滿月能量釋放日本和諧粉彩/200030584194803,,,AllEvents,香港特别行政区,香港,
the Hive x MoE: Mosaic Happy Hour,,,,,,https://allevents.in/hong-kong/the-hive-x-moe-mosaic-happy-hour/100001999333368927,,,AllEvents,香港特别行政区,香港,
Crafts on Peel “Creative Cross-Pollination: The Future of Crafts”,,,,,,https://allevents.in/hong-kong/crafts-on-peel-creative-cross-pollination-the-future-of-crafts/100001993655696857,,,AllEvents,香港特别行政区,香港,
Paint & Pause,,,,,,https://allevents.in/hong-kong/paint-and-pause/100001998366167000,,,AllEvents,香港特别行政区,香港,
RICS Annual Dinner and Hong Kong Awards Presentation Ceremony 2026,,,,,,https://allevents.in/hong-kong/rics-annual-dinner-and-hong-kong-awards-presentation-ceremony-2026/100001989286611806,,,AllEvents,香港特别行政区,香港,
Globevisa Global Citizen Conference 2026,,,,,,https://allevents.in/hong-kong/globevisa-global-citizen-conference-2026/100001992335628497,,,AllEvents,香港特别行政区,香港,
Melbourne Cup Luncheon 2026,,,,,,https://allevents.in/hong-kong/melbourne-cup-luncheon-2026/100001997682332633,,,AllEvents,香港特别行政区,香港,
The King's Conference 尊王特會,,,,,,https://allevents.in/hong-kong/the-kings-conference-尊王特會/100001989353250123,,,AllEvents,香港特别行政区,香港,
FINI'S X PURPLE RAIN HARVEST DINNER,,Sep 20,,,,https://allevents.in/hong-kong/finis-x-purple-rain-harvest-dinner/100001998658506395,,,AllEvents,香港特别行政区,香港,
A2B  Listening Session  w/ Daniel Elam  on Emotion by Carly Rae Jepsen,,Sep 20,,,,https://allevents.in/hong-kong/a2b-listening-session-w-daniel-elam-on-emotion-by-carly-rae-jepsen/100001999012060886,,,AllEvents,香港特别行政区,香港,
Book Talk and Signing with Greg Morley,,Sep 20,,,,https://allevents.in/hong-kong/book-talk-and-signing-with-greg-morley/100001998399713338,,,AllEvents,香港特别行政区,香港,
Aspire Coffee Connect: September 生態系統合作夥伴: 9月交流會,,Sep 20,,,,https://allevents.in/hong-kong/aspire-coffee-connect-september-生態系統合作夥伴-9月交流會/100001999400542846,,,AllEvents,香港特别行政区,香港,
No Curfew Club: Y2K VOL 3,,Sep 20,,,,https://allevents.in/hong-kong/no-curfew-club-y2k-vol-3/100001996432666849,,,AllEvents,香港特别行政区,香港,
BAD B*TCH BINGO AT THE PONTIAC,,Sep 20,,,,https://allevents.in/hong-kong/bad-btch-bingo-at-the-pontiac/100001999643640959,,,AllEvents,香港特别行政区,香港,
International Schools Festival - Hong Kong Island 《香港國際學校展2026》 (Sep 19),,Sep 20,,,,https://allevents.in/hong-kong/international-schools-festival-hong-kong-island-《香港國際學校展2026》-sep-19/100001987367694272,,,AllEvents,香港特别行政区,香港,
曦望之行 | Journey of Hope,,Sep 20,,,,https://allevents.in/hong-kong/曦望之行-journey-of-hope/100001998710058589,,,AllEvents,香港特别行政区,香港,
"The Pontiac Classics 101: Shake, Sip & Nacho Bar",,Sep 20,,,,https://allevents.in/hong-kong/the-pontiac-classics-101-shake-sip-and-nacho-bar/100001999975743286,,,AllEvents,香港特别行政区,香港,
"Hong Kong Biggest Business, Tech & Entrepreneur Networking Soiree",,,,,,https://allevents.in/hong-kong/hong-kong-biggest-business-tech-and-entrepreneur-networking-soiree/10000673591138227,,,AllEvents,香港特别行政区,香港,
Whisky 101 Certificate Course by Mizunara: The Academy,,October 20,,,,https://allevents.in/hong-kong/whisky-101-certificate-course-by-mizunara-the-academy/100002000538123380,,,AllEvents,香港特别行政区,香港,
"HKSW 20260919 Meeting, Room 2-3, HAD Wan Chai Activity Center, 1230-2030",,October 20,,,,https://allevents.in/hong-kong/hksw-20260919-meeting-room-2-3-had-wan-chai-activity-center-1230-2030/200030698514113,,,AllEvents,香港特别行政区,香港,
Sensory Playtime for 6-36 months old,,October 20,,,,https://allevents.in/hong-kong/sensory-playtime-for-6-36-months-old/200030702441540,,,AllEvents,香港特别行政区,香港,
Spanish Movie Night: 18 Comidas - 18 Meals,,October 20,,,,https://allevents.in/hong-kong/spanish-movie-night-18-comidas-18-meals/100002000391320288,,,AllEvents,香港特别行政区,香港,
"Traders Forum, Hong Kong",,,,,,https://allevents.in/hong-kong/traders-forum-hong-kong/100001994147497847,,,AllEvents,香港特别行政区,香港,
Green Tech Summit 2026,,,,,,https://allevents.in/hong-kong/green-tech-summit-2026/100001989289390116,,,AllEvents,香港特别行政区,香港,
Asian Banking & Finance and Insurance Asia Summit – Hong Kong 2026,,,,,,https://allevents.in/hong-kong/asian-banking-and-finance-and-insurance-asia-summit-hong-kong-2026/200030522437051,,,AllEvents,香港特别行政区,香港,
Resolving Construction Disputes Through Mediation,,,,,,https://allevents.in/hong-kong/resolving-construction-disputes-through-mediation/100001998709076652,,,AllEvents,香港特别行政区,香港,
"Food & Beverage Sector with BNI Creation on September 22, 2026",,September 22,,,,https://allevents.in/hong-kong/food-and-beverage-sector-with-bni-creation-on-september-22-2026/100002000145398730,,,AllEvents,香港特别行政区,香港,
Managing Hong Kong Tax Exposure: Navigating FSIE and Offshore Profits Claim,,,,,,https://allevents.in/hong-kong/managing-hong-kong-tax-exposure-navigating-fsie-and-offshore-profits-claim/100001998524817528,,,AllEvents,香港特别行政区,香港,
Hong Kong Exclusive: Confluence Trading Mastery with Paul Bratby,,,,,,https://allevents.in/hong-kong/hong-kong-exclusive-confluence-trading-mastery-with-paul-bratby/200030466696126,,,AllEvents,香港特别行政区,香港,
Read.Share.Connect I Picture Books Reading Circle for Adults,,,,,,https://allevents.in/hong-kong/readshareconnect-i-picture-books-reading-circle-for-adults/100002000261110828,,,AllEvents,香港特别行政区,香港,
The Entrepreneur Chapter,,,,,,https://allevents.in/hong-kong/the-entrepreneur-chapter/100002000556413085,,,AllEvents,香港特别行政区,香港,
GECKO Theatre Workshop,,,,,,https://allevents.in/hong-kong/gecko-theatre-workshop/100002000550527481,,,AllEvents,香港特别行政区,香港,
宏利 X JUST FEEL 感講 「世界精神健康日」系列活動：善意溝通家長講座及體驗工作坊,,,,,,https://allevents.in/hong-kong/宏利-x-just-feel-感講-「世界精神健康日」系列活動：善意溝通家長講座及體驗工作坊/100001999660682932,,,AllEvents,香港特别行政区,香港,
Candlelight: The Best of Hans Zimmer,,,,,,https://allevents.in/hong-kong/candlelight-the-best-of-hans-zimmer/2700030035696010,,,AllEvents,香港特别行政区,香港,
9月18號 Techno 女王 Lilly Palmer 首次來港演出！,,,,,,https://allevents.in/hong-kong/9月18號-techno-女王-lilly-palmer-首次來港演出！/100001999778794206,,,AllEvents,香港特别行政区,香港,
Kirill Gerstein plays Liszt 格爾斯坦的李斯特,,,,,,https://allevents.in/hong-kong/kirill-gerstein-plays-liszt-格爾斯坦的李斯特/200030337219014,,,AllEvents,香港特别行政区,香港,
"JWLS - Quadro Nuevo ""30 Years Around The World"" Live In HK",,,,,,https://allevents.in/hong-kong/jwls-quadro-nuevo-30-years-around-the-world-live-in-hk/200030585183406,,,AllEvents,香港特别行政区,香港,
AFRORAVE Vol.  13: SA to the World,,,,,,https://allevents.in/hong-kong/afrorave-vol-13-sa-to-the-world/100002000577058837,,,AllEvents,香港特别行政区,香港,
Sean Shibe and Ema Nikolovska: Orlando Variations 蕭恩施貝與艾瑪 · 妮歌露芙絲嘉： 奧蘭多變奏曲,,,,,,https://allevents.in/hong-kong/sean-shibe-and-ema-nikolovska-orlando-variations-蕭恩施貝與艾瑪-·-妮歌露芙絲嘉：-奧蘭多變奏曲/80008818357018,,,AllEvents,香港特别行政区,香港,
Violin & Oboe Duo Recital by Justin Chan and Alvin Ching,,,,,,https://allevents.in/hong-kong/violin-and-oboe-duo-recital-by-justin-chan-and-alvin-ching/100002000158352475,,,AllEvents,香港特别行政区,香港,
樂儀社25週年師生Live Band Bar Show,,,,,,https://allevents.in/hong-kong/樂儀社25週年師生live-band-bar-show/200030632086743,,,AllEvents,香港特别行政区,香港,
對話李世默博士：當「小院高牆」遇上「大世界」A Dialogue with Dr. Eric X. Li,,,,,,https://allevents.in/hong-kong/對話李世默博士：當「小院高牆」遇上「大世界」a-dialogue-with-dr-eric-x-li/100002000566265554,,,AllEvents,香港特别行政区,香港,
Global Sources Consumer Electronics – October 2026,,October 20,,,,https://allevents.in/hong-kong/global-sources-consumer-electronics-october-2026/80003280470305,,,AllEvents,香港特别行政区,香港,
2026 PPDS Mid-Autumn Event: 26 Sep (AM Session),,,,,,https://allevents.in/hong-kong/2026-ppds-mid-autumn-event-26-sep-am-session/100001998466906314,,,AllEvents,香港特别行政区,香港,
2026 PPDS Mid-Autumn Event: 26 Sep (PM Session),,,,,,https://allevents.in/hong-kong/2026-ppds-mid-autumn-event-26-sep-pm-session/100001998471726732,,,AllEvents,香港特别行政区,香港,
Exhibition Tour - The Measure of Shade,,,,,,https://allevents.in/hong-kong/exhibition-tour-the-measure-of-shade/100002000726697410,,,AllEvents,香港特别行政区,香港,
Meet ELOV at Cosmoprof Asia Hong Kong 2026,,,,,,https://allevents.in/hong-kong/meet-elov-at-cosmoprof-asia-hong-kong-2026/200030558603343,,,AllEvents,香港特别行政区,香港,
GIORGIO GRIFFA,,,,,,https://allevents.in/hong-kong/giorgio-griffa/100001997670497233,,,AllEvents,香港特别行政区,香港,
"Soh Souen: My tender passion, tender patience",,,,,,https://allevents.in/hong-kong/soh-souen-my-tender-passion-tender-patience/100001999012126081,,,AllEvents,香港特别行政区,香港,
"Independent Schools Show, Hong Kong 2026",,,,,,https://allevents.in/hong-kong/independent-schools-show-hong-kong-2026/10000916008133987,,,AllEvents,香港特别行政区,香港,
The 15th Hong Kong Coin Show 第十五屆香港國際錢幣聯合展銷會,,,,,,https://allevents.in/hong-kong/the-15th-hong-kong-coin-show-第十五屆香港國際錢幣聯合展銷會/200030642287147,,,AllEvents,香港特别行政区,香港,
Asia Electrical & Renewable Energy Expo 2027,,,,,,https://allevents.in/hong-kong/asia-electrical-and-renewable-energy-expo-2027/200030683655243,,,AllEvents,香港特别行政区,香港,
Not a book club: morning session,,October 20,,,,https://allevents.in/hong-kong/not-a-book-club-morning-session/100001999249535178,,,AllEvents,香港特别行政区,香港,
Puppy Pilates & Gelato at the Peak,,,,,,https://allevents.in/hong-kong/puppy-pilates-and-gelato-at-the-peak/100001999082388237,,,AllEvents,香港特别行政区,香港,
Pokeno New Zealand Whisky Tasting Experience,,,,,,https://allevents.in/hong-kong/pokeno-new-zealand-whisky-tasting-experience/100001999460057857,,,AllEvents,香港特别行政区,香港,
Rooftop Moonlit Market: Local Flavours | 露天中秋市集,,,,,,https://allevents.in/hong-kong/rooftop-moonlit-market-local-flavours-露天中秋市集/200030285441717,,,AllEvents,香港特别行政区,香港,
中秋奶黃月餅（10-12件）中秋節前夕一日整完第二日可以過節,,,,,,https://allevents.in/hong-kong/中秋奶黃月餅（10-12件）中秋節前夕一日整完第二日可以過節/200030673355224,,,AllEvents,香港特别行政区,香港,
Domaine du Pélican Wine Dinner,,,,,,https://allevents.in/hong-kong/domaine-du-pélican-wine-dinner/100002000566329746,,,AllEvents,香港特别行政区,香港,
American Trivia Night: Celebrating America’s 250th Anniversary,,,,,,https://allevents.in/hong-kong/american-trivia-night-celebrating-americas-250th-anniversary/100001999480186061,,,AllEvents,香港特别行政区,香港,
Blend Your Own Whisky Workshop,,,,,,https://allevents.in/hong-kong/blend-your-own-whisky-workshop/100002000536113368,,,AllEvents,香港特别行政区,香港,
OZHK x CAANZ Melbourne Cup Lunch,,,,,,https://allevents.in/hong-kong/ozhk-x-caanz-melbourne-cup-lunch/100001999977627923,,,AllEvents,香港特别行政区,香港,
【聖誕烘焙饗宴】馬來西亞陳子杰老師,,,,,,https://allevents.in/hong-kong/【聖誕烘焙饗宴】馬來西亞陳子杰老師/200030673355533,,,AllEvents,香港特别行政区,香港,
日本山丘上的麵包店-黑沼老師（假日班）,,,,,,https://allevents.in/hong-kong/日本山丘上的麵包店-黑沼老師（假日班）/200030673355734,,,AllEvents,香港特别行政区,香港,
童文敏《何以慰藉》形體工作坊 | Tong Wenmin ‘Towards Solace’ Movement Workshop,,October 20,,,,https://allevents.in/hong-kong/童文敏《何以慰藉》形體工作坊-tong-wenmin-‘towards-solace-movement-workshop/100002000576093951,,,AllEvents,香港特别行政区,香港,
A LA CARTE FACTORY PRESENTS: THE BRAINROT CINEMA,,,,,,https://allevents.in/hong-kong/a-la-carte-factory-presents-the-brainrot-cinema/100001998065992169,,,AllEvents,香港特别行政区,香港,
2026 PPDS Mid-Autumn Event: 25 Sep (PM Session),,,,,,https://allevents.in/hong-kong/2026-ppds-mid-autumn-event-25-sep-pm-session/100001998471711687,,,AllEvents,香港特别行政区,香港,
Friends Trivia,,,,,,https://allevents.in/hong-kong/friends-trivia/100001998943955180,,,AllEvents,香港特别行政区,香港,
'Beats After Dark' Techno DJ Night at Rizzy Bar,,,,,,https://allevents.in/hong-kong/beats-after-dark-techno-dj-night-at-rizzy-bar/100002000239072912,,,AllEvents,香港特别行政区,香港,
THE ODDITY with Bite the Thunder!,,,,,,https://allevents.in/hong-kong/the-oddity-with-bite-the-thunder/80001899281526,,,AllEvents,香港特别行政区,香港,
Cabaret d'impro: contrôle surprise !,,,,,,https://allevents.in/hong-kong/cabaret-dimpro-contrôle-surprise/100001998735580927,,,AllEvents,香港特别行政区,香港,
The Tavern | LIVE Dungeons & Dragons Show,,,,,,https://allevents.in/hong-kong/the-tavern-live-dungeons-and-dragons-show/100001999144423787,,,AllEvents,香港特别行政区,香港,
"Oliver Ma's Open Mic (3 Oct, 2026)",,,,,,https://allevents.in/hong-kong/oliver-mas-open-mic-3-oct-2026/100001999669105123,,,AllEvents,香港特别行政区,香港,
October 2026 Rumble: An Improv Jam,,October 20,,,,https://allevents.in/hong-kong/october-2026-rumble-an-improv-jam/100001984244752469,,,AllEvents,香港特别行政区,香港,
【Central Free Trial】 YWCA IKC Helen O Grady Drama (4-7yrs),,,,,,https://allevents.in/hong-kong/【central-free-trial】-ywca-ikc-helen-o-grady-drama-4-7yrs/100001998211021957,,,AllEvents,香港特别行政区,香港,
TBC Improv Presents: What Comes Next?,,,,,,https://allevents.in/hong-kong/tbc-improv-presents-what-comes-next/100001989829328085,,,AllEvents,香港特别行政区,香港,
TBC Improv Presents: Absolutely Made Up!,,,,,,https://allevents.in/hong-kong/tbc-improv-presents-absolutely-made-up/100001989830080335,,,AllEvents,香港特别行政区,香港,
TBC Improv Presents: Hot Singles Near Me,,,,,,https://allevents.in/hong-kong/tbc-improv-presents-hot-singles-near-me/100001989830394274,,,AllEvents,香港特别行政区,香港,
Guangzhou Pub Crawl with Shots & Nightlife Tour,,2026-09-17,2026-09-18,,"Guangzhou, guangzhou",https://www.eventbrite.com/e/guangzhou-pub-crawl-with-shots-nightlife-tour-tickets-1997676227372,https://img.evbuc.com/https%3A%2F%2Fcdn.evbuc.com%2Fimages%2F1190780599%2F3006317433479%2F1%2Foriginal.20260811-084215?crop=focalpoint&fit=crop&h=200&w=512&auto=format%2Ccompress&q=75&sharp=10&fp-x=0.5&fp-y=0.5&s=c19f10f2506fb499354e7859b04a9c98,,Eventbrite,澳门特别行政区,澳门,Eventbrite
2026 Pub Crawl/Bar Hopping/Nightlife/Bar Tour Shanghai,,2026-09-17,2026-09-18,,"Xiang Yang Bei Lu, Pu Dong Xin Qu, Shang Hai Shi",https://www.eventbrite.com/e/2026-pub-crawlbar-hoppingnightlifebar-tour-shanghai-tickets-1998126439970,https://img.evbuc.com/https%3A%2F%2Fcdn.evbuc.com%2Fimages%2F1193536261%2F3002942580728%2F1%2Foriginal.20260915-093836?crop=focalpoint&fit=crop&h=200&w=512&auto=format%2Ccompress&q=75&sharp=10&fp-x=0.5&fp-y=0.5&s=eb87792f251890aa9668a691bb11dfe0,,Eventbrite,澳门特别行政区,澳门,Eventbrite
Girls Night out,,2026-09-17,2026-09-18,,"1 Yan An Dong Lu, Huang Pu Qu, Shang Hai Shi",https://www.eventbrite.com/e/girls-night-out-tickets-1999251134963,https://img.evbuc.com/https%3A%2F%2Fcdn.evbuc.com%2Fimages%2F1192261425%2F3012388291078%2F1%2Foriginal.20260831-084215?h=200&w=512&auto=format%2Ccompress&q=75&sharp=10&s=05b745db7aaf7a00da8610fbf1165032,,Eventbrite,澳门特别行政区,澳门,Eventbrite
The 11th World Battery & Energy Storage Industry Expo (WBE 2026),,2026-09-16,2026-09-18,,"No.380, Yuejiang Zhong Road, Guangzhou, China, 广州市, 广东省",https://www.eventbrite.com/e/the-11th-world-battery-energy-storage-industry-expo-wbe-2026-tickets-1705505365459,https://img.evbuc.com/https%3A%2F%2Fcdn.evbuc.com%2Fimages%2F1125324773%2F1451565062173%2F1%2Foriginal.20250916-074224?w=400&auto=format%2Ccompress&q=75&sharp=10&s=ac4a3a16dd54e5331955ebcd0569f8ac,,Eventbrite,澳门特别行政区,澳门,Eventbrite
"Amazon Sellers Networking, Canton Fair, Phase 2, Sunday 25th Oct FREE EVENT",,2026-10-25,2026-10-26,,"11号 Qiao Guang Xi Lu, Guang Zhou Shi, Guang Dong Sheng",https://www.eventbrite.hk/e/amazon-sellers-networking-canton-fair-phase-2-sunday-25th-oct-free-event-tickets-1894122815329,https://img.evbuc.com/https%3A%2F%2Fcdn.evbuc.com%2Fimages%2F1161460493%2F183825657761%2F1%2Foriginal.20251024-093248?h=200&w=512&auto=format%2Ccompress&q=75&sharp=10&rect=0%2C0%2C2160%2C1080&s=87e4a94b487396802be6403c5b924235,,Eventbrite,澳门特别行政区,澳门,Eventbrite
Guangzhou Pub Crawl with Shots & Nightlife Tour,,2026-09-18,2026-09-19,,"Guangzhou, guangzhou",https://www.eventbrite.com/e/guangzhou-pub-crawl-with-shots-nightlife-tour-tickets-1997676228375,https://img.evbuc.com/https%3A%2F%2Fcdn.evbuc.com%2Fimages%2F1190780599%2F3006317433479%2F1%2Foriginal.20260811-084215?crop=focalpoint&fit=crop&h=200&w=512&auto=format%2Ccompress&q=75&sharp=10&fp-x=0.5&fp-y=0.5&s=c19f10f2506fb499354e7859b04a9c98,,Eventbrite,澳门特别行政区,澳门,Eventbrite
Dujiangyan Scenic Area Tickets,,2026-09-19,2026-09-19,,"No.1 Gongyuan Road, Guankou Sub-district, Dujiangyan City, Chengdu, Sichuan Province, P.R. China, 611800, Chengdu",https://www.eventbrite.com/e/dujiangyan-scenic-area-tickets-tickets-1976728043791,https://img.evbuc.com/https%3A%2F%2Fcdn.evbuc.com%2Fimages%2F1172230523%2F2982829680105%2F1%2Foriginal.20251203-132853?crop=focalpoint&fit=crop&auto=format%2Ccompress&q=75&sharp=10&fp-x=0.5&fp-y=0.5&s=675cbb99e580e2bfb3d7b26a01f57d64,,Eventbrite,澳门特别行政区,澳门,Eventbrite
Imran Khan Cancer Appeal - The Great Wall of China,,2026-09-20,2026-09-20,,"11Beijing, Huairou District, Beijing",https://www.eventbrite.co.uk/e/imran-khan-cancer-appeal-the-great-wall-of-china-tickets-1980545686463,https://img.evbuc.com/https%3A%2F%2Fcdn.evbuc.com%2Fimages%2F1174832264%2F163440808732%2F1%2Foriginal.20260114-121625?w=400&auto=format%2Ccompress&q=75&sharp=10&s=7ef2501df48121c3c576081af59f13e8,,Eventbrite,澳门特别行政区,澳门,Eventbrite
JixiangFang Cruise A Culinary Voyage Through Ancient,,2026-09-16,2026-09-16,,"滨江东路, 广州市, 广东省",https://www.eventbrite.com/e/jixiangfang-cruise-a-culinary-voyage-through-ancient-tickets-1994789635498,https://img.evbuc.com/https%3A%2F%2Fcdn.evbuc.com%2Fimages%2F1189380491%2F2982829680105%2F1%2Foriginal.20260722-100042?crop=focalpoint&fit=crop&h=200&w=512&auto=format%2Ccompress&q=75&sharp=10&fp-x=0.693&fp-y=0.561&s=578fadee74ac79cd8f02f8fd730d517f,,Eventbrite,澳门特别行政区,澳门,Eventbrite
The 7th Guangzhou Sourcing Fair,,2026-10-14,2026-10-17,,"1000 新港东路, 广州市, 广东省",https://www.eventbrite.com/e/the-7th-guangzhou-sourcing-fair-tickets-1991430729921,https://img.evbuc.com/https%3A%2F%2Fcdn.evbuc.com%2Fimages%2F1186464132%2F1690842964373%2F1%2Foriginal.20260609-032334?crop=focalpoint&fit=crop&h=200&w=512&auto=format%2Ccompress&q=75&sharp=10&fp-x=0.5&fp-y=0.5&s=dd6183e19356c0835c1d5bf884f6d1a7,,Eventbrite,澳门特别行政区,澳门,Eventbrite
China Leadership And Business Summit 2026 (Canton Fair Edition),,2026-10-27,2026-10-29,,"215 Lin He Xi Heng Lu, Guang Zhou Shi, Guang Dong Sheng",https://www.eventbrite.co.uk/e/china-leadership-and-business-summit-2026-canton-fair-edition-tickets-2000536115374,https://img.evbuc.com/https%3A%2F%2Fcdn.evbuc.com%2Fimages%2F1193224425%2F395269489859%2F1%2Foriginal.20260911-020921?crop=focalpoint&fit=crop&auto=format%2Ccompress&q=75&sharp=10&fp-x=0.504&fp-y=0.487&s=0ce768cb25370057d49cb7e09fc0f631,,Eventbrite,澳门特别行政区,澳门,Eventbrite
Asia NextGen Payments & RegTech Forum,,2026-11-20,2026-11-20,,"To be announced, Asia",https://www.eventbrite.com/e/asia-nextgen-payments-regtech-forum-tickets-1996777573474,https://img.evbuc.com/https%3A%2F%2Fcdn.evbuc.com%2Fimages%2F1190351260%2F1585794033473%2F1%2Foriginal.20260805-065122?h=200&w=355&auto=format%2Ccompress&q=75&sharp=10&s=a5f93baf2d8ac281e83c96344f646328,,Eventbrite,澳门特别行政区,澳门,Eventbrite
"3-Day Advanced QSD Training - IN PERSON, China/Asia (in Chinese/Mandarin)",,2026-12-07,2026-12-09,,"Area C, Canton Fair Complex, Guangzhou, Guangdong",https://www.eventbrite.com/e/3-day-advanced-qsd-training-in-person-chinaasia-in-chinesemandarin-tickets-1993344600359,https://img.evbuc.com/https%3A%2F%2Fcdn.evbuc.com%2Fimages%2F1188310120%2F198385541472%2F1%2Foriginal.20260706-190015?crop=focalpoint&fit=crop&auto=format%2Ccompress&q=75&sharp=10&fp-x=0.5&fp-y=0.5&s=d168e78a8813fde229cbefcfa4fdb622,,Eventbrite,澳门特别行政区,澳门,Eventbrite
"Conference on Computer Communication, Information System and Cybersecurity",,2026-09-18,2026-09-20,,"No. 333, Xishan Avenue, Xishan District, Wuxi City, WuXi, Jiangsu",https://www.eventbrite.hk/e/conference-on-computer-communication-information-system-and-cybersecurity-tickets-1986623224543,https://img.evbuc.com/https%3A%2F%2Fcdn.evbuc.com%2Fimages%2F1181569913%2F457048189644%2F1%2Foriginal.20260407-061718?crop=focalpoint&fit=crop&h=200&w=512&auto=format%2Ccompress&q=75&sharp=10&fp-x=0.523&fp-y=0.061&s=bbdb806b55246b50590d9d41ec92f730,,Eventbrite,澳门特别行政区,澳门,Eventbrite
7th International Conference on Urban Heat Island Mitigation (IC2UHI 2026),,2026-09-22,2026-09-22,,"Nanjing, China, Nanjing, China",https://www.eventbrite.sg/e/7th-international-conference-on-urban-heat-island-mitigation-ic2uhi-2026-tickets-1380264009809,https://img.evbuc.com/https%3A%2F%2Fcdn.evbuc.com%2Fimages%2F1038825453%2F324046722141%2F1%2Foriginal.20250526-081813?w=512&auto=format%2Ccompress&q=75&sharp=10&rect=191%2C0%2C876%2C438&s=c39436e748f2f53d5e7655bb48203c23,,Eventbrite,澳门特别行政区,澳门,Eventbrite
Historiography of Science in China,,2026-10-24,2026-10-25,,"866号 Yu Hang Tang Lu, Hang Zhou Shi, Zhe Jiang Sheng",https://www.eventbrite.com/e/historiography-of-science-in-china-tickets-1999519301055,https://img.evbuc.com/https%3A%2F%2Fcdn.evbuc.com%2Fimages%2F1192478968%2F2987494534094%2F1%2Foriginal.20260902-150826?crop=focalpoint&fit=crop&h=200&w=512&auto=format%2Ccompress&q=75&sharp=10&fp-x=0.948&fp-y=0.039&s=7b48275fa1be0a47daa77fcc082af16f,,Eventbrite,澳门特别行政区,澳门,Eventbrite
Computational Science and Power Engineering  (CSPE 2026),,2026-11-13,2026-11-15,,"Hefei, Anhui, 合肥市, 安徽省",https://www.eventbrite.com/e/computational-science-and-power-engineering-cspe-2026-tickets-1272067681679,https://img.evbuc.com/https%3A%2F%2Fcdn.evbuc.com%2Fimages%2F1172905218%2F183628846660%2F1%2Foriginal.20251213-160624?crop=focalpoint&fit=crop&h=200&w=512&auto=format%2Ccompress&q=75&sharp=10&fp-x=0.675&fp-y=0.523&s=84d4f2b7c875e91b76f70a3542e79677,,Eventbrite,澳门特别行政区,澳门,Eventbrite
Sustainability Transposium 2026,,2026-11-20,2026-11-22,,"318 Xiangtang Road, Guilin, Guangxi",https://www.eventbrite.com/e/sustainability-transposium-2026-tickets-1997942195891,https://img.evbuc.com/https%3A%2F%2Fcdn.evbuc.com%2Fimages%2F1191235960%2F3010674904746%2F1%2Foriginal.20260817-123528?crop=focalpoint&fit=crop&h=200&w=512&auto=format%2Ccompress&q=75&sharp=10&fp-x=0.5&fp-y=0.5&s=88003c6d36a212f5cab95fecfcb7bfda,,Eventbrite,澳门特别行政区,澳门,Eventbrite
Shanghai Deep Talk | Episode 24 : Death & Reincarnation,,2026-09-25,2026-09-25,,"huangpu district, shanghai",https://www.eventbrite.com/e/shanghai-deep-talk-episode-24-death-reincarnation-tickets-1998189680123,https://img.evbuc.com/https%3A%2F%2Fcdn.evbuc.com%2Fimages%2F1191822181%2F3004139958106%2F1%2Foriginal.20260825-034242?crop=focalpoint&fit=crop&h=200&w=512&auto=format%2Ccompress&q=75&sharp=10&fp-x=0.015&fp-y=0.526&s=e2cb046632344e4e5fa89adfea337224,,Eventbrite,澳门特别行政区,澳门,Eventbrite
2026 Saturday World Folks Meetup Shanghai,,2026-09-26,2026-09-26,,"Xiang Yang Bei Lu, Pu Dong Xin Qu, Shang Hai Shi",https://www.eventbrite.com/e/2026-saturday-world-folks-meetup-shanghai-tickets-1993463457865,https://img.evbuc.com/https%3A%2F%2Fcdn.evbuc.com%2Fimages%2F1193535766%2F3002942580728%2F1%2Foriginal.20260915-093118?crop=focalpoint&fit=crop&h=200&w=512&auto=format%2Ccompress&q=75&sharp=10&fp-x=0.5&fp-y=0.5&s=5e8f89d05029653f48231addf3e4e09d,,Eventbrite,澳门特别行政区,澳门,Eventbrite
Brett Allen in 澳門 Macau,,,,,,https://allevents.in/macau/brett-allen-in-澳門-macau/3300030470016531,,,AllEvents,澳门特别行政区,澳门,
FBAF ASIA 2026,,,,,,https://allevents.in/macau/fbaf-asia-2026/200030638601008,,,AllEvents,澳门特别行政区,澳门,
Asia International Hotel Supplies & Catering Expo 2026,,,,,,https://allevents.in/macau/asia-international-hotel-supplies-and-catering-expo-2026/200030638601912,,,AllEvents,澳门特别行政区,澳门,
"喺澳門嘅朋友聚會,食啤同輕鬆傾吓就得啦",,,,,,https://allevents.in/macau/喺澳門嘅朋友聚會食啤同輕鬆傾吓就得啦/200029747119607,,,AllEvents,澳门特别行政区,澳门,
🍜Asian Background Social: Lounge Asia Meetup (Easy English) @ Taipei 7pm,,2026-09-24 19:00:00,,90,"Aye Taipei Bar & Restaurant, No. 15, Lane 138, Linsen N Rd, Zhengde Village, Zhongshan District, Taipei City, Taiwan 10491, Taipei",https://www.meetup.com/loungeasia/events/316414754/,,,Meetup/expat,台湾,台北,Meetup
Business Growth Marketing Workshop,,2026-09-17 18:30:00,,10,"Talk Central, ２樓 No, No. 123號, Section 1, Fuxing S Rd, Guangwu Village, Da’an District, Taipei City, 106, Taipei",https://www.meetup.com/thetrenches/events/316428306/,,,Meetup/expat,台湾,台北,Meetup
BBQ PARTY AND FARM TOUR AT WEN SHAN FARM,,2026-09-25 14:00:00,,,"Xindian MRT Station (end of green line), No.2, Sec. 1, Beiyi Rd, Xindian",https://www.meetup.com/easyhikingandfunactivities/events/316464684/,,,Meetup/expat,台湾,台北,Meetup
"Social Night for travelers, Locals, Expats",,2026-09-19 19:30:00,,,"Haku Taipei 白龍, 玉門街一號, Taiwan",https://www.meetup.com/internatinal-social-activities-in-taipei/events/316127387/,,,Meetup/expat,台湾,台北,Meetup
Taipei Friday Solo Travelers & Nomads Social + Hosted Bar Hopping 🍻🌃,,2026-09-18 19:30:00,,,"SOMEWHERE 那裡, No. 30號, Leli Rd, Quan'an Village, Da’an District, Taipei City, 106, Taipei",https://www.meetup.com/taipei-social-networking-and-brainstorming-meetup-group/events/316325124/,,,Meetup/expat,台湾,台北,Meetup
"Co-Working Weekly: Founders, Nomads, Remote Workers",,2026-09-21 14:00:00,,22,"BlackHat Jazz Cafe, 100, Taipei City, Zhongzheng District, 中正區 Bo'ai Rd, 158號2樓, Taipei",https://www.meetup.com/thetrenches/events/316178443/,,,Meetup/expat,台湾,台北,Meetup
從代碼到治癒：AI 驅動抗老醫學與長壽經濟的崛起,,2026-09-18,2026-09-18,,"508號 忠孝東路七段, 中南里, 臺北市",https://www.eventbrite.co.uk/e/ai-tickets-1997099640786,https://img.evbuc.com/https%3A%2F%2Fcdn.evbuc.com%2Fimages%2F1190539045%2F365932899225%2F1%2Foriginal.20260807-124140?crop=focalpoint&fit=crop&w=355&auto=format%2Ccompress&q=75&sharp=10&fp-x=0.5&fp-y=0.5&s=a49a567a4418fa237c7ba74800970f89,,Eventbrite,台湾,台北,Eventbrite
Friday Taipei Social Night: Make New Friends & Language Exchange,,2026-09-18,2026-09-18,,"30號 Leli Road, Quan'an Village, Taipei City",https://www.eventbrite.com/e/friday-taipei-social-night-make-new-friends-language-exchange-tickets-1987514293755,https://img.evbuc.com/https%3A%2F%2Fcdn.evbuc.com%2Fimages%2F1182226364%2F2473715371131%2F1%2Foriginal.20260415-133406?crop=focalpoint&fit=crop&w=267&auto=format%2Ccompress&q=75&sharp=10&fp-x=0.5&fp-y=0.5&s=20feaf00234b406fa43ba46c71dfd700,,Eventbrite,台湾,台北,Eventbrite
Solo travellers: casual hangout in Taipei (4pm),,2026-09-20,2026-09-20,,"2號 Xiangyang Road, Taipei, Taipei City",https://www.eventbrite.co.uk/e/solo-travellers-casual-hangout-in-taipei-4pm-tickets-1977940401987,https://img.evbuc.com/https%3A%2F%2Fcdn.evbuc.com%2Fimages%2F1172999691%2F2830687274421%2F1%2Foriginal.20251215-183018?w=512&auto=format%2Ccompress&q=75&sharp=10&rect=0%2C103%2C1254%2C627&s=4972e5bdf908553a22769d7732bd12ca,,Eventbrite,台湾,台北,Eventbrite
Mondays Taipei Language Exchange Social Game Party  每週一 台北国際交流会 活動,,2026-09-21,2026-09-21,,"伊通街47號B1, Taipei, 台北市",https://www.eventbrite.com/e/mondays-taipei-language-exchange-social-game-party-tickets-1118613847129,https://img.evbuc.com/https%3A%2F%2Fcdn.evbuc.com%2Fimages%2F1035648333%2F2336358714223%2F1%2Foriginal.20250521-071445?crop=focalpoint&fit=crop&w=512&auto=format%2Ccompress&q=75&sharp=10&fp-x=5e-05&fp-y=5e-05&s=6fcb86cf55b71ed5be95d6b9b2fcd00a,,Eventbrite,台湾,台北,Eventbrite
SALT ‘N Found 2026/09/30,,2026-09-30,2026-09-30,,"No. 1 Beiping W Rd, Taipei City, Taipei City",https://www.eventbrite.com/e/salt-n-found-20260930-tickets-1999003825253,https://img.evbuc.com/https%3A%2F%2Fcdn.evbuc.com%2Fimages%2F1183181257%2F2842668751751%2F1%2Foriginal.20260428-010247?w=267&auto=format%2Ccompress&q=75&sharp=10&s=71cc8175a7b04a7e72fd41dcbf9ef01c,,Eventbrite,台湾,台北,Eventbrite
Portfolio Night - 2026 - Taipei,,2026-10-20,2026-10-20,,"6-1號 Lane 269, Section 3, Nanjing East Road, Zhongzheng Village, Taipei City",https://www.eventbrite.com/e/portfolio-night-2026-taipei-tickets-1995718241985,https://img.evbuc.com/https%3A%2F%2Fcdn.evbuc.com%2Fimages%2F1189792619%2F397449971127%2F1%2Foriginal.20260728-145246?crop=focalpoint&fit=crop&w=512&auto=format%2Ccompress&q=75&sharp=10&fp-x=0.5&fp-y=0.5&s=c530b741c333722f5f57c7cd47710efe,,Eventbrite,台湾,台北,Eventbrite
"Lead Like Low: Taipei, Taiwan",,2026-10-23,2026-10-25,,"16號 Section 4, Zhongshan North Road, Mingsheng Village, Taipei City",https://www.eventbrite.com/e/lead-like-low-taipei-taiwan-tickets-1989660403828,https://img.evbuc.com/https%3A%2F%2Fcdn.evbuc.com%2Fimages%2F1184442042%2F274897734789%2F1%2Foriginal.20260512-210215?crop=focalpoint&fit=crop&w=512&auto=format%2Ccompress&q=75&sharp=10&fp-x=0.5&fp-y=0.5&s=aa236b145b208663e90afbf0ba91bfc7,,Eventbrite,台湾,台北,Eventbrite
中秋節主日禮拜與月餅製作 Mid-Autumn Sunday Service & Mooncake Making,,2026-09-20,2026-09-20,,"17號 Jinhua Street, 新營里, Taipei City",https://www.eventbrite.com/e/mid-autumn-sunday-service-mooncake-making-tickets-1999636557773,https://img.evbuc.com/https%3A%2F%2Fcdn.evbuc.com%2Fimages%2F1192542368%2F2434489246981%2F1%2Foriginal.20260903-031418?crop=focalpoint&fit=crop&w=512&auto=format%2Ccompress&q=75&sharp=10&fp-x=0.5&fp-y=0.5&s=f6cfb1fd6c293d74d72374e8f40c0eed,,Eventbrite,台湾,台北,Eventbrite
SIOPA 10-Year Celebration Event (Sydney),,2026-11-18,2026-11-18,,"TBC, Brisbane, QLD",https://www.eventbrite.com.au/e/siopa-10-year-celebration-event-sydney-tickets-2000973699199,https://img.evbuc.com/https%3A%2F%2Fcdn.evbuc.com%2Fimages%2F1193380380%2F206164912530%2F1%2Foriginal.20260913-154659?crop=focalpoint&fit=crop&w=355&auto=format%2Ccompress&q=75&sharp=10&fp-x=0.5&fp-y=0.5&s=a83ba513a8fd582540780e7c44174118,,Eventbrite,台湾,台北,Eventbrite
Sundays Taipei Language Exchange Social Game Party 每週日 台北国際交流会 活動,,2026-09-20,2026-09-20,,"21 Alley 11, Lane 216, Section 4, Zhongxiao East Road, 車層里, Taipei City",https://www.eventbrite.com/e/sundays-taipei-language-exchange-social-game-party-tickets-1598259901389,https://img.evbuc.com/https%3A%2F%2Fcdn.evbuc.com%2Fimages%2F1097700253%2F2336358714223%2F1%2Foriginal.20250817-051939?crop=focalpoint&fit=crop&w=267&auto=format%2Ccompress&q=75&sharp=10&fp-x=0.5&fp-y=0.5&s=a70a7527ed850a3a71db02933a788108,,Eventbrite,台湾,台北,Eventbrite
富邦世紀音樂盛宴  維也納愛樂在臺北 Wiener Philharmoniker in Taipei,,,,,,https://allevents.in/taipei/富邦世紀音樂盛宴-維也納愛樂在臺北-wiener-philharmoniker-in-taipei/200030581113840,,,AllEvents,台湾,台北,
來自巴黎鐵塔的浪漫樂章✧大提琴巨星卡普松與傑洛米二重奏,,,,,,https://allevents.in/taipei/來自巴黎鐵塔的浪漫樂章✧大提琴巨星卡普松與傑洛米二重奏/200030537870739,,,AllEvents,台湾,台北,
遠東璀璨饗宴—Yo-Yo Ma Live in Concert,,,,,,https://allevents.in/taipei/遠東璀璨饗宴yo-yo-ma-live-in-concert/200030581114946,,,AllEvents,台湾,台北,
Silica Gel in 臺北市,,,,,,https://allevents.in/taipei/silica-gel-in-臺北市/3300030442137449,,,AllEvents,台湾,台北,
額滿私訊候補｜韓筠青｜超越超越街拍：主題產出＆風格調色（九月）,,,,,,https://allevents.in/taipei/額滿私訊候補｜韓筠青｜超越超越街拍：主題產出＆風格調色（九月）/200030493698529,,,AllEvents,台湾,台北,
"9月20日星期天下午,趙繹羽（微媗）,（還剩最後一個名額喔。）一般時裝外拍。（本團必開場喔。）",,,,,,https://allevents.in/taipei/9月20日星期天下午趙繹羽（微媗）（還剩最後一個名額喔。）一般時裝外拍。（本團必開場喔。）/200030511093642,,,AllEvents,台湾,台北,
"9月19日台北早場水博!又嬌又媚,純欲性感!教主!",,,,,,https://allevents.in/taipei/9月19日台北早場水博又嬌又媚純欲性感教主/200030568847159,,,AllEvents,台湾,台北,
"9月28日星期一下午,Uni優尼（琳琳）,(已額滿,可備取。)比基尼水博館外拍。（本團必開場喔。）",,,,,,https://allevents.in/taipei/9月28日星期一下午uni優尼（琳琳）已額滿可備取。比基尼水博館外拍。（本團必開場喔。）/200030233329336,,,AllEvents,台湾,台北,
【Ari Hoenig Trio 2026】,,,,,,https://allevents.in/taipei/【ari-hoenig-trio-2026】/200030659019555,,,AllEvents,台湾,台北,
"ANGRA in Taipei, Taiwan",,,,,,https://allevents.in/taipei/angra-in-taipei-taiwan/200030590055821,,,AllEvents,台湾,台北,
Babylon DJ Resident on Decks,,,,,,https://allevents.in/taipei/babylon-dj-resident-on-decks/200030679304337,,,AllEvents,台湾,台北,
Tequila Tales,,,,,,https://allevents.in/taipei/tequila-tales/200030679304942,,,AllEvents,台湾,台北,
Re:Live Vol.3,,,,,,https://allevents.in/taipei/re-live-vol3/200030400604423,,,AllEvents,台湾,台北,
"MONO ""Snowdrop"" Asia Tour 2026 - TAIPEI",,,,,,https://allevents.in/taipei/mono-snowdrop-asia-tour-2026-taipei/200030414969654,,,AllEvents,台湾,台北,
⋆˚✦ 天唯陽奈 生誕祭 2026 ✦˚⋆『甘く、狂い咲く — 蜜に酔う』,,,,,,https://allevents.in/taipei/⋆˚✦-天唯陽奈-生誕祭-2026-✦˚⋆『甘く、狂い咲く-蜜に酔う』/200030595598052,,,AllEvents,台湾,台北,
《Word of Mouth Vol.02》Geloomy 1st one-man tour『FULL-COURSE』: Taipei,,,,,,https://allevents.in/taipei/《word-of-mouth-vol02》geloomy-1st-one-man-tour『full-course』-taipei/200030442996737,,,AllEvents,台湾,台北,
Taipei Death Match 台北死亡賽 Brujeria live in Taipei 台北公演,,,,,,https://allevents.in/taipei/taipei-death-match-台北死亡賽-brujeria-live-in-taipei-台北公演/200030199861302,,,AllEvents,台湾,台北,
【黃梅戲】韻清樂舞劇綜合藝術團-黃梅經典大戲《碧波情緣》,,,,,,https://allevents.in/taipei/【黃梅戲】韻清樂舞劇綜合藝術團-黃梅經典大戲《碧波情緣》/200030445629622,,,AllEvents,台湾,台北,
iri 2026 TAIPEI ONE-MAN SHOW,,,,,,https://allevents.in/taipei/iri-2026-taipei-one-man-show/200030568064156,,,AllEvents,台湾,台北,
精神崩解 Mental Disintergration Vol.12(台北),,,,,,https://allevents.in/taipei/精神崩解-mental-disintergration-vol12台北/200030647936714,,,AllEvents,台湾,台北,
愛手創國際手作設計節 靈感午茶會 2026 ISHANDS International Craft Design Festival,,,,,,https://allevents.in/taipei/愛手創國際手作設計節-靈感午茶會-2026-ishands-international-craft-design-festival/200030598776338,,,AllEvents,台湾,台北,
◤票券轉讓區◢ Ultra Taiwan 2026,,,,,,https://allevents.in/taipei/◤票券轉讓區◢-ultra-taiwan-2026/200030445162939,,,AllEvents,台湾,台北,
漁光島火神祭 | 經典台南二日,,,,,,https://allevents.in/taipei/漁光島火神祭-經典台南二日/200030672209037,,,AllEvents,台湾,台北,
KRAZY Music Festival Taipei,,,,,,https://allevents.in/taipei/krazy-music-festival-taipei/200030642100311,,,AllEvents,台湾,台北,
2026 美麗佳人【裙襬澎澎RUN】,,,,,,https://allevents.in/taipei/2026-美麗佳人【裙襬澎澎run】/200030424104550,,,AllEvents,台湾,台北,
古道巡禮(68)眉飛社舞,,,,,,https://allevents.in/taipei/古道巡禮68眉飛社舞/200030097852845,,,AllEvents,台湾,台北,
Paraíso Tango Season Milonga (Autumn),,,,,,https://allevents.in/taipei/paraíso-tango-season-milonga-autumn/200030606507748,,,AllEvents,台湾,台北,
Bocaraka records 15 years anniversary,,,,,,https://allevents.in/taipei/bocaraka-records-15-years-anniversary/200030531777149,,,AllEvents,台湾,台北,
0926午Hedy精緻六人團~時裝團拍~西門天橋和週邊街拍,,,,,,https://allevents.in/taipei/0926午hedy精緻六人團~時裝團拍~西門天橋和週邊街拍/200030589979345,,,AllEvents,台湾,台北,
10月31日 (午) 大眼美女   段璟樂   與晴攝影棚   性感內衣  棚拍,,,,,,https://allevents.in/taipei/10月31日-午-大眼美女-段璟樂-與晴攝影棚-性感內衣-棚拍/200030592965146,,,AllEvents,台湾,台北,
09/20(日) 小花 大稻埕 夜拍,,,,,,https://allevents.in/taipei/09-20日-小花-大稻埕-夜拍/200030647025735,,,AllEvents,台湾,台北,
缺3滿團1017早~精緻六人團~演員紫米~植物園清新裙裝和歷史博物館典雅旗袍外拍~,,,,,,https://allevents.in/taipei/缺3滿團1017早~精緻六人團~演員紫米~植物園清新裙裝和歷史博物館典雅旗袍外拍~/200030654347113,,,AllEvents,台湾,台北,
"🎧 Joanne《用Podcast「聊」癒自己,「聊」到賺錢》新書發表會",,,,,,https://allevents.in/taipei/joanne《用podcast「聊」癒自己「聊」到賺錢》新書發表會/200030663682028,,,AllEvents,台湾,台北,
【一口井、千杯茶、七代人】 原住民族地熱諮商同意座談會,,,,,,https://allevents.in/taipei/【一口井、千杯茶、七代人】-原住民族地熱諮商同意座談會/200030663682229,,,AllEvents,台湾,台北,
✨ 2026 第三屆｜在台港人培靈會,,,,,,https://allevents.in/taipei/2026-第三屆｜在台港人培靈會/200030672204439,,,AllEvents,台湾,台北,
「2026在變遷中探索教育文化：挑戰、契機與未來發展」國際學術研討會,,,,,,https://allevents.in/taipei/「2026在變遷中探索教育文化：挑戰、契機與未來發展」國際學術研討會/200030591257057,,,AllEvents,台湾,台北,
2026制霸極北超馬,,,,,,https://allevents.in/taipei/2026制霸極北超馬/200028806648539,,,AllEvents,台湾,台北,
國際進階(B)級羽球教練證照講習【台北場】,,,,,,https://allevents.in/taipei/國際進階b級羽球教練證照講習【台北場】/200030526649504,,,AllEvents,台湾,台北,
國際桌球教練講習初階證照班(台北場),,,,,,https://allevents.in/taipei/國際桌球教練講習初階證照班台北場/200030653644323,,,AllEvents,台湾,台北,
All Blacks Clinics Taiwan 2027 – Elite Rugby Masterclass for Youth Information Hub 專案資訊中心,,,,,,https://allevents.in/taipei/all-blacks-clinics-taiwan-2027-elite-rugby-masterclass-for-youth-information-hub-專案資訊中心/200029664786738,,,AllEvents,台湾,台北,
台北蚤之市 第三十二回 Taipei Flea Market 2026,,Market 20,,,,https://allevents.in/taipei/台北蚤之市-第三十二回-taipei-flea-market-2026/200030631381538,,,AllEvents,台湾,台北,
詩歌市集──詩集展售會,,,,,,https://allevents.in/taipei/詩歌市集──詩集展售會/200030631195240,,,AllEvents,台湾,台北,
創造共同體：探索策展與政治｜ISSUE 18《策展與政治》發刊專題論壇 Creating Communities: Exploring Curating and Politics,,,,,,https://allevents.in/taipei/創造共同體：探索策展與政治｜issue-18《策展與政治》發刊專題論壇-creating-communities-exploring-curating-and-politics/200030701667505,,,AllEvents,台湾,台北,
極光創漫祭,,,,,,https://allevents.in/taipei/極光創漫祭/200030473727600,,,AllEvents,台湾,台北,
11/19~11/22 Taiwan Salsa Carnival 2026,,,,,,https://allevents.in/taipei/11-19~11-22-taiwan-salsa-carnival-2026/200030199723543,,,AllEvents,台湾,台北,
2026 融舞皇后Minsun Lee李敏善大師營,,,,,,https://allevents.in/taipei/2026-融舞皇后minsun-lee李敏善大師營/200029719500125,,,AllEvents,台湾,台北,
Flying Stomper 9.0 培訓班甄選,,,,,,https://allevents.in/taipei/flying-stomper-90-培訓班甄選/200030417423141,,,AllEvents,台湾,台北,
韓風雙男伶金色饗宴 金羅賓X安文忠,,,,,,https://allevents.in/taipei/韓風雙男伶金色饗宴-金羅賓x安文忠/200030297964518,,,AllEvents,台湾,台北,
富邦世紀音樂盛宴 小提琴女神瑪莉亞·杜尼亞絲 首度訪臺 古斯塔沃.希梅諾與盧森堡愛樂,,Sep 20,,,,https://allevents.in/taipei/富邦世紀音樂盛宴-小提琴女神瑪莉亞·杜尼亞絲-首度訪臺-古斯塔沃希梅諾與盧森堡愛樂/200030537870639,,,AllEvents,台湾,台北,
Wednesday Open Mic!,,Sep 20,,,,https://allevents.in/taipei/wednesday-open-mic/200030693312249,,,AllEvents,台湾,台北,
《孔子與他的學生們》新書分享會,,Sep 20,,,,https://allevents.in/taipei/《孔子與他的學生們》新書分享會/200030701678828,,,AllEvents,台湾,台北,
2026 N.Flying LIVE ‘&CON5 : into REM’ IN TAIPEI,,Sep 20,,,,https://allevents.in/taipei/2026-nflying-live-‘andcon5-into-rem-in-taipei/200030411923907,,,AllEvents,台湾,台北,
TIBCS 2026,,Sep 20,,,,https://allevents.in/taipei/tibcs-2026/200030284941746,,,AllEvents,台湾,台北,
2026 台北國際半程馬拉松,,Sep 20,,,,https://allevents.in/taipei/2026-台北國際半程馬拉松/200030045286448,,,AllEvents,台湾,台北,
0920液態之愛蒸發時——《那就先暈到這裡》新書對談｜賴怡 × 謝凱特,,Sep 20,,,,https://allevents.in/taipei/0920液態之愛蒸發時《那就先暈到這裡》新書對談｜賴怡-×-謝凱特/200030663681322,,,AllEvents,台湾,台北,
文化講座【落語】(報名至9/10截止),,,,,,https://allevents.in/taipei/文化講座【落語】報名至9-10截止/200030701719746,,,AllEvents,台湾,台北,
冰皮月餅 手作活動,,,,,,https://allevents.in/taipei/冰皮月餅-手作活動/200030701681033,,,AllEvents,台湾,台北,
2026日本留學展,,,,,,https://allevents.in/taipei/2026日本留學展/200030701727602,,,AllEvents,台湾,台北,
2026 臺北時裝週 x VOGUE FNO「Fashion is ____ 」,,,,,,https://allevents.in/taipei/2026-臺北時裝週-x-vogue-fno「fashion-is-____-」/200030701671712,,,AllEvents,台湾,台北,
韓國K.image 個人形象顧問培訓認證,,,,,,https://allevents.in/taipei/韓國kimage-個人形象顧問培訓認證/200030701737123,,,AllEvents,台湾,台北,
AINTEC 2026 Conference,,,,,,https://allevents.in/taipei/aintec-2026-conference/200030679304540,,,AllEvents,台湾,台北,
2026 Chang Gung Aesthetics Conference,,,,,,https://allevents.in/taoyuan/2026-chang-gung-aesthetics-conference/200030502074435,,,AllEvents,台湾,台北,
9/27（日）許正忠 五星飯店奶素杏仁肉桂餅乾、澳洲楓糖燕麥餅乾、奶素巧克力核桃餅乾,,,,,,https://allevents.in/taipei/9-27（日）許正忠-五星飯店奶素杏仁肉桂餅乾、澳洲楓糖燕麥餅乾、奶素巧克力核桃餅乾/200030701735218,,,AllEvents,台湾,台北,
"楊宗翰×白靈×孟樊：同仁詩社,有志一同",,,,,,https://allevents.in/taipei/楊宗翰×白靈×孟樊：同仁詩社有志一同/200030701675221,,,AllEvents,台湾,台北,
蔡旻佑 Evan Yo《快樂有時有》演唱會 20週年 台北站,,,,,,https://allevents.in/taipei/蔡旻佑-evan-yo《快樂有時有》演唱會-20週年-台北站/200030701720247,,,AllEvents,台湾,台北,
親子天下 故事屋,,,,,,https://allevents.in/taipei/親子天下-故事屋/200030701688849,,,AllEvents,台湾,台北,
GIScience專題演講,,,,,,https://allevents.in/taipei/giscience專題演講/200030701666300,,,AllEvents,台湾,台北,
TwoSet Violin 雙琴俠世界巡演 🎻 9/29-30 臺北國家音樂廳 🔥,,,,,,https://allevents.in/taipei/twoset-violin-雙琴俠世界巡演-9-29-30-臺北國家音樂廳/200030537870335,,,AllEvents,台湾,台北,
維也納愛樂在臺北 Wiener Philharmoniker in Taipei,,,,,,https://allevents.in/taipei/維也納愛樂在臺北-wiener-philharmoniker-in-taipei/200030581113434,,,AllEvents,台湾,台北,
ZAZEN to VOOID in TAIPEI,,,,,,https://allevents.in/taipei/zazen-to-vooid-in-taipei/200030333696348,,,AllEvents,台湾,台北,
凱基雋永饗宴—Yo-Yo Ma Live in Concert,,,,,,https://allevents.in/taipei/凱基雋永饗宴yo-yo-ma-live-in-concert/200030581114342,,,AllEvents,台湾,台北,
Regallily “Dawn”《TAIPEI》,,,,,,https://allevents.in/taipei/regallily-dawn-《taipei》/200030237802833,,,AllEvents,台湾,台北,
【千湖國鋼鐵魔獸台北狂嘯夜】 BEAST IN BLACK An Evening In TAIPEI with Special Guest DARK SKY,,,,,,https://allevents.in/taipei/【千湖國鋼鐵魔獸台北狂嘯夜】-beast-in-black-an-evening-in-taipei-with-special-guest-dark-sky/200030245436728,,,AllEvents,台湾,台北,
OTC:John 00 Fleming,,,,,,https://allevents.in/taipei/otc-john-00-fleming/200030471706130,,,AllEvents,台湾,台北,
Lorna Shore in 臺北市,,,,,,https://allevents.in/taipei/lorna-shore-in-臺北市/3300030221314759,,,AllEvents,台湾,台北,
【Yoga Nidra瑜珈睡眠 × 頌缽療癒工作坊】,,,,,,https://allevents.in/taipei/【yoga-nidra瑜珈睡眠-×-頌缽療癒工作坊】/200030701727401,,,AllEvents,台湾,台北,
2026 歐洲教育展 European Education Fair Taiwan,,,,,,https://allevents.in/taipei/2026-歐洲教育展-european-education-fair-taiwan/200030672201248,,,AllEvents,台湾,台北,
森入大安 涼測行動,,,,,,https://allevents.in/taipei/森入大安-涼測行動/200030487021222,,,AllEvents,台湾,台北,
Polish Electronics & Photonics at TAITRONICS 2026,,,,,,https://allevents.in/taipei/polish-electronics-and-photonics-at-taitronics-2026/200030448309401,,,AllEvents,台湾,台北,
陳一銘《荒溪歲誌》新書發表會｜桃園場 @ 書帶蕨,,,,,,https://allevents.in/taoyuan/陳一銘《荒溪歲誌》新書發表會｜桃園場-書帶蕨/200030288025843,,,AllEvents,台湾,台北,
AI時代的人才養成：比知識更重要的能力,,,,,,https://allevents.in/taipei/ai時代的人才養成：比知識更重要的能力/200030701686544,,,AllEvents,台湾,台北,
《你好我吃一點：台灣小說的美味盛宴》新書分享會【台北場】,,,,,,https://allevents.in/taipei/《你好我吃一點：台灣小說的美味盛宴》新書分享會【台北場】/200030663681222,,,AllEvents,台湾,台北,
啟蒙的亮光~柯倩華老師,,,,,,https://allevents.in/taipei/啟蒙的亮光~柯倩華老師/200030701680331,,,AllEvents,台湾,台北,
9/21（一）夏志成 中階六 日本料理技術課程,,,,,,https://allevents.in/taipei/9-21（一）夏志成-中階六-日本料理技術課程/200030701736622,,,AllEvents,台湾,台北,
Taipei | Welcome Festival 2026,,,,,,https://allevents.in/taipei/taipei-welcome-festival-2026/200030298476010,,,AllEvents,台湾,台北,
9/25(五)中秋連假午 白菜 連身泳裝 死庫水/三宅棚 滿團候補,,,,,,https://allevents.in/taipei/9-25五中秋連假午-白菜-連身泳裝-死庫水-三宅棚-滿團候補/200030503273441,,,AllEvents,台湾,台北,
缺2滿團0925午(國定假日)精緻六人團~媐元~浴衣和制服日系寫真~,,,,,,https://allevents.in/taipei/缺2滿團0925午國定假日精緻六人團~媐元~浴衣和制服日系寫真~/200030545753358,,,AllEvents,台湾,台北,
Tango a Todo - 2026/09/27,,2026/09/27,,,,https://allevents.in/taipei/tango-a-todo-2026-09-27/200030567135902,,,AllEvents,台湾,台北,
(必開團) 0926午棚 ~ 魚魚 ~,,,,,,https://allevents.in/taipei/必開團-0926午棚-~-魚魚-~/200030511171204,,,AllEvents,台湾,台北,
Food Lovers Meetup Taipei #2 / 美食愛好者聚會台北 (10 participants maximum/ 最多 10 位參加者),,,,,,https://allevents.in/taipei/food-lovers-meetup-taipei-2-美食愛好者聚會台北-10-participants-maximum-最多-10-位參加者/200028340922817,,,AllEvents,台湾,台北,
10月3日 (早) 呆萌大眼美胸少女  巧巧    自來水博物館  性感比基尼外拍,,,,,,https://allevents.in/taipei/10月3日-早-呆萌大眼美胸少女-巧巧-自來水博物館-性感比基尼外拍/200030579812706,,,AllEvents,台湾,台北,
《藤本壯介建築展：原初.未來.森》專家導覽｜9/19 謝宗哲 / 建築學者、獨立策展人,,,,,,https://allevents.in/taipei/《藤本壯介建築展：原初未來森》專家導覽｜9-19-謝宗哲-建築學者、獨立策展人/200030701672915,,,AllEvents,台湾,台北,
9/26（六）陳彥廷-麻辣煙燻滷味,,,,,,https://allevents.in/taipei/9-26（六）陳彥廷-麻辣煙燻滷味/200030701735919,,,AllEvents,台湾,台北,
相約森林公園站——在最美捷運站讀詩,,,,,,https://allevents.in/taipei/相約森林公園站在最美捷運站讀詩/200030631194233,,,AllEvents,台湾,台北,
【歌仔戲】鴻明歌劇團《戰神花雲》,,,,,,https://allevents.in/taipei/【歌仔戲】鴻明歌劇團《戰神花雲》/200030445630730,,,AllEvents,台湾,台北,
娛人時代《班會別鬧!》,,,,,,https://allevents.in/taipei/娛人時代《班會別鬧》/200030485572521,,,AllEvents,台湾,台北,
創世紀詩社：創世紀詩歌派對,,,,,,https://allevents.in/taipei/創世紀詩社：創世紀詩歌派對/200030631194639,,,AllEvents,台湾,台北,
承功－新秀舞臺,,,,,,https://allevents.in/taipei/承功－新秀舞臺/200030501358718,,,AllEvents,台湾,台北,
21世紀上升星座——青年詩人風起雲湧,,,,,,https://allevents.in/taipei/21世紀上升星座青年詩人風起雲湧/200030631193625,,,AllEvents,台湾,台北,
10/25 張雅淳×李婉菁《唸歌去天庭：老仙婆的跨界音樂會》,,,,,,https://allevents.in/taipei/10-25-張雅淳×李婉菁《唸歌去天庭：老仙婆的跨界音樂會》/200030605254306,,,AllEvents,台湾,台北,
百夫長 說故事的旅行社｜阿拉斯加棕熊壯遊講座,,,,,,https://allevents.in/taipei/百夫長-說故事的旅行社｜阿拉斯加棕熊壯遊講座/200030643799651,,,AllEvents,台湾,台北,
【Unknown vol.SP－Pumpkin Shock】,,,,,,https://allevents.in/taipei/【unknown-volsp－pumpkin-shock】/200030649064949,,,AllEvents,台湾,台北,
【能を知る会鎌倉特別公演「當麻」～当麻曼荼羅を織った 中将姫～,,,,,,https://allevents.in/taipei/【能を知る会鎌倉特別公演「當麻」～当麻曼荼羅を織った-中将姫～/200030467946826,,,AllEvents,台湾,台北,
在台灣形構當代《傅柯哲學》▏續寫百年傅柯新書座談 1,,,,,,https://allevents.in/taipei/在台灣形構當代《傅柯哲學》▏續寫百年傅柯新書座談-1/200030701660645,,,AllEvents,台湾,台北,
I-English Kaohsiung Meet up,,2026-09-19 12:00:00,,,"I-English by Sports Arena Hanshin Mall, No. 131 Xinrong St., Zuoying District, Kaohsiung City, Conference Room, Kaohsiung City",https://www.meetup.com/interactive-english-i-english-kaohsiung-city/events/316224887/,,,Meetup/expat,台湾,高雄,Meetup
2026 高雄多語咖啡  Kaohsiung Multilingual Cafe ,,2026-09-22 19:00:00,,,"旅悅 國際青年旅館 D’well Hostel, 盛興里 Sanduo 3rd Rd, 211號, Qianzhen District",https://www.meetup.com/polyglottw/events/316383100/,,,Meetup/expat,台湾,高雄,Meetup
Kaohsiung Harbor City Free Walking Tour,,2026-09-19 09:30:00,,20,"Exit 1 of KMRT Hamasen Station, No. 17-1, Linhai 2nd Rd., Gushan Dist., Kaohsiung City",https://www.meetup.com/kaohsiung-free-walking-tour/events/316534910/,,,Meetup/expat,台湾,高雄,Meetup
I-English Kaohsiung Coffee Chill Night,,2026-09-29 18:00:00,,10,"I-English by Sports Arena Hanshin Mall, No. 131 Xinrong St., Zuoying District, Kaohsiung City, Conference Room, Kaohsiung City",https://www.meetup.com/interactive-english-i-english-kaohsiung-city/events/316481450/,,,Meetup/expat,台湾,高雄,Meetup
Twin Peaks Loop Hike 克孝峰-雙峰山O型,,2026-10-09 08:00:00,,5,"High-Speed Rail Zuoying Station (THSR Station), Zuoying District, Kaohsiung City, Taiwan 813, Zuoying District",https://www.meetup.com/kaohsiung-explorers-%E6%8E%A2%E7%B4%A2%E9%AB%98%E9%9B%84/events/316538570/,,,Meetup/expat,台湾,高雄,Meetup
Kaohsiung Religion Free Walking Tour,,2026-09-19 15:30:00,,20,"Entrance of Dragon and Tiger Pagodas (before the bridge), No. 9, Liantan Rd., Zuoying Dist., Kaohsiung",https://www.meetup.com/kaohsiung-free-walking-tour/events/316335343/,,,Meetup/expat,台湾,高雄,Meetup
夜宿動物園-BTS紫色活動專案,,,,,,https://allevents.in/kaohsiung/夜宿動物園-bts紫色活動專案/200030662854233,,,AllEvents,台湾,高雄,
Post Malone in 高雄市,,Sep 20,,,,https://allevents.in/kaohsiung-county/post-malone-in-高雄市/3300030389535219,,,AllEvents,台湾,高雄,
DIY Dinner Disaster ft. Taiwanese BBQ! | Ciao Kaohsiung 瞧高雄 | 中秋節台式烤肉,,Sep 20,,,,https://allevents.in/kaohsiung/diy-dinner-disaster-ft-taiwanese-bbq-ciao-kaohsiung-瞧高雄-中秋節台式烤肉/200030660593759,,,AllEvents,台湾,高雄,
9月20日（日）｜9月兒藝工作坊｜來喝下午茶,,Sep 20,,,,https://allevents.in/kaohsiung/9月20日（日）｜9月兒藝工作坊｜來喝下午茶/200030662460517,,,AllEvents,台湾,高雄,
9月19日（六）｜《和光同塵：李安成》展覽特別企劃──光塵之間：茶席六景,,Sep 20,,,,https://allevents.in/kaohsiung/9月19日（六）｜《和光同塵：李安成》展覽特別企劃──光塵之間：茶席六景/200030662461123,,,AllEvents,台湾,高雄,
⊹ 文具和手作材料等日常二手新舊好物交換 環保零廢生活.ᐟ.ᐟ ⊹ 老屋社區公益日 ⊹ 迷你換物市集 Mini Swap Market ⊹,,Sep 20,,,,https://allevents.in/kaohsiung/⊹-文具和手作材料等日常二手新舊好物交換-環保零廢生活ᐟᐟ-⊹-老屋社區公益日-⊹-迷你換物市集-mini-swap-market-⊹/200030660566120,,,AllEvents,台湾,高雄,
手作寵物月餅,,Sep 20,,,,https://allevents.in/kaohsiung/手作寵物月餅/200030245463745,,,AllEvents,台湾,高雄,
專案導覽行程：浪淘盡百年運河--長河‧漫波,,,,,,https://allevents.in/tainan/專案導覽行程：浪淘盡百年運河-長河‧漫波/200030701660344,,,AllEvents,台湾,高雄,
"International Conference on Business, Education, Science, and Technology (ICBEST) 2026",,,,,,https://allevents.in/kaohsiung/international-conference-on-business-education-science-and-technology-icbest-2026/200030619633132,,,AllEvents,台湾,高雄,
台南班 》【HP29】完全攻略長照保險&正確有效銷售關鍵,,,,,,https://allevents.in/tainan/台南班-》【hp29】完全攻略長照保險and正確有效銷售關鍵/200030661914047,,,AllEvents,台湾,高雄,
TwoSet Violin 雙琴俠世界巡演 🎻 9/27 衛武營歌劇院⚡️,,,,,,https://allevents.in/kaohsiung/twoset-violin-雙琴俠世界巡演-9-27-衛武營歌劇院️/200030527889136,,,AllEvents,台湾,高雄,
ON FIRE DAY 2026 滅火器高雄巨蛋演唱會,,,,,,https://allevents.in/kaohsiung/on-fire-day-2026-滅火器高雄巨蛋演唱會/200030511026542,,,AllEvents,台湾,高雄,
悠洛YoLo－OvO 三周年LIVE,,,,,,https://allevents.in/tainan/悠洛yolo－ovo-三周年live/200030507379126,,,AllEvents,台湾,高雄,
2026萬物生長〈好料A哢端出來〉 ——小誌市集 in 不存在劇場,,,,,,https://allevents.in/tainan/2026萬物生長〈好料a哢端出來〉-小誌市集-in-不存在劇場/200030526776103,,,AllEvents,台湾,高雄,
Fun市集,,,,,,https://allevents.in/tainan/fun市集/200030604317728,,,AllEvents,台湾,高雄,
【濱濱有旅：哈瑪星文化行腳】第4場,,,,,,https://allevents.in/kaohsiung/【濱濱有旅：哈瑪星文化行腳】第4場/200030600397730,,,AllEvents,台湾,高雄,
2026 SKY HUNTER 鳳梨山繞圈賽,,,,,,https://allevents.in/kaohsiung/2026-sky-hunter-鳳梨山繞圈賽/200029892941141,,,AllEvents,台湾,高雄,
金田不二家 💝夢幻  一日遊 💝 9月回饋活動!免費入場+100元入場~,,,,,,https://allevents.in/kaohsiung/金田不二家-夢幻-一日遊-9月回饋活動免費入場100元入場~/200030672244401,,,AllEvents,台湾,高雄,
Kaohsiung Lindy Exchange｜KLX 2026,,,,,,https://allevents.in/kaohsiung/kaohsiung-lindy-exchange｜klx-2026/200030247041228,,,AllEvents,台湾,高雄,
TINY ISLAND 小島沙灘派對 BEACH PARTY,,,,,,https://allevents.in/tainan/tiny-island-小島沙灘派對-beach-party/200030246526422,,,AllEvents,台湾,高雄,
【南吼交陪境】老古石南吼 音樂活動,,,,,,https://allevents.in/tainan/【南吼交陪境】老古石南吼-音樂活動/200030473635016,,,AllEvents,台湾,高雄,
竹門太子健走趣、仙巖祈福真歡喜,,,,,,https://allevents.in/tainan/竹門太子健走趣、仙巖祈福真歡喜/200030501512819,,,AllEvents,台湾,高雄,
"歡迎👏副瀨-朱府千歲𦲷臨,恭請義愛公參加入火安座",,,,,,https://allevents.in/chia-i-chia-i/歡迎副瀨-朱府千歲𦲷臨恭請義愛公參加入火安座/200029687779404,,,AllEvents,台湾,高雄,
2027東四極點730 (永遠的學長&學姊) 終極勇士(48H),,,,,,https://allevents.in/tainan/2027東四極點730-永遠的學長and學姊-終極勇士48h/200030004101057,,,AllEvents,台湾,高雄,
浬賀露營趣,,,,,,https://allevents.in/tainan/浬賀露營趣/200030570769822,,,AllEvents,台湾,高雄,
英雄傳 武聖關公,,,,,,https://allevents.in/kaohsiung/英雄傳-武聖關公/200030577885157,,,AllEvents,台湾,高雄,
英雄傳 永恆的生命、五  武聖關公,,,,,,https://allevents.in/kaohsiung/英雄傳-永恆的生命、五-武聖關公/200030540248646,,,AllEvents,台湾,高雄,
奇多市面包节,,2026-09-10,2026-09-20,,,https://www.douban.com/event/37988851/,,¥ 29.0,同城活动,北京市,北京,
北汽极狐·2026大运河音乐节,,2026-10-05,2026-10-06,,,https://www.douban.com/event/38044291/,,¥ 198.0,同城活动,北京市,北京,
清一色欢乐秀《炸胡》| 即兴互动演出 | 北京站 | 幽默油条喜剧,,2026-10-04,2026-10-07,,,https://www.douban.com/event/38049962/,,¥ 180.0,同城活动,北京市,北京,
Beyond乐队叶世荣2026「你中有我」巡回演唱会·北京站,,2026-10-17,2026-10-17,,,https://www.douban.com/event/38029516/,,¥ 380.0,同城活动,北京市,北京,
三里屯脱口秀.｜周一至周日｜综艺卡司｜吐槽爆笑大会｜开心互动｜【大笑喜剧】即兴之夜精品秀＞,,2026-09-16,2026-10-25,,,https://www.douban.com/event/37933568/,,¥ 30.00,同城活动,北京市,北京,
北京《乌龙笑探》沉浸式爆笑喜剧|悬疑反转|互动天花板|推理喜剧,,2026-09-16,2026-09-24,,,https://www.douban.com/event/37820879/,,¥ 88.00,同城活动,北京市,北京,
磁场喜剧×南锣鼓巷丨北京必打卡丨全国知名脱口秀喜剧大咖空降 | 周一至周日持续爆笑 | 双人优惠,,2026-09-16,2026-09-30,,,https://www.douban.com/event/37809086/,,¥ 30.00,同城活动,北京市,北京,
【中秋特惠】沉浸式亲子互动儿童剧《白雪公主》换装参演|走进格林童话经典改编|周末遛娃必看,,2026-09-19,2026-09-27,,,https://www.douban.com/event/37836375/,,¥ 180.00,同城活动,北京市,北京,
三里屯X太古里-精品脱口秀《喜剧专场》|每天2点4点7:30演出｜王二狗+即兴喜剧互动秀｜大开心笑果,,2026-09-16,2026-10-07,,,https://www.douban.com/event/37846787/,,¥ 30.00,同城活动,北京市,北京,
【中秋特惠】沉浸式亲子互动科学秀《尖叫实验室之科学奇妙秀》|亲手实验创造奇迹|素质养成科学启蒙|遛娃亲子舞台剧儿童剧,,2026-09-19,2026-10-07,,,https://www.douban.com/event/37887427/,,¥ 99.00,同城活动,北京市,北京,
【年度大戏】开心麻花2026惊悚爆笑年度大戏《诡才之道》,,2026-09-18,2026-10-06,,,https://www.douban.com/event/37931970/,,¥ 80.0,同城活动,北京市,北京,
德云社相声大会-德云社三庆园剧场,,2026-09-16,2026-09-20,,,https://www.douban.com/event/37812776/,,¥ 150.0,同城活动,北京市,北京,
德云社相声大会——三里屯德云社剧场,,2026-09-16,2026-09-20,,,https://www.douban.com/event/36961320/,,¥ 160.0,同城活动,北京市,北京,
百年芳心 从瓦尔德米勒到克里姆特：奥地利美景宫花绘真迹展,,2026-06-13,2026-09-19,,,https://www.douban.com/event/37872116/,,¥ 78.0,同城活动,北京市,北京,
致敬巨匠：尼古拉·费欣绘画精品展,,2026-09-29,2027-02-14,,,https://www.douban.com/event/38016090/,,¥ 60.0,同城活动,北京市,北京,
9月18-20程野演出[选座购票]北京刘老根大舞台,,2026-09-16,2026-09-30,,,https://www.douban.com/event/37710703/,,¥ 380.0,同城活动,北京市,北京,
喜番喜剧｜黄寺酒吧精选脱口秀 | 谢谢/小马/阿赛/小海领衔本周｜解压打卡 | 喜番CLUB,,2026-09-16,2026-09-30,,,https://www.douban.com/event/36280700/,,¥ 120.00,同城活动,北京市,北京,
惊讶喜剧丨周末综艺卡司领衔精品秀丨周中开放麦丨老牌优质俱乐部不踩雷高复购丨东四,,2026-09-16,2026-09-30,,,https://www.douban.com/event/37691461/,,¥ 48.00,同城活动,北京市,北京,
「CHIIKAWA DAYS 特展」 中国内地首展,,2026-09-16,2026-11-01,,,https://www.douban.com/event/38023003/,,¥ 92.0,同城活动,上海市,上海,
【买一送一特惠】人民广场脱口秀【魔脱喜剧】周一至周日每天三场丨爆笑精品秀解压脱口秀喜剧大会,,2026-09-16,2026-09-30,,,https://www.douban.com/event/37896783/,,¥ 5.00,同城活动,上海市,上海,
上海|史诗独角戏《一个高贵的灵魂》|高口碑剧目-南京东路站,,2026-09-16,2026-10-07,,,https://www.douban.com/event/37906950/,,¥ 180.0,同城活动,上海市,上海,
【肆笑】脱口秀综艺卡司丨小四爷/粽子/丹妮/海波/阿赛丨盲盒秀丨沪语@南京东路,,2026-09-16,2026-09-30,,,https://www.douban.com/event/36896098/,,¥ 120.00,同城活动,上海市,上海,
.【南京东路店】人民广场脱口秀周一至周日｜综艺卡司｜吐槽爆笑大会｜开心互动｜【大笑喜剧】即兴之夜精品秀＞,,2026-09-16,2026-09-30,,,https://www.douban.com/event/37984531/,,¥ 5.00,同城活动,上海市,上海,
【二狗推荐】一支麦爆笑脱口秀拼盘 | 上海站,,2026-09-16,2026-09-30,,,https://www.douban.com/event/37784890/,,¥ 108.00,同城活动,上海市,上海,
「71特别秀」沪语/普通话脱口秀•SpicyComedy,,2026-09-17,2026-11-01,,,https://www.douban.com/event/37756152/,,¥ 228.0,同城活动,上海市,上海,
浦东美术馆指定单日票【乔治·莫兰迪：独白】,,2026-08-09,2026-12-31,,,https://www.douban.com/event/37611085/,,¥ 80.0,同城活动,上海市,上海,
丝芙兰玩妆节（须前往丝芙兰玩妆节小程序兑换及预约，不可退票）,,2026-10-23,2026-10-25,,,https://www.douban.com/event/38045541/,,¥ 138.0,同城活动,上海市,上海,
中文原创音乐剧《海上钢琴师》,,2026-11-27,2026-11-29,,,https://www.douban.com/event/38055706/,,¥ 80.0,同城活动,上海市,上海,
脱友3年度亚军步惊云脱口秀专场《母老虎》|三好姐妹@上海,,2026-10-01,2026-10-03,,,https://www.douban.com/event/38021354/,,¥ 150.0,同城活动,上海市,上海,
音乐剧《狂炎奏鸣曲》,,2026-09-17,2026-10-11,,,https://www.douban.com/event/37261003/,,¥ 180.0,同城活动,上海市,上海,
马王堆汉墓文物大展-千金之家（需预约）,,2026-07-03,2026-10-07,,,https://www.douban.com/event/37879281/,,¥ 9.9,同城活动,上海市,上海,
音乐剧《风声》,,2026-09-16,2026-10-07,,,https://www.douban.com/event/37905853/,,¥ 280.0,同城活动,上海市,上海,
徐均朔概念音乐会《音乐买手店》,,2026-10-30,2026-10-31,,,https://www.douban.com/event/38044246/,,¥ 280.0,同城活动,上海市,上海,
EVA新世纪福音战士 30周年纪念活动【上海新世界 E展空间】,,2026-09-24,2027-01-03,,,https://www.douban.com/event/38001772/,,¥ 79.00,同城活动,上海市,上海,
"原创音乐剧《""Savior""》",,2026-09-16,2026-10-17,,,https://www.douban.com/event/37604359/,,¥ 299.0,同城活动,上海市,上海,
『国庆特惠』【静安大悦城】银河魔幻亲子秀 ·【魔术 | 小丑 | 泡泡 | 气球秀】「银河喜剧」,,2026-09-25,2026-10-07,,,https://www.douban.com/event/37518863/,,¥ 188.00,同城活动,上海市,上海,
环境式原创音乐剧《梅尔泉 Mute Spring》,,2026-09-16,2026-10-31,,,https://www.douban.com/event/37710634/,,¥ 199.0,同城活动,上海市,上海,
【深圳站】易经国学公益沙龙,,2026-09-19,2026-09-19,,,https://www.huodongxing.com/event/1878494716112,,免费,活动行,广东省,深圳,活动行平台支付/报名
深圳相亲会 |9月19号深圳南山【90后女生专场】高品质相亲交友活动,,2026-09-19,2026-09-19,,,https://www.huodongxing.com/event/4874217266812,,免费,活动行,广东省,深圳,活动行平台支付/报名
【9月27号精英相亲会】集体相亲；高效脱单，优秀单身交友,,2026-09-19,2026-09-19,,,https://www.huodongxing.com/event/5874369238912,,免费,活动行,广东省,深圳,活动行平台支付/报名
2026 GGE跨境出海博览会暨第12届OEM/ODM源头工厂展,,2026-09-19,2026-09-19,,,https://www.huodongxing.com/event/9872891692300,,免费,活动行,广东省,深圳,活动行平台支付/报名
2027中国AIoT产业年会,,2026-09-19,2026-09-19,,,https://www.huodongxing.com/event/6876732673200,,免费,活动行,广东省,深圳,活动行平台支付/报名
粤新境，美无界丨2026大湾区文商旅场景创新交流会暨深圳网红美陈®场景采购展,,2026-09-19,2026-09-19,,,https://www.huodongxing.com/event/3857331954600,,免费,活动行,广东省,深圳,活动行平台支付/报名
GAIC 全球人工智能大会・深圳峰会,,2026-09-19,2026-09-19,,,https://www.huodongxing.com/event/6877887036000,,免费,活动行,广东省,深圳,活动行平台支付/报名
破局腾飞——聚焦出海美洲市场研讨会,,2026-09-19,2026-09-19,,,https://www.huodongxing.com/event/9874866351200,,免费,活动行,广东省,深圳,活动行平台支付/报名
波兰新赛道，从 Empik 出发——2026Empik中国首场招商峰会,,2026-09-19,2026-09-19,,,https://www.huodongxing.com/event/2874462720500,,免费,活动行,广东省,深圳,活动行平台支付/报名
拥抱AI新基建，挖金Token蓝海,,2026-09-19,2026-09-19,,,https://www.huodongxing.com/event/4878608381000,,免费,活动行,广东省,深圳,活动行平台支付/报名
北科生物深圳综合细胞库 开放参观日,,2026-09-19,2026-09-19,,,https://www.huodongxing.com/event/5868385208911,,免费,活动行,广东省,深圳,活动行平台支付/报名
北科生物深圳综合细胞库21周年庆开放日参观,,2026-09-19,2026-09-19,,,https://www.huodongxing.com/event/4872707098711,,免费,活动行,广东省,深圳,活动行平台支付/报名
2026深圳国际酒店及商业空间博览会,,2026-09-19,2026-09-19,,,https://www.huodongxing.com/event/8870882999200,,免费,活动行,广东省,深圳,活动行平台支付/报名
兴文旅、拓新局-第四届湾区酒店业高质量发展大会,,2026-09-19,2026-09-19,,,https://www.huodongxing.com/event/4876496221311,,免费,活动行,广东省,深圳,活动行平台支付/报名
第20届中国(深圳)国际物流与供应链博览会,,2026-09-19,2026-09-19,,,https://www.huodongxing.com/event/9863345799200,,免费,活动行,广东省,深圳,活动行平台支付/报名
9月19日深圳大型政企公益相亲会，以爱结缘双向奔赴~非遗手工主题,,2026-09-19,2026-09-19,,,https://www.huodongxing.com/event/4878326617412,,免费,活动行,广东省,深圳,活动行平台支付/报名
# 出海 # · CRA 合规倒计时——从法规解读到实践落地的全链路实战分享,,2026-09-19,2026-09-19,,,https://www.huodongxing.com/event/1876493515000,,免费,活动行,广东省,深圳,活动行平台支付/报名
美力聚势 焕新增长-TikTok Shop 墨西哥自运营保健美妆行业专场沙龙,,2026-09-19,2026-09-19,,,https://www.huodongxing.com/event/3878757692200,,免费,活动行,广东省,深圳,活动行平台支付/报名
大湾区酒店供应链资产高峰论坛暨“盟订酒店联盟”合作峰会-萨维尔第11届·聚势湾区,,2026-09-19,2026-09-19,,,https://www.huodongxing.com/event/7875009686511,,免费,活动行,广东省,深圳,活动行平台支付/报名
Al X Google Ads撬动独立站高ROl增长——全国巡回赋能实战沙龙·深圳站,,2026-09-19,2026-09-19,,,https://www.huodongxing.com/event/9876037366400,,免费,活动行,广东省,深圳,活动行平台支付/报名
龙岗木棉湾德州扑克模拟MTT、SNG竞技桌游,,网站导航 热门站点 全国站 北京站 上海站 广州站 深圳站 杭州站 武汉站 成都站 长沙站 精选推荐 首页 行业 生活 学习 找活动 找主办方 专题精选 人气榜 下载App 更多服务 找场地 活动百宝箱 主办方管理中心 主办方vip 活动行管家 大会解决方案 关注活动行 | 小程序 | 帮助中心 深圳 当前定位城市: 热门城市: 全国 北京 上海 广州 深圳 杭州 武汉 成都 长沙 南京 重庆 苏州 其它城市: 西安 郑州 厦门 天津 宁波 青岛 东莞 佛山 济南 珠海 合肥 福州 石家庄 昆明 查找更多城市 > 首页 分类 解决方案 场景方案 线上峰会/研讨会 从宣传推广、名单收集、直播互动、线下拍摄/导播、数据分析等一站式直播解决方案 活动行企业版 专为对品牌、数据安全要求较高的企业/商会协会/会展公司等打造的活动管理系统 数字云展厅 定制图文音视频展厅/元宇宙展厅，独立的展商详情页、商机收集等 私有化部署 快速私有化部署企业私有活动管理解决方案，支持阿里云、腾讯云、AWS等 免费创建 下载APP 业务合作 主办方中心 注册 / 登录 推荐 发现活动 人气榜 主办方 精选专题 意见反馈 回到顶部 城市: 全国 北京 上海 深圳 广州 杭州 成都 武汉 重庆 南京 苏州 长沙 西安 厦门 郑州 东莞 青岛 天津 宁波 昆明 香港 澳门 更多城市 分类: 时间: 全部 本周 本周末 1个月内 形式： 线下活动 线上活动 综合排序 最新发布 热门点击 最多参与 龙岗木棉湾德州扑克模拟MTT、SNG竞技桌游 08/31 周一 ~ 10/29 周四 广东深圳 深筹圈德州扑克 粉丝  140 深筹圈德州扑克 活动 31 粉丝 140 +关注 新型储能产业创新协同对接会 后天 15:00 广东深圳 深圳产学研合作促进会 粉丝  25610 深圳产学研合作促进会 活动 162 粉丝 25610 +关注 AI产业新机遇｜从企业AI转型，到企业出海新探索｜深圳站 09/19 周六 14:00 广东深圳 硅基动力 粉丝  37 硅基动力 活动 1 粉丝 37 +关注 【免费报名】芯片良率管理数智化升级 · 测试数据分析实战沙龙 10/15 周四 14:00 广东深圳 杭州芯翼科技有限公司 粉丝  4 杭州芯翼科技有限公司 活动 1 粉丝 4 +关注 2026深圳国际酒店家具与商用设计展-一展打通餐饮、酒店、家具、健康、跨境电商、生活方式及机械电子全产业链 10/13 周二 ~ 10/15 周四 广东深圳 享聚商展 粉丝  1093 享聚商展 活动 20 粉丝 1093 +关注 [指月.素心]中秋 做素月饼周六宝安免费公益活动 09/19 周六 14:00 广东深圳 以沫 粉丝  76 以沫 活动 3 粉丝 76 +关注 期权买卖方策略优劣大PK 09/20 周日 15:00 广东深圳 交易艺术汇 粉丝  1507 交易艺术汇 活动 68 粉丝 1507 +关注 跨境电商上市公司董事长首席评委亲临现场指导深圳首场投融资对接 10/15 周四 15:00 广东深圳 千达跨境电商创业加速服务平台 粉丝  1719 千达跨境电商创业加速服务平台 活动 27 粉丝 1719 +关注 AI，从技术创新到产业落地 --2026大湾区人工智能与产学研协同创新研讨会 09/19 周六 14:00 广东深圳 用户8364 粉丝  48 用户8364 活动 8 粉丝 48 +关注 第71期联帮桔参访：深圳西昊智能家居公司，现场对接人脉商机！欢迎报名参加 明天 14:00 广东深圳 行政联盟-行小政 粉丝  823 行政联盟-行小政 活动 63 粉丝 823 +关注 2026CBDF数字出海嘉年华 - 10.22场 · 深圳 10/22 周四 09:00 广东深圳 青文咨询 粉丝  9446 青文咨询 活动 36 粉丝 9446 +关注 ⌈新360行·产业π对⌋第十六期：海外社交媒体运营专场 明天 14:00 广东深圳 新360行·产业π对 粉丝  178 新360行·产业π对 活动 8 粉丝 178 +关注 【下午专场路演与资本】AIZQ2026AI硬件出海生态投融资大会 09/23 周三 14:00 广东深圳 AIZQ知穹传媒 粉丝  8241 AIZQ知穹传媒 活动 12 粉丝 8241 +关注 早鸟特惠 【云上硬核・智胜全球】2026AI硬件出海合规与智能化实践闭门交流会 09/23 周三 13:30 广东深圳 AIZQ知穹传媒 粉丝  8241 AIZQ知穹传媒 活动 12 粉丝 8241 +关注 【硬核出海.资本同航】AIZQ2026AI硬件出海生态投融资大会 09/23 周三 09:00 广东深圳 AIZQ知穹传媒 粉丝  8241 AIZQ知穹传媒 活动 12 粉丝 8241 +关注 早鸟特惠 9月20 创业项目路演 · 深圳 09/20 周日 14:00 广东深圳 深圳梦想城 粉丝  1435 深圳梦想城 活动 107 粉丝 1435 +关注 2026中国旅游住宿业论坛大湾区合作大会 10/13 周二 09:00 广东深圳 上海博华国际展览有限公司 粉丝  4366 上海博华国际展览有限公司 活动 116 粉丝 4366 +关注 AI 开发者夜校 | 智能体开发实战培训 09/23 周三 19:30 广东深圳 极视角科技股份有限公司 粉丝  8671 极视角科技股份有限公司 活动 43 粉丝 8671 +关注 跨境卖家闭门圆桌实战会|6位实战派专家——AIx产品xDTC一线操盘经验分享 09/23 周三 14:00 广东深圳 出海独立赞 粉丝  138 出海独立赞 活动 7 粉丝 138 +关注 备战黑五 筹备网一|深圳DTC品牌操盘手社群|深圳中秋聚会 09/23 周三 18:30 广东深圳 深圳DTC品牌操盘手社群 粉丝  1111 深圳DTC品牌操盘手社群 活动 25 粉丝 1111 +关注,,,,https://www.huodongxing.com/event/4876304793412,,免费,活动行,广东省,深圳,活动行平台支付/报名
新型储能产业创新协同对接会,,网站导航 热门站点 全国站 北京站 上海站 广州站 深圳站 杭州站 武汉站 成都站 长沙站 精选推荐 首页 行业 生活 学习 找活动 找主办方 专题精选 人气榜 下载App 更多服务 找场地 活动百宝箱 主办方管理中心 主办方vip 活动行管家 大会解决方案 关注活动行 | 小程序 | 帮助中心 深圳 当前定位城市: 热门城市: 全国 北京 上海 广州 深圳 杭州 武汉 成都 长沙 南京 重庆 苏州 其它城市: 西安 郑州 厦门 天津 宁波 青岛 东莞 佛山 济南 珠海 合肥 福州 石家庄 昆明 查找更多城市 > 首页 分类 解决方案 场景方案 线上峰会/研讨会 从宣传推广、名单收集、直播互动、线下拍摄/导播、数据分析等一站式直播解决方案 活动行企业版 专为对品牌、数据安全要求较高的企业/商会协会/会展公司等打造的活动管理系统 数字云展厅 定制图文音视频展厅/元宇宙展厅，独立的展商详情页、商机收集等 私有化部署 快速私有化部署企业私有活动管理解决方案，支持阿里云、腾讯云、AWS等 免费创建 下载APP 业务合作 主办方中心 注册 / 登录 推荐 发现活动 人气榜 主办方 精选专题 意见反馈 回到顶部 城市: 全国 北京 上海 深圳 广州 杭州 成都 武汉 重庆 南京 苏州 长沙 西安 厦门 郑州 东莞 青岛 天津 宁波 昆明 香港 澳门 更多城市 分类: 时间: 全部 本周 本周末 1个月内 形式： 线下活动 线上活动 综合排序 最新发布 热门点击 最多参与 龙岗木棉湾德州扑克模拟MTT、SNG竞技桌游 08/31 周一 ~ 10/29 周四 广东深圳 深筹圈德州扑克 粉丝  140 深筹圈德州扑克 活动 31 粉丝 140 +关注 新型储能产业创新协同对接会 后天 15:00 广东深圳 深圳产学研合作促进会 粉丝  25610 深圳产学研合作促进会 活动 162 粉丝 25610 +关注 AI产业新机遇｜从企业AI转型，到企业出海新探索｜深圳站 09/19 周六 14:00 广东深圳 硅基动力 粉丝  37 硅基动力 活动 1 粉丝 37 +关注 【免费报名】芯片良率管理数智化升级 · 测试数据分析实战沙龙 10/15 周四 14:00 广东深圳 杭州芯翼科技有限公司 粉丝  4 杭州芯翼科技有限公司 活动 1 粉丝 4 +关注 2026深圳国际酒店家具与商用设计展-一展打通餐饮、酒店、家具、健康、跨境电商、生活方式及机械电子全产业链 10/13 周二 ~ 10/15 周四 广东深圳 享聚商展 粉丝  1093 享聚商展 活动 20 粉丝 1093 +关注 [指月.素心]中秋 做素月饼周六宝安免费公益活动 09/19 周六 14:00 广东深圳 以沫 粉丝  76 以沫 活动 3 粉丝 76 +关注 期权买卖方策略优劣大PK 09/20 周日 15:00 广东深圳 交易艺术汇 粉丝  1507 交易艺术汇 活动 68 粉丝 1507 +关注 跨境电商上市公司董事长首席评委亲临现场指导深圳首场投融资对接 10/15 周四 15:00 广东深圳 千达跨境电商创业加速服务平台 粉丝  1719 千达跨境电商创业加速服务平台 活动 27 粉丝 1719 +关注 AI，从技术创新到产业落地 --2026大湾区人工智能与产学研协同创新研讨会 09/19 周六 14:00 广东深圳 用户8364 粉丝  48 用户8364 活动 8 粉丝 48 +关注 第71期联帮桔参访：深圳西昊智能家居公司，现场对接人脉商机！欢迎报名参加 明天 14:00 广东深圳 行政联盟-行小政 粉丝  823 行政联盟-行小政 活动 63 粉丝 823 +关注 2026CBDF数字出海嘉年华 - 10.22场 · 深圳 10/22 周四 09:00 广东深圳 青文咨询 粉丝  9446 青文咨询 活动 36 粉丝 9446 +关注 ⌈新360行·产业π对⌋第十六期：海外社交媒体运营专场 明天 14:00 广东深圳 新360行·产业π对 粉丝  178 新360行·产业π对 活动 8 粉丝 178 +关注 【下午专场路演与资本】AIZQ2026AI硬件出海生态投融资大会 09/23 周三 14:00 广东深圳 AIZQ知穹传媒 粉丝  8241 AIZQ知穹传媒 活动 12 粉丝 8241 +关注 早鸟特惠 【云上硬核・智胜全球】2026AI硬件出海合规与智能化实践闭门交流会 09/23 周三 13:30 广东深圳 AIZQ知穹传媒 粉丝  8241 AIZQ知穹传媒 活动 12 粉丝 8241 +关注 【硬核出海.资本同航】AIZQ2026AI硬件出海生态投融资大会 09/23 周三 09:00 广东深圳 AIZQ知穹传媒 粉丝  8241 AIZQ知穹传媒 活动 12 粉丝 8241 +关注 早鸟特惠 9月20 创业项目路演 · 深圳 09/20 周日 14:00 广东深圳 深圳梦想城 粉丝  1435 深圳梦想城 活动 107 粉丝 1435 +关注 2026中国旅游住宿业论坛大湾区合作大会 10/13 周二 09:00 广东深圳 上海博华国际展览有限公司 粉丝  4366 上海博华国际展览有限公司 活动 116 粉丝 4366 +关注 AI 开发者夜校 | 智能体开发实战培训 09/23 周三 19:30 广东深圳 极视角科技股份有限公司 粉丝  8671 极视角科技股份有限公司 活动 43 粉丝 8671 +关注 跨境卖家闭门圆桌实战会|6位实战派专家——AIx产品xDTC一线操盘经验分享 09/23 周三 14:00 广东深圳 出海独立赞 粉丝  138 出海独立赞 活动 7 粉丝 138 +关注 备战黑五 筹备网一|深圳DTC品牌操盘手社群|深圳中秋聚会 09/23 周三 18:30 广东深圳 深圳DTC品牌操盘手社群 粉丝  1111 深圳DTC品牌操盘手社群 活动 25 粉丝 1111 +关注,,,,https://www.huodongxing.com/event/2878499593200,,免费,活动行,广东省,深圳,活动行平台支付/报名
AI产业新机遇｜从企业AI转型，到企业出海新探索｜深圳站,,网站导航 热门站点 全国站 北京站 上海站 广州站 深圳站 杭州站 武汉站 成都站 长沙站 精选推荐 首页 行业 生活 学习 找活动 找主办方 专题精选 人气榜 下载App 更多服务 找场地 活动百宝箱 主办方管理中心 主办方vip 活动行管家 大会解决方案 关注活动行 | 小程序 | 帮助中心 深圳 当前定位城市: 热门城市: 全国 北京 上海 广州 深圳 杭州 武汉 成都 长沙 南京 重庆 苏州 其它城市: 西安 郑州 厦门 天津 宁波 青岛 东莞 佛山 济南 珠海 合肥 福州 石家庄 昆明 查找更多城市 > 首页 分类 解决方案 场景方案 线上峰会/研讨会 从宣传推广、名单收集、直播互动、线下拍摄/导播、数据分析等一站式直播解决方案 活动行企业版 专为对品牌、数据安全要求较高的企业/商会协会/会展公司等打造的活动管理系统 数字云展厅 定制图文音视频展厅/元宇宙展厅，独立的展商详情页、商机收集等 私有化部署 快速私有化部署企业私有活动管理解决方案，支持阿里云、腾讯云、AWS等 免费创建 下载APP 业务合作 主办方中心 注册 / 登录 推荐 发现活动 人气榜 主办方 精选专题 意见反馈 回到顶部 城市: 全国 北京 上海 深圳 广州 杭州 成都 武汉 重庆 南京 苏州 长沙 西安 厦门 郑州 东莞 青岛 天津 宁波 昆明 香港 澳门 更多城市 分类: 时间: 全部 本周 本周末 1个月内 形式： 线下活动 线上活动 综合排序 最新发布 热门点击 最多参与 龙岗木棉湾德州扑克模拟MTT、SNG竞技桌游 08/31 周一 ~ 10/29 周四 广东深圳 深筹圈德州扑克 粉丝  140 深筹圈德州扑克 活动 31 粉丝 140 +关注 新型储能产业创新协同对接会 后天 15:00 广东深圳 深圳产学研合作促进会 粉丝  25610 深圳产学研合作促进会 活动 162 粉丝 25610 +关注 AI产业新机遇｜从企业AI转型，到企业出海新探索｜深圳站 09/19 周六 14:00 广东深圳 硅基动力 粉丝  37 硅基动力 活动 1 粉丝 37 +关注 【免费报名】芯片良率管理数智化升级 · 测试数据分析实战沙龙 10/15 周四 14:00 广东深圳 杭州芯翼科技有限公司 粉丝  4 杭州芯翼科技有限公司 活动 1 粉丝 4 +关注 2026深圳国际酒店家具与商用设计展-一展打通餐饮、酒店、家具、健康、跨境电商、生活方式及机械电子全产业链 10/13 周二 ~ 10/15 周四 广东深圳 享聚商展 粉丝  1093 享聚商展 活动 20 粉丝 1093 +关注 [指月.素心]中秋 做素月饼周六宝安免费公益活动 09/19 周六 14:00 广东深圳 以沫 粉丝  76 以沫 活动 3 粉丝 76 +关注 期权买卖方策略优劣大PK 09/20 周日 15:00 广东深圳 交易艺术汇 粉丝  1507 交易艺术汇 活动 68 粉丝 1507 +关注 跨境电商上市公司董事长首席评委亲临现场指导深圳首场投融资对接 10/15 周四 15:00 广东深圳 千达跨境电商创业加速服务平台 粉丝  1719 千达跨境电商创业加速服务平台 活动 27 粉丝 1719 +关注 AI，从技术创新到产业落地 --2026大湾区人工智能与产学研协同创新研讨会 09/19 周六 14:00 广东深圳 用户8364 粉丝  48 用户8364 活动 8 粉丝 48 +关注 第71期联帮桔参访：深圳西昊智能家居公司，现场对接人脉商机！欢迎报名参加 明天 14:00 广东深圳 行政联盟-行小政 粉丝  823 行政联盟-行小政 活动 63 粉丝 823 +关注 2026CBDF数字出海嘉年华 - 10.22场 · 深圳 10/22 周四 09:00 广东深圳 青文咨询 粉丝  9446 青文咨询 活动 36 粉丝 9446 +关注 ⌈新360行·产业π对⌋第十六期：海外社交媒体运营专场 明天 14:00 广东深圳 新360行·产业π对 粉丝  178 新360行·产业π对 活动 8 粉丝 178 +关注 【下午专场路演与资本】AIZQ2026AI硬件出海生态投融资大会 09/23 周三 14:00 广东深圳 AIZQ知穹传媒 粉丝  8241 AIZQ知穹传媒 活动 12 粉丝 8241 +关注 早鸟特惠 【云上硬核・智胜全球】2026AI硬件出海合规与智能化实践闭门交流会 09/23 周三 13:30 广东深圳 AIZQ知穹传媒 粉丝  8241 AIZQ知穹传媒 活动 12 粉丝 8241 +关注 【硬核出海.资本同航】AIZQ2026AI硬件出海生态投融资大会 09/23 周三 09:00 广东深圳 AIZQ知穹传媒 粉丝  8241 AIZQ知穹传媒 活动 12 粉丝 8241 +关注 早鸟特惠 9月20 创业项目路演 · 深圳 09/20 周日 14:00 广东深圳 深圳梦想城 粉丝  1435 深圳梦想城 活动 107 粉丝 1435 +关注 2026中国旅游住宿业论坛大湾区合作大会 10/13 周二 09:00 广东深圳 上海博华国际展览有限公司 粉丝  4366 上海博华国际展览有限公司 活动 116 粉丝 4366 +关注 AI 开发者夜校 | 智能体开发实战培训 09/23 周三 19:30 广东深圳 极视角科技股份有限公司 粉丝  8671 极视角科技股份有限公司 活动 43 粉丝 8671 +关注 跨境卖家闭门圆桌实战会|6位实战派专家——AIx产品xDTC一线操盘经验分享 09/23 周三 14:00 广东深圳 出海独立赞 粉丝  138 出海独立赞 活动 7 粉丝 138 +关注 备战黑五 筹备网一|深圳DTC品牌操盘手社群|深圳中秋聚会 09/23 周三 18:30 广东深圳 深圳DTC品牌操盘手社群 粉丝  1111 深圳DTC品牌操盘手社群 活动 25 粉丝 1111 +关注,,,,https://www.huodongxing.com/event/1878067112000,,免费,活动行,广东省,深圳,活动行平台支付/报名
【免费报名】芯片良率管理数智化升级 · 测试数据分析实战沙龙,,网站导航 热门站点 全国站 北京站 上海站 广州站 深圳站 杭州站 武汉站 成都站 长沙站 精选推荐 首页 行业 生活 学习 找活动 找主办方 专题精选 人气榜 下载App 更多服务 找场地 活动百宝箱 主办方管理中心 主办方vip 活动行管家 大会解决方案 关注活动行 | 小程序 | 帮助中心 深圳 当前定位城市: 热门城市: 全国 北京 上海 广州 深圳 杭州 武汉 成都 长沙 南京 重庆 苏州 其它城市: 西安 郑州 厦门 天津 宁波 青岛 东莞 佛山 济南 珠海 合肥 福州 石家庄 昆明 查找更多城市 > 首页 分类 解决方案 场景方案 线上峰会/研讨会 从宣传推广、名单收集、直播互动、线下拍摄/导播、数据分析等一站式直播解决方案 活动行企业版 专为对品牌、数据安全要求较高的企业/商会协会/会展公司等打造的活动管理系统 数字云展厅 定制图文音视频展厅/元宇宙展厅，独立的展商详情页、商机收集等 私有化部署 快速私有化部署企业私有活动管理解决方案，支持阿里云、腾讯云、AWS等 免费创建 下载APP 业务合作 主办方中心 注册 / 登录 推荐 发现活动 人气榜 主办方 精选专题 意见反馈 回到顶部 城市: 全国 北京 上海 深圳 广州 杭州 成都 武汉 重庆 南京 苏州 长沙 西安 厦门 郑州 东莞 青岛 天津 宁波 昆明 香港 澳门 更多城市 分类: 时间: 全部 本周 本周末 1个月内 形式： 线下活动 线上活动 综合排序 最新发布 热门点击 最多参与 龙岗木棉湾德州扑克模拟MTT、SNG竞技桌游 08/31 周一 ~ 10/29 周四 广东深圳 深筹圈德州扑克 粉丝  140 深筹圈德州扑克 活动 31 粉丝 140 +关注 新型储能产业创新协同对接会 后天 15:00 广东深圳 深圳产学研合作促进会 粉丝  25610 深圳产学研合作促进会 活动 162 粉丝 25610 +关注 AI产业新机遇｜从企业AI转型，到企业出海新探索｜深圳站 09/19 周六 14:00 广东深圳 硅基动力 粉丝  37 硅基动力 活动 1 粉丝 37 +关注 【免费报名】芯片良率管理数智化升级 · 测试数据分析实战沙龙 10/15 周四 14:00 广东深圳 杭州芯翼科技有限公司 粉丝  4 杭州芯翼科技有限公司 活动 1 粉丝 4 +关注 2026深圳国际酒店家具与商用设计展-一展打通餐饮、酒店、家具、健康、跨境电商、生活方式及机械电子全产业链 10/13 周二 ~ 10/15 周四 广东深圳 享聚商展 粉丝  1093 享聚商展 活动 20 粉丝 1093 +关注 [指月.素心]中秋 做素月饼周六宝安免费公益活动 09/19 周六 14:00 广东深圳 以沫 粉丝  76 以沫 活动 3 粉丝 76 +关注 期权买卖方策略优劣大PK 09/20 周日 15:00 广东深圳 交易艺术汇 粉丝  1507 交易艺术汇 活动 68 粉丝 1507 +关注 跨境电商上市公司董事长首席评委亲临现场指导深圳首场投融资对接 10/15 周四 15:00 广东深圳 千达跨境电商创业加速服务平台 粉丝  1719 千达跨境电商创业加速服务平台 活动 27 粉丝 1719 +关注 AI，从技术创新到产业落地 --2026大湾区人工智能与产学研协同创新研讨会 09/19 周六 14:00 广东深圳 用户8364 粉丝  48 用户8364 活动 8 粉丝 48 +关注 第71期联帮桔参访：深圳西昊智能家居公司，现场对接人脉商机！欢迎报名参加 明天 14:00 广东深圳 行政联盟-行小政 粉丝  823 行政联盟-行小政 活动 63 粉丝 823 +关注 2026CBDF数字出海嘉年华 - 10.22场 · 深圳 10/22 周四 09:00 广东深圳 青文咨询 粉丝  9446 青文咨询 活动 36 粉丝 9446 +关注 ⌈新360行·产业π对⌋第十六期：海外社交媒体运营专场 明天 14:00 广东深圳 新360行·产业π对 粉丝  178 新360行·产业π对 活动 8 粉丝 178 +关注 【下午专场路演与资本】AIZQ2026AI硬件出海生态投融资大会 09/23 周三 14:00 广东深圳 AIZQ知穹传媒 粉丝  8241 AIZQ知穹传媒 活动 12 粉丝 8241 +关注 早鸟特惠 【云上硬核・智胜全球】2026AI硬件出海合规与智能化实践闭门交流会 09/23 周三 13:30 广东深圳 AIZQ知穹传媒 粉丝  8241 AIZQ知穹传媒 活动 12 粉丝 8241 +关注 【硬核出海.资本同航】AIZQ2026AI硬件出海生态投融资大会 09/23 周三 09:00 广东深圳 AIZQ知穹传媒 粉丝  8241 AIZQ知穹传媒 活动 12 粉丝 8241 +关注 早鸟特惠 9月20 创业项目路演 · 深圳 09/20 周日 14:00 广东深圳 深圳梦想城 粉丝  1435 深圳梦想城 活动 107 粉丝 1435 +关注 2026中国旅游住宿业论坛大湾区合作大会 10/13 周二 09:00 广东深圳 上海博华国际展览有限公司 粉丝  4366 上海博华国际展览有限公司 活动 116 粉丝 4366 +关注 AI 开发者夜校 | 智能体开发实战培训 09/23 周三 19:30 广东深圳 极视角科技股份有限公司 粉丝  8671 极视角科技股份有限公司 活动 43 粉丝 8671 +关注 跨境卖家闭门圆桌实战会|6位实战派专家——AIx产品xDTC一线操盘经验分享 09/23 周三 14:00 广东深圳 出海独立赞 粉丝  138 出海独立赞 活动 7 粉丝 138 +关注 备战黑五 筹备网一|深圳DTC品牌操盘手社群|深圳中秋聚会 09/23 周三 18:30 广东深圳 深圳DTC品牌操盘手社群 粉丝  1111 深圳DTC品牌操盘手社群 活动 25 粉丝 1111 +关注,,,,https://www.huodongxing.com/event/5876762603200,,免费,活动行,广东省,深圳,活动行平台支付/报名
2026深圳国际酒店家具与商用设计展-一展打通餐饮、酒店、家具、健康、跨境电商、生活方式及机械电子全产业链,,网站导航 热门站点 全国站 北京站 上海站 广州站 深圳站 杭州站 武汉站 成都站 长沙站 精选推荐 首页 行业 生活 学习 找活动 找主办方 专题精选 人气榜 下载App 更多服务 找场地 活动百宝箱 主办方管理中心 主办方vip 活动行管家 大会解决方案 关注活动行 | 小程序 | 帮助中心 深圳 当前定位城市: 热门城市: 全国 北京 上海 广州 深圳 杭州 武汉 成都 长沙 南京 重庆 苏州 其它城市: 西安 郑州 厦门 天津 宁波 青岛 东莞 佛山 济南 珠海 合肥 福州 石家庄 昆明 查找更多城市 > 首页 分类 解决方案 场景方案 线上峰会/研讨会 从宣传推广、名单收集、直播互动、线下拍摄/导播、数据分析等一站式直播解决方案 活动行企业版 专为对品牌、数据安全要求较高的企业/商会协会/会展公司等打造的活动管理系统 数字云展厅 定制图文音视频展厅/元宇宙展厅，独立的展商详情页、商机收集等 私有化部署 快速私有化部署企业私有活动管理解决方案，支持阿里云、腾讯云、AWS等 免费创建 下载APP 业务合作 主办方中心 注册 / 登录 推荐 发现活动 人气榜 主办方 精选专题 意见反馈 回到顶部 城市: 全国 北京 上海 深圳 广州 杭州 成都 武汉 重庆 南京 苏州 长沙 西安 厦门 郑州 东莞 青岛 天津 宁波 昆明 香港 澳门 更多城市 分类: 时间: 全部 本周 本周末 1个月内 形式： 线下活动 线上活动 综合排序 最新发布 热门点击 最多参与 龙岗木棉湾德州扑克模拟MTT、SNG竞技桌游 08/31 周一 ~ 10/29 周四 广东深圳 深筹圈德州扑克 粉丝  140 深筹圈德州扑克 活动 31 粉丝 140 +关注 新型储能产业创新协同对接会 后天 15:00 广东深圳 深圳产学研合作促进会 粉丝  25610 深圳产学研合作促进会 活动 162 粉丝 25610 +关注 AI产业新机遇｜从企业AI转型，到企业出海新探索｜深圳站 09/19 周六 14:00 广东深圳 硅基动力 粉丝  37 硅基动力 活动 1 粉丝 37 +关注 【免费报名】芯片良率管理数智化升级 · 测试数据分析实战沙龙 10/15 周四 14:00 广东深圳 杭州芯翼科技有限公司 粉丝  4 杭州芯翼科技有限公司 活动 1 粉丝 4 +关注 2026深圳国际酒店家具与商用设计展-一展打通餐饮、酒店、家具、健康、跨境电商、生活方式及机械电子全产业链 10/13 周二 ~ 10/15 周四 广东深圳 享聚商展 粉丝  1093 享聚商展 活动 20 粉丝 1093 +关注 [指月.素心]中秋 做素月饼周六宝安免费公益活动 09/19 周六 14:00 广东深圳 以沫 粉丝  76 以沫 活动 3 粉丝 76 +关注 期权买卖方策略优劣大PK 09/20 周日 15:00 广东深圳 交易艺术汇 粉丝  1507 交易艺术汇 活动 68 粉丝 1507 +关注 跨境电商上市公司董事长首席评委亲临现场指导深圳首场投融资对接 10/15 周四 15:00 广东深圳 千达跨境电商创业加速服务平台 粉丝  1719 千达跨境电商创业加速服务平台 活动 27 粉丝 1719 +关注 AI，从技术创新到产业落地 --2026大湾区人工智能与产学研协同创新研讨会 09/19 周六 14:00 广东深圳 用户8364 粉丝  48 用户8364 活动 8 粉丝 48 +关注 第71期联帮桔参访：深圳西昊智能家居公司，现场对接人脉商机！欢迎报名参加 明天 14:00 广东深圳 行政联盟-行小政 粉丝  823 行政联盟-行小政 活动 63 粉丝 823 +关注 2026CBDF数字出海嘉年华 - 10.22场 · 深圳 10/22 周四 09:00 广东深圳 青文咨询 粉丝  9446 青文咨询 活动 36 粉丝 9446 +关注 ⌈新360行·产业π对⌋第十六期：海外社交媒体运营专场 明天 14:00 广东深圳 新360行·产业π对 粉丝  178 新360行·产业π对 活动 8 粉丝 178 +关注 【下午专场路演与资本】AIZQ2026AI硬件出海生态投融资大会 09/23 周三 14:00 广东深圳 AIZQ知穹传媒 粉丝  8241 AIZQ知穹传媒 活动 12 粉丝 8241 +关注 早鸟特惠 【云上硬核・智胜全球】2026AI硬件出海合规与智能化实践闭门交流会 09/23 周三 13:30 广东深圳 AIZQ知穹传媒 粉丝  8241 AIZQ知穹传媒 活动 12 粉丝 8241 +关注 【硬核出海.资本同航】AIZQ2026AI硬件出海生态投融资大会 09/23 周三 09:00 广东深圳 AIZQ知穹传媒 粉丝  8241 AIZQ知穹传媒 活动 12 粉丝 8241 +关注 早鸟特惠 9月20 创业项目路演 · 深圳 09/20 周日 14:00 广东深圳 深圳梦想城 粉丝  1435 深圳梦想城 活动 107 粉丝 1435 +关注 2026中国旅游住宿业论坛大湾区合作大会 10/13 周二 09:00 广东深圳 上海博华国际展览有限公司 粉丝  4366 上海博华国际展览有限公司 活动 116 粉丝 4366 +关注 AI 开发者夜校 | 智能体开发实战培训 09/23 周三 19:30 广东深圳 极视角科技股份有限公司 粉丝  8671 极视角科技股份有限公司 活动 43 粉丝 8671 +关注 跨境卖家闭门圆桌实战会|6位实战派专家——AIx产品xDTC一线操盘经验分享 09/23 周三 14:00 广东深圳 出海独立赞 粉丝  138 出海独立赞 活动 7 粉丝 138 +关注 备战黑五 筹备网一|深圳DTC品牌操盘手社群|深圳中秋聚会 09/23 周三 18:30 广东深圳 深圳DTC品牌操盘手社群 粉丝  1111 深圳DTC品牌操盘手社群 活动 25 粉丝 1111 +关注,,,,https://www.huodongxing.com/event/6873583211100,,免费,活动行,广东省,深圳,活动行平台支付/报名
[指月.素心]中秋 做素月饼周六宝安免费公益活动,,网站导航 热门站点 全国站 北京站 上海站 广州站 深圳站 杭州站 武汉站 成都站 长沙站 精选推荐 首页 行业 生活 学习 找活动 找主办方 专题精选 人气榜 下载App 更多服务 找场地 活动百宝箱 主办方管理中心 主办方vip 活动行管家 大会解决方案 关注活动行 | 小程序 | 帮助中心 深圳 当前定位城市: 热门城市: 全国 北京 上海 广州 深圳 杭州 武汉 成都 长沙 南京 重庆 苏州 其它城市: 西安 郑州 厦门 天津 宁波 青岛 东莞 佛山 济南 珠海 合肥 福州 石家庄 昆明 查找更多城市 > 首页 分类 解决方案 场景方案 线上峰会/研讨会 从宣传推广、名单收集、直播互动、线下拍摄/导播、数据分析等一站式直播解决方案 活动行企业版 专为对品牌、数据安全要求较高的企业/商会协会/会展公司等打造的活动管理系统 数字云展厅 定制图文音视频展厅/元宇宙展厅，独立的展商详情页、商机收集等 私有化部署 快速私有化部署企业私有活动管理解决方案，支持阿里云、腾讯云、AWS等 免费创建 下载APP 业务合作 主办方中心 注册 / 登录 推荐 发现活动 人气榜 主办方 精选专题 意见反馈 回到顶部 城市: 全国 北京 上海 深圳 广州 杭州 成都 武汉 重庆 南京 苏州 长沙 西安 厦门 郑州 东莞 青岛 天津 宁波 昆明 香港 澳门 更多城市 分类: 时间: 全部 本周 本周末 1个月内 形式： 线下活动 线上活动 综合排序 最新发布 热门点击 最多参与 龙岗木棉湾德州扑克模拟MTT、SNG竞技桌游 08/31 周一 ~ 10/29 周四 广东深圳 深筹圈德州扑克 粉丝  140 深筹圈德州扑克 活动 31 粉丝 140 +关注 新型储能产业创新协同对接会 后天 15:00 广东深圳 深圳产学研合作促进会 粉丝  25610 深圳产学研合作促进会 活动 162 粉丝 25610 +关注 AI产业新机遇｜从企业AI转型，到企业出海新探索｜深圳站 09/19 周六 14:00 广东深圳 硅基动力 粉丝  37 硅基动力 活动 1 粉丝 37 +关注 【免费报名】芯片良率管理数智化升级 · 测试数据分析实战沙龙 10/15 周四 14:00 广东深圳 杭州芯翼科技有限公司 粉丝  4 杭州芯翼科技有限公司 活动 1 粉丝 4 +关注 2026深圳国际酒店家具与商用设计展-一展打通餐饮、酒店、家具、健康、跨境电商、生活方式及机械电子全产业链 10/13 周二 ~ 10/15 周四 广东深圳 享聚商展 粉丝  1093 享聚商展 活动 20 粉丝 1093 +关注 [指月.素心]中秋 做素月饼周六宝安免费公益活动 09/19 周六 14:00 广东深圳 以沫 粉丝  76 以沫 活动 3 粉丝 76 +关注 期权买卖方策略优劣大PK 09/20 周日 15:00 广东深圳 交易艺术汇 粉丝  1507 交易艺术汇 活动 68 粉丝 1507 +关注 跨境电商上市公司董事长首席评委亲临现场指导深圳首场投融资对接 10/15 周四 15:00 广东深圳 千达跨境电商创业加速服务平台 粉丝  1719 千达跨境电商创业加速服务平台 活动 27 粉丝 1719 +关注 AI，从技术创新到产业落地 --2026大湾区人工智能与产学研协同创新研讨会 09/19 周六 14:00 广东深圳 用户8364 粉丝  48 用户8364 活动 8 粉丝 48 +关注 第71期联帮桔参访：深圳西昊智能家居公司，现场对接人脉商机！欢迎报名参加 明天 14:00 广东深圳 行政联盟-行小政 粉丝  823 行政联盟-行小政 活动 63 粉丝 823 +关注 2026CBDF数字出海嘉年华 - 10.22场 · 深圳 10/22 周四 09:00 广东深圳 青文咨询 粉丝  9446 青文咨询 活动 36 粉丝 9446 +关注 ⌈新360行·产业π对⌋第十六期：海外社交媒体运营专场 明天 14:00 广东深圳 新360行·产业π对 粉丝  178 新360行·产业π对 活动 8 粉丝 178 +关注 【下午专场路演与资本】AIZQ2026AI硬件出海生态投融资大会 09/23 周三 14:00 广东深圳 AIZQ知穹传媒 粉丝  8241 AIZQ知穹传媒 活动 12 粉丝 8241 +关注 早鸟特惠 【云上硬核・智胜全球】2026AI硬件出海合规与智能化实践闭门交流会 09/23 周三 13:30 广东深圳 AIZQ知穹传媒 粉丝  8241 AIZQ知穹传媒 活动 12 粉丝 8241 +关注 【硬核出海.资本同航】AIZQ2026AI硬件出海生态投融资大会 09/23 周三 09:00 广东深圳 AIZQ知穹传媒 粉丝  8241 AIZQ知穹传媒 活动 12 粉丝 8241 +关注 早鸟特惠 9月20 创业项目路演 · 深圳 09/20 周日 14:00 广东深圳 深圳梦想城 粉丝  1435 深圳梦想城 活动 107 粉丝 1435 +关注 2026中国旅游住宿业论坛大湾区合作大会 10/13 周二 09:00 广东深圳 上海博华国际展览有限公司 粉丝  4366 上海博华国际展览有限公司 活动 116 粉丝 4366 +关注 AI 开发者夜校 | 智能体开发实战培训 09/23 周三 19:30 广东深圳 极视角科技股份有限公司 粉丝  8671 极视角科技股份有限公司 活动 43 粉丝 8671 +关注 跨境卖家闭门圆桌实战会|6位实战派专家——AIx产品xDTC一线操盘经验分享 09/23 周三 14:00 广东深圳 出海独立赞 粉丝  138 出海独立赞 活动 7 粉丝 138 +关注 备战黑五 筹备网一|深圳DTC品牌操盘手社群|深圳中秋聚会 09/23 周三 18:30 广东深圳 深圳DTC品牌操盘手社群 粉丝  1111 深圳DTC品牌操盘手社群 活动 25 粉丝 1111 +关注,,,,https://www.huodongxing.com/event/9878770016400,,免费,活动行,广东省,深圳,活动行平台支付/报名
期权买卖方策略优劣大PK,,网站导航 热门站点 全国站 北京站 上海站 广州站 深圳站 杭州站 武汉站 成都站 长沙站 精选推荐 首页 行业 生活 学习 找活动 找主办方 专题精选 人气榜 下载App 更多服务 找场地 活动百宝箱 主办方管理中心 主办方vip 活动行管家 大会解决方案 关注活动行 | 小程序 | 帮助中心 深圳 当前定位城市: 热门城市: 全国 北京 上海 广州 深圳 杭州 武汉 成都 长沙 南京 重庆 苏州 其它城市: 西安 郑州 厦门 天津 宁波 青岛 东莞 佛山 济南 珠海 合肥 福州 石家庄 昆明 查找更多城市 > 首页 分类 解决方案 场景方案 线上峰会/研讨会 从宣传推广、名单收集、直播互动、线下拍摄/导播、数据分析等一站式直播解决方案 活动行企业版 专为对品牌、数据安全要求较高的企业/商会协会/会展公司等打造的活动管理系统 数字云展厅 定制图文音视频展厅/元宇宙展厅，独立的展商详情页、商机收集等 私有化部署 快速私有化部署企业私有活动管理解决方案，支持阿里云、腾讯云、AWS等 免费创建 下载APP 业务合作 主办方中心 注册 / 登录 推荐 发现活动 人气榜 主办方 精选专题 意见反馈 回到顶部 城市: 全国 北京 上海 深圳 广州 杭州 成都 武汉 重庆 南京 苏州 长沙 西安 厦门 郑州 东莞 青岛 天津 宁波 昆明 香港 澳门 更多城市 分类: 时间: 全部 本周 本周末 1个月内 形式： 线下活动 线上活动 综合排序 最新发布 热门点击 最多参与 龙岗木棉湾德州扑克模拟MTT、SNG竞技桌游 08/31 周一 ~ 10/29 周四 广东深圳 深筹圈德州扑克 粉丝  140 深筹圈德州扑克 活动 31 粉丝 140 +关注 新型储能产业创新协同对接会 后天 15:00 广东深圳 深圳产学研合作促进会 粉丝  25610 深圳产学研合作促进会 活动 162 粉丝 25610 +关注 AI产业新机遇｜从企业AI转型，到企业出海新探索｜深圳站 09/19 周六 14:00 广东深圳 硅基动力 粉丝  37 硅基动力 活动 1 粉丝 37 +关注 【免费报名】芯片良率管理数智化升级 · 测试数据分析实战沙龙 10/15 周四 14:00 广东深圳 杭州芯翼科技有限公司 粉丝  4 杭州芯翼科技有限公司 活动 1 粉丝 4 +关注 2026深圳国际酒店家具与商用设计展-一展打通餐饮、酒店、家具、健康、跨境电商、生活方式及机械电子全产业链 10/13 周二 ~ 10/15 周四 广东深圳 享聚商展 粉丝  1093 享聚商展 活动 20 粉丝 1093 +关注 [指月.素心]中秋 做素月饼周六宝安免费公益活动 09/19 周六 14:00 广东深圳 以沫 粉丝  76 以沫 活动 3 粉丝 76 +关注 期权买卖方策略优劣大PK 09/20 周日 15:00 广东深圳 交易艺术汇 粉丝  1507 交易艺术汇 活动 68 粉丝 1507 +关注 跨境电商上市公司董事长首席评委亲临现场指导深圳首场投融资对接 10/15 周四 15:00 广东深圳 千达跨境电商创业加速服务平台 粉丝  1719 千达跨境电商创业加速服务平台 活动 27 粉丝 1719 +关注 AI，从技术创新到产业落地 --2026大湾区人工智能与产学研协同创新研讨会 09/19 周六 14:00 广东深圳 用户8364 粉丝  48 用户8364 活动 8 粉丝 48 +关注 第71期联帮桔参访：深圳西昊智能家居公司，现场对接人脉商机！欢迎报名参加 明天 14:00 广东深圳 行政联盟-行小政 粉丝  823 行政联盟-行小政 活动 63 粉丝 823 +关注 2026CBDF数字出海嘉年华 - 10.22场 · 深圳 10/22 周四 09:00 广东深圳 青文咨询 粉丝  9446 青文咨询 活动 36 粉丝 9446 +关注 ⌈新360行·产业π对⌋第十六期：海外社交媒体运营专场 明天 14:00 广东深圳 新360行·产业π对 粉丝  178 新360行·产业π对 活动 8 粉丝 178 +关注 【下午专场路演与资本】AIZQ2026AI硬件出海生态投融资大会 09/23 周三 14:00 广东深圳 AIZQ知穹传媒 粉丝  8241 AIZQ知穹传媒 活动 12 粉丝 8241 +关注 早鸟特惠 【云上硬核・智胜全球】2026AI硬件出海合规与智能化实践闭门交流会 09/23 周三 13:30 广东深圳 AIZQ知穹传媒 粉丝  8241 AIZQ知穹传媒 活动 12 粉丝 8241 +关注 【硬核出海.资本同航】AIZQ2026AI硬件出海生态投融资大会 09/23 周三 09:00 广东深圳 AIZQ知穹传媒 粉丝  8241 AIZQ知穹传媒 活动 12 粉丝 8241 +关注 早鸟特惠 9月20 创业项目路演 · 深圳 09/20 周日 14:00 广东深圳 深圳梦想城 粉丝  1435 深圳梦想城 活动 107 粉丝 1435 +关注 2026中国旅游住宿业论坛大湾区合作大会 10/13 周二 09:00 广东深圳 上海博华国际展览有限公司 粉丝  4366 上海博华国际展览有限公司 活动 116 粉丝 4366 +关注 AI 开发者夜校 | 智能体开发实战培训 09/23 周三 19:30 广东深圳 极视角科技股份有限公司 粉丝  8671 极视角科技股份有限公司 活动 43 粉丝 8671 +关注 跨境卖家闭门圆桌实战会|6位实战派专家——AIx产品xDTC一线操盘经验分享 09/23 周三 14:00 广东深圳 出海独立赞 粉丝  138 出海独立赞 活动 7 粉丝 138 +关注 备战黑五 筹备网一|深圳DTC品牌操盘手社群|深圳中秋聚会 09/23 周三 18:30 广东深圳 深圳DTC品牌操盘手社群 粉丝  1111 深圳DTC品牌操盘手社群 活动 25 粉丝 1111 +关注,,,,https://www.huodongxing.com/event/2878059919200,,免费,活动行,广东省,深圳,活动行平台支付/报名
跨境电商上市公司董事长首席评委亲临现场指导深圳首场投融资对接,,网站导航 热门站点 全国站 北京站 上海站 广州站 深圳站 杭州站 武汉站 成都站 长沙站 精选推荐 首页 行业 生活 学习 找活动 找主办方 专题精选 人气榜 下载App 更多服务 找场地 活动百宝箱 主办方管理中心 主办方vip 活动行管家 大会解决方案 关注活动行 | 小程序 | 帮助中心 深圳 当前定位城市: 热门城市: 全国 北京 上海 广州 深圳 杭州 武汉 成都 长沙 南京 重庆 苏州 其它城市: 西安 郑州 厦门 天津 宁波 青岛 东莞 佛山 济南 珠海 合肥 福州 石家庄 昆明 查找更多城市 > 首页 分类 解决方案 场景方案 线上峰会/研讨会 从宣传推广、名单收集、直播互动、线下拍摄/导播、数据分析等一站式直播解决方案 活动行企业版 专为对品牌、数据安全要求较高的企业/商会协会/会展公司等打造的活动管理系统 数字云展厅 定制图文音视频展厅/元宇宙展厅，独立的展商详情页、商机收集等 私有化部署 快速私有化部署企业私有活动管理解决方案，支持阿里云、腾讯云、AWS等 免费创建 下载APP 业务合作 主办方中心 注册 / 登录 推荐 发现活动 人气榜 主办方 精选专题 意见反馈 回到顶部 城市: 全国 北京 上海 深圳 广州 杭州 成都 武汉 重庆 南京 苏州 长沙 西安 厦门 郑州 东莞 青岛 天津 宁波 昆明 香港 澳门 更多城市 分类: 时间: 全部 本周 本周末 1个月内 形式： 线下活动 线上活动 综合排序 最新发布 热门点击 最多参与 龙岗木棉湾德州扑克模拟MTT、SNG竞技桌游 08/31 周一 ~ 10/29 周四 广东深圳 深筹圈德州扑克 粉丝  140 深筹圈德州扑克 活动 31 粉丝 140 +关注 新型储能产业创新协同对接会 后天 15:00 广东深圳 深圳产学研合作促进会 粉丝  25610 深圳产学研合作促进会 活动 162 粉丝 25610 +关注 AI产业新机遇｜从企业AI转型，到企业出海新探索｜深圳站 09/19 周六 14:00 广东深圳 硅基动力 粉丝  37 硅基动力 活动 1 粉丝 37 +关注 【免费报名】芯片良率管理数智化升级 · 测试数据分析实战沙龙 10/15 周四 14:00 广东深圳 杭州芯翼科技有限公司 粉丝  4 杭州芯翼科技有限公司 活动 1 粉丝 4 +关注 2026深圳国际酒店家具与商用设计展-一展打通餐饮、酒店、家具、健康、跨境电商、生活方式及机械电子全产业链 10/13 周二 ~ 10/15 周四 广东深圳 享聚商展 粉丝  1093 享聚商展 活动 20 粉丝 1093 +关注 [指月.素心]中秋 做素月饼周六宝安免费公益活动 09/19 周六 14:00 广东深圳 以沫 粉丝  76 以沫 活动 3 粉丝 76 +关注 期权买卖方策略优劣大PK 09/20 周日 15:00 广东深圳 交易艺术汇 粉丝  1507 交易艺术汇 活动 68 粉丝 1507 +关注 跨境电商上市公司董事长首席评委亲临现场指导深圳首场投融资对接 10/15 周四 15:00 广东深圳 千达跨境电商创业加速服务平台 粉丝  1719 千达跨境电商创业加速服务平台 活动 27 粉丝 1719 +关注 AI，从技术创新到产业落地 --2026大湾区人工智能与产学研协同创新研讨会 09/19 周六 14:00 广东深圳 用户8364 粉丝  48 用户8364 活动 8 粉丝 48 +关注 第71期联帮桔参访：深圳西昊智能家居公司，现场对接人脉商机！欢迎报名参加 明天 14:00 广东深圳 行政联盟-行小政 粉丝  823 行政联盟-行小政 活动 63 粉丝 823 +关注 2026CBDF数字出海嘉年华 - 10.22场 · 深圳 10/22 周四 09:00 广东深圳 青文咨询 粉丝  9446 青文咨询 活动 36 粉丝 9446 +关注 ⌈新360行·产业π对⌋第十六期：海外社交媒体运营专场 明天 14:00 广东深圳 新360行·产业π对 粉丝  178 新360行·产业π对 活动 8 粉丝 178 +关注 【下午专场路演与资本】AIZQ2026AI硬件出海生态投融资大会 09/23 周三 14:00 广东深圳 AIZQ知穹传媒 粉丝  8241 AIZQ知穹传媒 活动 12 粉丝 8241 +关注 早鸟特惠 【云上硬核・智胜全球】2026AI硬件出海合规与智能化实践闭门交流会 09/23 周三 13:30 广东深圳 AIZQ知穹传媒 粉丝  8241 AIZQ知穹传媒 活动 12 粉丝 8241 +关注 【硬核出海.资本同航】AIZQ2026AI硬件出海生态投融资大会 09/23 周三 09:00 广东深圳 AIZQ知穹传媒 粉丝  8241 AIZQ知穹传媒 活动 12 粉丝 8241 +关注 早鸟特惠 9月20 创业项目路演 · 深圳 09/20 周日 14:00 广东深圳 深圳梦想城 粉丝  1435 深圳梦想城 活动 107 粉丝 1435 +关注 2026中国旅游住宿业论坛大湾区合作大会 10/13 周二 09:00 广东深圳 上海博华国际展览有限公司 粉丝  4366 上海博华国际展览有限公司 活动 116 粉丝 4366 +关注 AI 开发者夜校 | 智能体开发实战培训 09/23 周三 19:30 广东深圳 极视角科技股份有限公司 粉丝  8671 极视角科技股份有限公司 活动 43 粉丝 8671 +关注 跨境卖家闭门圆桌实战会|6位实战派专家——AIx产品xDTC一线操盘经验分享 09/23 周三 14:00 广东深圳 出海独立赞 粉丝  138 出海独立赞 活动 7 粉丝 138 +关注 备战黑五 筹备网一|深圳DTC品牌操盘手社群|深圳中秋聚会 09/23 周三 18:30 广东深圳 深圳DTC品牌操盘手社群 粉丝  1111 深圳DTC品牌操盘手社群 活动 25 粉丝 1111 +关注,,,,https://www.huodongxing.com/event/4878498678000,,免费,活动行,广东省,深圳,活动行平台支付/报名
AI，从技术创新到产业落地 --2026大湾区人工智能与产学研协同创新研讨会,,网站导航 热门站点 全国站 北京站 上海站 广州站 深圳站 杭州站 武汉站 成都站 长沙站 精选推荐 首页 行业 生活 学习 找活动 找主办方 专题精选 人气榜 下载App 更多服务 找场地 活动百宝箱 主办方管理中心 主办方vip 活动行管家 大会解决方案 关注活动行 | 小程序 | 帮助中心 深圳 当前定位城市: 热门城市: 全国 北京 上海 广州 深圳 杭州 武汉 成都 长沙 南京 重庆 苏州 其它城市: 西安 郑州 厦门 天津 宁波 青岛 东莞 佛山 济南 珠海 合肥 福州 石家庄 昆明 查找更多城市 > 首页 分类 解决方案 场景方案 线上峰会/研讨会 从宣传推广、名单收集、直播互动、线下拍摄/导播、数据分析等一站式直播解决方案 活动行企业版 专为对品牌、数据安全要求较高的企业/商会协会/会展公司等打造的活动管理系统 数字云展厅 定制图文音视频展厅/元宇宙展厅，独立的展商详情页、商机收集等 私有化部署 快速私有化部署企业私有活动管理解决方案，支持阿里云、腾讯云、AWS等 免费创建 下载APP 业务合作 主办方中心 注册 / 登录 推荐 发现活动 人气榜 主办方 精选专题 意见反馈 回到顶部 城市: 全国 北京 上海 深圳 广州 杭州 成都 武汉 重庆 南京 苏州 长沙 西安 厦门 郑州 东莞 青岛 天津 宁波 昆明 香港 澳门 更多城市 分类: 时间: 全部 本周 本周末 1个月内 形式： 线下活动 线上活动 综合排序 最新发布 热门点击 最多参与 龙岗木棉湾德州扑克模拟MTT、SNG竞技桌游 08/31 周一 ~ 10/29 周四 广东深圳 深筹圈德州扑克 粉丝  140 深筹圈德州扑克 活动 31 粉丝 140 +关注 新型储能产业创新协同对接会 后天 15:00 广东深圳 深圳产学研合作促进会 粉丝  25610 深圳产学研合作促进会 活动 162 粉丝 25610 +关注 AI产业新机遇｜从企业AI转型，到企业出海新探索｜深圳站 09/19 周六 14:00 广东深圳 硅基动力 粉丝  37 硅基动力 活动 1 粉丝 37 +关注 【免费报名】芯片良率管理数智化升级 · 测试数据分析实战沙龙 10/15 周四 14:00 广东深圳 杭州芯翼科技有限公司 粉丝  4 杭州芯翼科技有限公司 活动 1 粉丝 4 +关注 2026深圳国际酒店家具与商用设计展-一展打通餐饮、酒店、家具、健康、跨境电商、生活方式及机械电子全产业链 10/13 周二 ~ 10/15 周四 广东深圳 享聚商展 粉丝  1093 享聚商展 活动 20 粉丝 1093 +关注 [指月.素心]中秋 做素月饼周六宝安免费公益活动 09/19 周六 14:00 广东深圳 以沫 粉丝  76 以沫 活动 3 粉丝 76 +关注 期权买卖方策略优劣大PK 09/20 周日 15:00 广东深圳 交易艺术汇 粉丝  1507 交易艺术汇 活动 68 粉丝 1507 +关注 跨境电商上市公司董事长首席评委亲临现场指导深圳首场投融资对接 10/15 周四 15:00 广东深圳 千达跨境电商创业加速服务平台 粉丝  1719 千达跨境电商创业加速服务平台 活动 27 粉丝 1719 +关注 AI，从技术创新到产业落地 --2026大湾区人工智能与产学研协同创新研讨会 09/19 周六 14:00 广东深圳 用户8364 粉丝  48 用户8364 活动 8 粉丝 48 +关注 第71期联帮桔参访：深圳西昊智能家居公司，现场对接人脉商机！欢迎报名参加 明天 14:00 广东深圳 行政联盟-行小政 粉丝  823 行政联盟-行小政 活动 63 粉丝 823 +关注 2026CBDF数字出海嘉年华 - 10.22场 · 深圳 10/22 周四 09:00 广东深圳 青文咨询 粉丝  9446 青文咨询 活动 36 粉丝 9446 +关注 ⌈新360行·产业π对⌋第十六期：海外社交媒体运营专场 明天 14:00 广东深圳 新360行·产业π对 粉丝  178 新360行·产业π对 活动 8 粉丝 178 +关注 【下午专场路演与资本】AIZQ2026AI硬件出海生态投融资大会 09/23 周三 14:00 广东深圳 AIZQ知穹传媒 粉丝  8241 AIZQ知穹传媒 活动 12 粉丝 8241 +关注 早鸟特惠 【云上硬核・智胜全球】2026AI硬件出海合规与智能化实践闭门交流会 09/23 周三 13:30 广东深圳 AIZQ知穹传媒 粉丝  8241 AIZQ知穹传媒 活动 12 粉丝 8241 +关注 【硬核出海.资本同航】AIZQ2026AI硬件出海生态投融资大会 09/23 周三 09:00 广东深圳 AIZQ知穹传媒 粉丝  8241 AIZQ知穹传媒 活动 12 粉丝 8241 +关注 早鸟特惠 9月20 创业项目路演 · 深圳 09/20 周日 14:00 广东深圳 深圳梦想城 粉丝  1435 深圳梦想城 活动 107 粉丝 1435 +关注 2026中国旅游住宿业论坛大湾区合作大会 10/13 周二 09:00 广东深圳 上海博华国际展览有限公司 粉丝  4366 上海博华国际展览有限公司 活动 116 粉丝 4366 +关注 AI 开发者夜校 | 智能体开发实战培训 09/23 周三 19:30 广东深圳 极视角科技股份有限公司 粉丝  8671 极视角科技股份有限公司 活动 43 粉丝 8671 +关注 跨境卖家闭门圆桌实战会|6位实战派专家——AIx产品xDTC一线操盘经验分享 09/23 周三 14:00 广东深圳 出海独立赞 粉丝  138 出海独立赞 活动 7 粉丝 138 +关注 备战黑五 筹备网一|深圳DTC品牌操盘手社群|深圳中秋聚会 09/23 周三 18:30 广东深圳 深圳DTC品牌操盘手社群 粉丝  1111 深圳DTC品牌操盘手社群 活动 25 粉丝 1111 +关注,,,,https://www.huodongxing.com/event/6878224478000,,免费,活动行,广东省,深圳,活动行平台支付/报名
第71期联帮桔参访：深圳西昊智能家居公司，现场对接人脉商机！欢迎报名参加,,网站导航 热门站点 全国站 北京站 上海站 广州站 深圳站 杭州站 武汉站 成都站 长沙站 精选推荐 首页 行业 生活 学习 找活动 找主办方 专题精选 人气榜 下载App 更多服务 找场地 活动百宝箱 主办方管理中心 主办方vip 活动行管家 大会解决方案 关注活动行 | 小程序 | 帮助中心 深圳 当前定位城市: 热门城市: 全国 北京 上海 广州 深圳 杭州 武汉 成都 长沙 南京 重庆 苏州 其它城市: 西安 郑州 厦门 天津 宁波 青岛 东莞 佛山 济南 珠海 合肥 福州 石家庄 昆明 查找更多城市 > 首页 分类 解决方案 场景方案 线上峰会/研讨会 从宣传推广、名单收集、直播互动、线下拍摄/导播、数据分析等一站式直播解决方案 活动行企业版 专为对品牌、数据安全要求较高的企业/商会协会/会展公司等打造的活动管理系统 数字云展厅 定制图文音视频展厅/元宇宙展厅，独立的展商详情页、商机收集等 私有化部署 快速私有化部署企业私有活动管理解决方案，支持阿里云、腾讯云、AWS等 免费创建 下载APP 业务合作 主办方中心 注册 / 登录 推荐 发现活动 人气榜 主办方 精选专题 意见反馈 回到顶部 城市: 全国 北京 上海 深圳 广州 杭州 成都 武汉 重庆 南京 苏州 长沙 西安 厦门 郑州 东莞 青岛 天津 宁波 昆明 香港 澳门 更多城市 分类: 时间: 全部 本周 本周末 1个月内 形式： 线下活动 线上活动 综合排序 最新发布 热门点击 最多参与 龙岗木棉湾德州扑克模拟MTT、SNG竞技桌游 08/31 周一 ~ 10/29 周四 广东深圳 深筹圈德州扑克 粉丝  140 深筹圈德州扑克 活动 31 粉丝 140 +关注 新型储能产业创新协同对接会 后天 15:00 广东深圳 深圳产学研合作促进会 粉丝  25610 深圳产学研合作促进会 活动 162 粉丝 25610 +关注 AI产业新机遇｜从企业AI转型，到企业出海新探索｜深圳站 09/19 周六 14:00 广东深圳 硅基动力 粉丝  37 硅基动力 活动 1 粉丝 37 +关注 【免费报名】芯片良率管理数智化升级 · 测试数据分析实战沙龙 10/15 周四 14:00 广东深圳 杭州芯翼科技有限公司 粉丝  4 杭州芯翼科技有限公司 活动 1 粉丝 4 +关注 2026深圳国际酒店家具与商用设计展-一展打通餐饮、酒店、家具、健康、跨境电商、生活方式及机械电子全产业链 10/13 周二 ~ 10/15 周四 广东深圳 享聚商展 粉丝  1093 享聚商展 活动 20 粉丝 1093 +关注 [指月.素心]中秋 做素月饼周六宝安免费公益活动 09/19 周六 14:00 广东深圳 以沫 粉丝  76 以沫 活动 3 粉丝 76 +关注 期权买卖方策略优劣大PK 09/20 周日 15:00 广东深圳 交易艺术汇 粉丝  1507 交易艺术汇 活动 68 粉丝 1507 +关注 跨境电商上市公司董事长首席评委亲临现场指导深圳首场投融资对接 10/15 周四 15:00 广东深圳 千达跨境电商创业加速服务平台 粉丝  1719 千达跨境电商创业加速服务平台 活动 27 粉丝 1719 +关注 AI，从技术创新到产业落地 --2026大湾区人工智能与产学研协同创新研讨会 09/19 周六 14:00 广东深圳 用户8364 粉丝  48 用户8364 活动 8 粉丝 48 +关注 第71期联帮桔参访：深圳西昊智能家居公司，现场对接人脉商机！欢迎报名参加 明天 14:00 广东深圳 行政联盟-行小政 粉丝  823 行政联盟-行小政 活动 63 粉丝 823 +关注 2026CBDF数字出海嘉年华 - 10.22场 · 深圳 10/22 周四 09:00 广东深圳 青文咨询 粉丝  9446 青文咨询 活动 36 粉丝 9446 +关注 ⌈新360行·产业π对⌋第十六期：海外社交媒体运营专场 明天 14:00 广东深圳 新360行·产业π对 粉丝  178 新360行·产业π对 活动 8 粉丝 178 +关注 【下午专场路演与资本】AIZQ2026AI硬件出海生态投融资大会 09/23 周三 14:00 广东深圳 AIZQ知穹传媒 粉丝  8241 AIZQ知穹传媒 活动 12 粉丝 8241 +关注 早鸟特惠 【云上硬核・智胜全球】2026AI硬件出海合规与智能化实践闭门交流会 09/23 周三 13:30 广东深圳 AIZQ知穹传媒 粉丝  8241 AIZQ知穹传媒 活动 12 粉丝 8241 +关注 【硬核出海.资本同航】AIZQ2026AI硬件出海生态投融资大会 09/23 周三 09:00 广东深圳 AIZQ知穹传媒 粉丝  8241 AIZQ知穹传媒 活动 12 粉丝 8241 +关注 早鸟特惠 9月20 创业项目路演 · 深圳 09/20 周日 14:00 广东深圳 深圳梦想城 粉丝  1435 深圳梦想城 活动 107 粉丝 1435 +关注 2026中国旅游住宿业论坛大湾区合作大会 10/13 周二 09:00 广东深圳 上海博华国际展览有限公司 粉丝  4366 上海博华国际展览有限公司 活动 116 粉丝 4366 +关注 AI 开发者夜校 | 智能体开发实战培训 09/23 周三 19:30 广东深圳 极视角科技股份有限公司 粉丝  8671 极视角科技股份有限公司 活动 43 粉丝 8671 +关注 跨境卖家闭门圆桌实战会|6位实战派专家——AIx产品xDTC一线操盘经验分享 09/23 周三 14:00 广东深圳 出海独立赞 粉丝  138 出海独立赞 活动 7 粉丝 138 +关注 备战黑五 筹备网一|深圳DTC品牌操盘手社群|深圳中秋聚会 09/23 周三 18:30 广东深圳 深圳DTC品牌操盘手社群 粉丝  1111 深圳DTC品牌操盘手社群 活动 25 粉丝 1111 +关注,,,,https://www.huodongxing.com/event/4877882468311,,免费,活动行,广东省,深圳,活动行平台支付/报名
2026CBDF数字出海嘉年华 - 10.22场 · 深圳,,网站导航 热门站点 全国站 北京站 上海站 广州站 深圳站 杭州站 武汉站 成都站 长沙站 精选推荐 首页 行业 生活 学习 找活动 找主办方 专题精选 人气榜 下载App 更多服务 找场地 活动百宝箱 主办方管理中心 主办方vip 活动行管家 大会解决方案 关注活动行 | 小程序 | 帮助中心 深圳 当前定位城市: 热门城市: 全国 北京 上海 广州 深圳 杭州 武汉 成都 长沙 南京 重庆 苏州 其它城市: 西安 郑州 厦门 天津 宁波 青岛 东莞 佛山 济南 珠海 合肥 福州 石家庄 昆明 查找更多城市 > 首页 分类 解决方案 场景方案 线上峰会/研讨会 从宣传推广、名单收集、直播互动、线下拍摄/导播、数据分析等一站式直播解决方案 活动行企业版 专为对品牌、数据安全要求较高的企业/商会协会/会展公司等打造的活动管理系统 数字云展厅 定制图文音视频展厅/元宇宙展厅，独立的展商详情页、商机收集等 私有化部署 快速私有化部署企业私有活动管理解决方案，支持阿里云、腾讯云、AWS等 免费创建 下载APP 业务合作 主办方中心 注册 / 登录 推荐 发现活动 人气榜 主办方 精选专题 意见反馈 回到顶部 城市: 全国 北京 上海 深圳 广州 杭州 成都 武汉 重庆 南京 苏州 长沙 西安 厦门 郑州 东莞 青岛 天津 宁波 昆明 香港 澳门 更多城市 分类: 时间: 全部 本周 本周末 1个月内 形式： 线下活动 线上活动 综合排序 最新发布 热门点击 最多参与 龙岗木棉湾德州扑克模拟MTT、SNG竞技桌游 08/31 周一 ~ 10/29 周四 广东深圳 深筹圈德州扑克 粉丝  140 深筹圈德州扑克 活动 31 粉丝 140 +关注 新型储能产业创新协同对接会 后天 15:00 广东深圳 深圳产学研合作促进会 粉丝  25610 深圳产学研合作促进会 活动 162 粉丝 25610 +关注 AI产业新机遇｜从企业AI转型，到企业出海新探索｜深圳站 09/19 周六 14:00 广东深圳 硅基动力 粉丝  37 硅基动力 活动 1 粉丝 37 +关注 【免费报名】芯片良率管理数智化升级 · 测试数据分析实战沙龙 10/15 周四 14:00 广东深圳 杭州芯翼科技有限公司 粉丝  4 杭州芯翼科技有限公司 活动 1 粉丝 4 +关注 2026深圳国际酒店家具与商用设计展-一展打通餐饮、酒店、家具、健康、跨境电商、生活方式及机械电子全产业链 10/13 周二 ~ 10/15 周四 广东深圳 享聚商展 粉丝  1093 享聚商展 活动 20 粉丝 1093 +关注 [指月.素心]中秋 做素月饼周六宝安免费公益活动 09/19 周六 14:00 广东深圳 以沫 粉丝  76 以沫 活动 3 粉丝 76 +关注 期权买卖方策略优劣大PK 09/20 周日 15:00 广东深圳 交易艺术汇 粉丝  1507 交易艺术汇 活动 68 粉丝 1507 +关注 跨境电商上市公司董事长首席评委亲临现场指导深圳首场投融资对接 10/15 周四 15:00 广东深圳 千达跨境电商创业加速服务平台 粉丝  1719 千达跨境电商创业加速服务平台 活动 27 粉丝 1719 +关注 AI，从技术创新到产业落地 --2026大湾区人工智能与产学研协同创新研讨会 09/19 周六 14:00 广东深圳 用户8364 粉丝  48 用户8364 活动 8 粉丝 48 +关注 第71期联帮桔参访：深圳西昊智能家居公司，现场对接人脉商机！欢迎报名参加 明天 14:00 广东深圳 行政联盟-行小政 粉丝  823 行政联盟-行小政 活动 63 粉丝 823 +关注 2026CBDF数字出海嘉年华 - 10.22场 · 深圳 10/22 周四 09:00 广东深圳 青文咨询 粉丝  9446 青文咨询 活动 36 粉丝 9446 +关注 ⌈新360行·产业π对⌋第十六期：海外社交媒体运营专场 明天 14:00 广东深圳 新360行·产业π对 粉丝  178 新360行·产业π对 活动 8 粉丝 178 +关注 【下午专场路演与资本】AIZQ2026AI硬件出海生态投融资大会 09/23 周三 14:00 广东深圳 AIZQ知穹传媒 粉丝  8241 AIZQ知穹传媒 活动 12 粉丝 8241 +关注 早鸟特惠 【云上硬核・智胜全球】2026AI硬件出海合规与智能化实践闭门交流会 09/23 周三 13:30 广东深圳 AIZQ知穹传媒 粉丝  8241 AIZQ知穹传媒 活动 12 粉丝 8241 +关注 【硬核出海.资本同航】AIZQ2026AI硬件出海生态投融资大会 09/23 周三 09:00 广东深圳 AIZQ知穹传媒 粉丝  8241 AIZQ知穹传媒 活动 12 粉丝 8241 +关注 早鸟特惠 9月20 创业项目路演 · 深圳 09/20 周日 14:00 广东深圳 深圳梦想城 粉丝  1435 深圳梦想城 活动 107 粉丝 1435 +关注 2026中国旅游住宿业论坛大湾区合作大会 10/13 周二 09:00 广东深圳 上海博华国际展览有限公司 粉丝  4366 上海博华国际展览有限公司 活动 116 粉丝 4366 +关注 AI 开发者夜校 | 智能体开发实战培训 09/23 周三 19:30 广东深圳 极视角科技股份有限公司 粉丝  8671 极视角科技股份有限公司 活动 43 粉丝 8671 +关注 跨境卖家闭门圆桌实战会|6位实战派专家——AIx产品xDTC一线操盘经验分享 09/23 周三 14:00 广东深圳 出海独立赞 粉丝  138 出海独立赞 活动 7 粉丝 138 +关注 备战黑五 筹备网一|深圳DTC品牌操盘手社群|深圳中秋聚会 09/23 周三 18:30 广东深圳 深圳DTC品牌操盘手社群 粉丝  1111 深圳DTC品牌操盘手社群 活动 25 粉丝 1111 +关注,,,,https://www.huodongxing.com/event/8873894567600,,免费,活动行,广东省,深圳,活动行平台支付/报名
⌈新360行·产业π对⌋第十六期：海外社交媒体运营专场,,网站导航 热门站点 全国站 北京站 上海站 广州站 深圳站 杭州站 武汉站 成都站 长沙站 精选推荐 首页 行业 生活 学习 找活动 找主办方 专题精选 人气榜 下载App 更多服务 找场地 活动百宝箱 主办方管理中心 主办方vip 活动行管家 大会解决方案 关注活动行 | 小程序 | 帮助中心 深圳 当前定位城市: 热门城市: 全国 北京 上海 广州 深圳 杭州 武汉 成都 长沙 南京 重庆 苏州 其它城市: 西安 郑州 厦门 天津 宁波 青岛 东莞 佛山 济南 珠海 合肥 福州 石家庄 昆明 查找更多城市 > 首页 分类 解决方案 场景方案 线上峰会/研讨会 从宣传推广、名单收集、直播互动、线下拍摄/导播、数据分析等一站式直播解决方案 活动行企业版 专为对品牌、数据安全要求较高的企业/商会协会/会展公司等打造的活动管理系统 数字云展厅 定制图文音视频展厅/元宇宙展厅，独立的展商详情页、商机收集等 私有化部署 快速私有化部署企业私有活动管理解决方案，支持阿里云、腾讯云、AWS等 免费创建 下载APP 业务合作 主办方中心 注册 / 登录 推荐 发现活动 人气榜 主办方 精选专题 意见反馈 回到顶部 城市: 全国 北京 上海 深圳 广州 杭州 成都 武汉 重庆 南京 苏州 长沙 西安 厦门 郑州 东莞 青岛 天津 宁波 昆明 香港 澳门 更多城市 分类: 时间: 全部 本周 本周末 1个月内 形式： 线下活动 线上活动 综合排序 最新发布 热门点击 最多参与 龙岗木棉湾德州扑克模拟MTT、SNG竞技桌游 08/31 周一 ~ 10/29 周四 广东深圳 深筹圈德州扑克 粉丝  140 深筹圈德州扑克 活动 31 粉丝 140 +关注 新型储能产业创新协同对接会 后天 15:00 广东深圳 深圳产学研合作促进会 粉丝  25610 深圳产学研合作促进会 活动 162 粉丝 25610 +关注 AI产业新机遇｜从企业AI转型，到企业出海新探索｜深圳站 09/19 周六 14:00 广东深圳 硅基动力 粉丝  37 硅基动力 活动 1 粉丝 37 +关注 【免费报名】芯片良率管理数智化升级 · 测试数据分析实战沙龙 10/15 周四 14:00 广东深圳 杭州芯翼科技有限公司 粉丝  4 杭州芯翼科技有限公司 活动 1 粉丝 4 +关注 2026深圳国际酒店家具与商用设计展-一展打通餐饮、酒店、家具、健康、跨境电商、生活方式及机械电子全产业链 10/13 周二 ~ 10/15 周四 广东深圳 享聚商展 粉丝  1093 享聚商展 活动 20 粉丝 1093 +关注 [指月.素心]中秋 做素月饼周六宝安免费公益活动 09/19 周六 14:00 广东深圳 以沫 粉丝  76 以沫 活动 3 粉丝 76 +关注 期权买卖方策略优劣大PK 09/20 周日 15:00 广东深圳 交易艺术汇 粉丝  1507 交易艺术汇 活动 68 粉丝 1507 +关注 跨境电商上市公司董事长首席评委亲临现场指导深圳首场投融资对接 10/15 周四 15:00 广东深圳 千达跨境电商创业加速服务平台 粉丝  1719 千达跨境电商创业加速服务平台 活动 27 粉丝 1719 +关注 AI，从技术创新到产业落地 --2026大湾区人工智能与产学研协同创新研讨会 09/19 周六 14:00 广东深圳 用户8364 粉丝  48 用户8364 活动 8 粉丝 48 +关注 第71期联帮桔参访：深圳西昊智能家居公司，现场对接人脉商机！欢迎报名参加 明天 14:00 广东深圳 行政联盟-行小政 粉丝  823 行政联盟-行小政 活动 63 粉丝 823 +关注 2026CBDF数字出海嘉年华 - 10.22场 · 深圳 10/22 周四 09:00 广东深圳 青文咨询 粉丝  9446 青文咨询 活动 36 粉丝 9446 +关注 ⌈新360行·产业π对⌋第十六期：海外社交媒体运营专场 明天 14:00 广东深圳 新360行·产业π对 粉丝  178 新360行·产业π对 活动 8 粉丝 178 +关注 【下午专场路演与资本】AIZQ2026AI硬件出海生态投融资大会 09/23 周三 14:00 广东深圳 AIZQ知穹传媒 粉丝  8241 AIZQ知穹传媒 活动 12 粉丝 8241 +关注 早鸟特惠 【云上硬核・智胜全球】2026AI硬件出海合规与智能化实践闭门交流会 09/23 周三 13:30 广东深圳 AIZQ知穹传媒 粉丝  8241 AIZQ知穹传媒 活动 12 粉丝 8241 +关注 【硬核出海.资本同航】AIZQ2026AI硬件出海生态投融资大会 09/23 周三 09:00 广东深圳 AIZQ知穹传媒 粉丝  8241 AIZQ知穹传媒 活动 12 粉丝 8241 +关注 早鸟特惠 9月20 创业项目路演 · 深圳 09/20 周日 14:00 广东深圳 深圳梦想城 粉丝  1435 深圳梦想城 活动 107 粉丝 1435 +关注 2026中国旅游住宿业论坛大湾区合作大会 10/13 周二 09:00 广东深圳 上海博华国际展览有限公司 粉丝  4366 上海博华国际展览有限公司 活动 116 粉丝 4366 +关注 AI 开发者夜校 | 智能体开发实战培训 09/23 周三 19:30 广东深圳 极视角科技股份有限公司 粉丝  8671 极视角科技股份有限公司 活动 43 粉丝 8671 +关注 跨境卖家闭门圆桌实战会|6位实战派专家——AIx产品xDTC一线操盘经验分享 09/23 周三 14:00 广东深圳 出海独立赞 粉丝  138 出海独立赞 活动 7 粉丝 138 +关注 备战黑五 筹备网一|深圳DTC品牌操盘手社群|深圳中秋聚会 09/23 周三 18:30 广东深圳 深圳DTC品牌操盘手社群 粉丝  1111 深圳DTC品牌操盘手社群 活动 25 粉丝 1111 +关注,,,,https://www.huodongxing.com/event/4877778348300,,免费,活动行,广东省,深圳,活动行平台支付/报名
【下午专场路演与资本】AIZQ2026AI硬件出海生态投融资大会,,网站导航 热门站点 全国站 北京站 上海站 广州站 深圳站 杭州站 武汉站 成都站 长沙站 精选推荐 首页 行业 生活 学习 找活动 找主办方 专题精选 人气榜 下载App 更多服务 找场地 活动百宝箱 主办方管理中心 主办方vip 活动行管家 大会解决方案 关注活动行 | 小程序 | 帮助中心 深圳 当前定位城市: 热门城市: 全国 北京 上海 广州 深圳 杭州 武汉 成都 长沙 南京 重庆 苏州 其它城市: 西安 郑州 厦门 天津 宁波 青岛 东莞 佛山 济南 珠海 合肥 福州 石家庄 昆明 查找更多城市 > 首页 分类 解决方案 场景方案 线上峰会/研讨会 从宣传推广、名单收集、直播互动、线下拍摄/导播、数据分析等一站式直播解决方案 活动行企业版 专为对品牌、数据安全要求较高的企业/商会协会/会展公司等打造的活动管理系统 数字云展厅 定制图文音视频展厅/元宇宙展厅，独立的展商详情页、商机收集等 私有化部署 快速私有化部署企业私有活动管理解决方案，支持阿里云、腾讯云、AWS等 免费创建 下载APP 业务合作 主办方中心 注册 / 登录 推荐 发现活动 人气榜 主办方 精选专题 意见反馈 回到顶部 城市: 全国 北京 上海 深圳 广州 杭州 成都 武汉 重庆 南京 苏州 长沙 西安 厦门 郑州 东莞 青岛 天津 宁波 昆明 香港 澳门 更多城市 分类: 时间: 全部 本周 本周末 1个月内 形式： 线下活动 线上活动 综合排序 最新发布 热门点击 最多参与 龙岗木棉湾德州扑克模拟MTT、SNG竞技桌游 08/31 周一 ~ 10/29 周四 广东深圳 深筹圈德州扑克 粉丝  140 深筹圈德州扑克 活动 31 粉丝 140 +关注 新型储能产业创新协同对接会 后天 15:00 广东深圳 深圳产学研合作促进会 粉丝  25610 深圳产学研合作促进会 活动 162 粉丝 25610 +关注 AI产业新机遇｜从企业AI转型，到企业出海新探索｜深圳站 09/19 周六 14:00 广东深圳 硅基动力 粉丝  37 硅基动力 活动 1 粉丝 37 +关注 【免费报名】芯片良率管理数智化升级 · 测试数据分析实战沙龙 10/15 周四 14:00 广东深圳 杭州芯翼科技有限公司 粉丝  4 杭州芯翼科技有限公司 活动 1 粉丝 4 +关注 2026深圳国际酒店家具与商用设计展-一展打通餐饮、酒店、家具、健康、跨境电商、生活方式及机械电子全产业链 10/13 周二 ~ 10/15 周四 广东深圳 享聚商展 粉丝  1093 享聚商展 活动 20 粉丝 1093 +关注 [指月.素心]中秋 做素月饼周六宝安免费公益活动 09/19 周六 14:00 广东深圳 以沫 粉丝  76 以沫 活动 3 粉丝 76 +关注 期权买卖方策略优劣大PK 09/20 周日 15:00 广东深圳 交易艺术汇 粉丝  1507 交易艺术汇 活动 68 粉丝 1507 +关注 跨境电商上市公司董事长首席评委亲临现场指导深圳首场投融资对接 10/15 周四 15:00 广东深圳 千达跨境电商创业加速服务平台 粉丝  1719 千达跨境电商创业加速服务平台 活动 27 粉丝 1719 +关注 AI，从技术创新到产业落地 --2026大湾区人工智能与产学研协同创新研讨会 09/19 周六 14:00 广东深圳 用户8364 粉丝  48 用户8364 活动 8 粉丝 48 +关注 第71期联帮桔参访：深圳西昊智能家居公司，现场对接人脉商机！欢迎报名参加 明天 14:00 广东深圳 行政联盟-行小政 粉丝  823 行政联盟-行小政 活动 63 粉丝 823 +关注 2026CBDF数字出海嘉年华 - 10.22场 · 深圳 10/22 周四 09:00 广东深圳 青文咨询 粉丝  9446 青文咨询 活动 36 粉丝 9446 +关注 ⌈新360行·产业π对⌋第十六期：海外社交媒体运营专场 明天 14:00 广东深圳 新360行·产业π对 粉丝  178 新360行·产业π对 活动 8 粉丝 178 +关注 【下午专场路演与资本】AIZQ2026AI硬件出海生态投融资大会 09/23 周三 14:00 广东深圳 AIZQ知穹传媒 粉丝  8241 AIZQ知穹传媒 活动 12 粉丝 8241 +关注 早鸟特惠 【云上硬核・智胜全球】2026AI硬件出海合规与智能化实践闭门交流会 09/23 周三 13:30 广东深圳 AIZQ知穹传媒 粉丝  8241 AIZQ知穹传媒 活动 12 粉丝 8241 +关注 【硬核出海.资本同航】AIZQ2026AI硬件出海生态投融资大会 09/23 周三 09:00 广东深圳 AIZQ知穹传媒 粉丝  8241 AIZQ知穹传媒 活动 12 粉丝 8241 +关注 早鸟特惠 9月20 创业项目路演 · 深圳 09/20 周日 14:00 广东深圳 深圳梦想城 粉丝  1435 深圳梦想城 活动 107 粉丝 1435 +关注 2026中国旅游住宿业论坛大湾区合作大会 10/13 周二 09:00 广东深圳 上海博华国际展览有限公司 粉丝  4366 上海博华国际展览有限公司 活动 116 粉丝 4366 +关注 AI 开发者夜校 | 智能体开发实战培训 09/23 周三 19:30 广东深圳 极视角科技股份有限公司 粉丝  8671 极视角科技股份有限公司 活动 43 粉丝 8671 +关注 跨境卖家闭门圆桌实战会|6位实战派专家——AIx产品xDTC一线操盘经验分享 09/23 周三 14:00 广东深圳 出海独立赞 粉丝  138 出海独立赞 活动 7 粉丝 138 +关注 备战黑五 筹备网一|深圳DTC品牌操盘手社群|深圳中秋聚会 09/23 周三 18:30 广东深圳 深圳DTC品牌操盘手社群 粉丝  1111 深圳DTC品牌操盘手社群 活动 25 粉丝 1111 +关注,,,,https://www.huodongxing.com/event/3875234458500,,免费,活动行,广东省,深圳,活动行平台支付/报名
【云上硬核・智胜全球】2026AI硬件出海合规与智能化实践闭门交流会,,网站导航 热门站点 全国站 北京站 上海站 广州站 深圳站 杭州站 武汉站 成都站 长沙站 精选推荐 首页 行业 生活 学习 找活动 找主办方 专题精选 人气榜 下载App 更多服务 找场地 活动百宝箱 主办方管理中心 主办方vip 活动行管家 大会解决方案 关注活动行 | 小程序 | 帮助中心 深圳 当前定位城市: 热门城市: 全国 北京 上海 广州 深圳 杭州 武汉 成都 长沙 南京 重庆 苏州 其它城市: 西安 郑州 厦门 天津 宁波 青岛 东莞 佛山 济南 珠海 合肥 福州 石家庄 昆明 查找更多城市 > 首页 分类 解决方案 场景方案 线上峰会/研讨会 从宣传推广、名单收集、直播互动、线下拍摄/导播、数据分析等一站式直播解决方案 活动行企业版 专为对品牌、数据安全要求较高的企业/商会协会/会展公司等打造的活动管理系统 数字云展厅 定制图文音视频展厅/元宇宙展厅，独立的展商详情页、商机收集等 私有化部署 快速私有化部署企业私有活动管理解决方案，支持阿里云、腾讯云、AWS等 免费创建 下载APP 业务合作 主办方中心 注册 / 登录 推荐 发现活动 人气榜 主办方 精选专题 意见反馈 回到顶部 城市: 全国 北京 上海 深圳 广州 杭州 成都 武汉 重庆 南京 苏州 长沙 西安 厦门 郑州 东莞 青岛 天津 宁波 昆明 香港 澳门 更多城市 分类: 时间: 全部 本周 本周末 1个月内 形式： 线下活动 线上活动 综合排序 最新发布 热门点击 最多参与 龙岗木棉湾德州扑克模拟MTT、SNG竞技桌游 08/31 周一 ~ 10/29 周四 广东深圳 深筹圈德州扑克 粉丝  140 深筹圈德州扑克 活动 31 粉丝 140 +关注 新型储能产业创新协同对接会 后天 15:00 广东深圳 深圳产学研合作促进会 粉丝  25610 深圳产学研合作促进会 活动 162 粉丝 25610 +关注 AI产业新机遇｜从企业AI转型，到企业出海新探索｜深圳站 09/19 周六 14:00 广东深圳 硅基动力 粉丝  37 硅基动力 活动 1 粉丝 37 +关注 【免费报名】芯片良率管理数智化升级 · 测试数据分析实战沙龙 10/15 周四 14:00 广东深圳 杭州芯翼科技有限公司 粉丝  4 杭州芯翼科技有限公司 活动 1 粉丝 4 +关注 2026深圳国际酒店家具与商用设计展-一展打通餐饮、酒店、家具、健康、跨境电商、生活方式及机械电子全产业链 10/13 周二 ~ 10/15 周四 广东深圳 享聚商展 粉丝  1093 享聚商展 活动 20 粉丝 1093 +关注 [指月.素心]中秋 做素月饼周六宝安免费公益活动 09/19 周六 14:00 广东深圳 以沫 粉丝  76 以沫 活动 3 粉丝 76 +关注 期权买卖方策略优劣大PK 09/20 周日 15:00 广东深圳 交易艺术汇 粉丝  1507 交易艺术汇 活动 68 粉丝 1507 +关注 跨境电商上市公司董事长首席评委亲临现场指导深圳首场投融资对接 10/15 周四 15:00 广东深圳 千达跨境电商创业加速服务平台 粉丝  1719 千达跨境电商创业加速服务平台 活动 27 粉丝 1719 +关注 AI，从技术创新到产业落地 --2026大湾区人工智能与产学研协同创新研讨会 09/19 周六 14:00 广东深圳 用户8364 粉丝  48 用户8364 活动 8 粉丝 48 +关注 第71期联帮桔参访：深圳西昊智能家居公司，现场对接人脉商机！欢迎报名参加 明天 14:00 广东深圳 行政联盟-行小政 粉丝  823 行政联盟-行小政 活动 63 粉丝 823 +关注 2026CBDF数字出海嘉年华 - 10.22场 · 深圳 10/22 周四 09:00 广东深圳 青文咨询 粉丝  9446 青文咨询 活动 36 粉丝 9446 +关注 ⌈新360行·产业π对⌋第十六期：海外社交媒体运营专场 明天 14:00 广东深圳 新360行·产业π对 粉丝  178 新360行·产业π对 活动 8 粉丝 178 +关注 【下午专场路演与资本】AIZQ2026AI硬件出海生态投融资大会 09/23 周三 14:00 广东深圳 AIZQ知穹传媒 粉丝  8241 AIZQ知穹传媒 活动 12 粉丝 8241 +关注 早鸟特惠 【云上硬核・智胜全球】2026AI硬件出海合规与智能化实践闭门交流会 09/23 周三 13:30 广东深圳 AIZQ知穹传媒 粉丝  8241 AIZQ知穹传媒 活动 12 粉丝 8241 +关注 【硬核出海.资本同航】AIZQ2026AI硬件出海生态投融资大会 09/23 周三 09:00 广东深圳 AIZQ知穹传媒 粉丝  8241 AIZQ知穹传媒 活动 12 粉丝 8241 +关注 早鸟特惠 9月20 创业项目路演 · 深圳 09/20 周日 14:00 广东深圳 深圳梦想城 粉丝  1435 深圳梦想城 活动 107 粉丝 1435 +关注 2026中国旅游住宿业论坛大湾区合作大会 10/13 周二 09:00 广东深圳 上海博华国际展览有限公司 粉丝  4366 上海博华国际展览有限公司 活动 116 粉丝 4366 +关注 AI 开发者夜校 | 智能体开发实战培训 09/23 周三 19:30 广东深圳 极视角科技股份有限公司 粉丝  8671 极视角科技股份有限公司 活动 43 粉丝 8671 +关注 跨境卖家闭门圆桌实战会|6位实战派专家——AIx产品xDTC一线操盘经验分享 09/23 周三 14:00 广东深圳 出海独立赞 粉丝  138 出海独立赞 活动 7 粉丝 138 +关注 备战黑五 筹备网一|深圳DTC品牌操盘手社群|深圳中秋聚会 09/23 周三 18:30 广东深圳 深圳DTC品牌操盘手社群 粉丝  1111 深圳DTC品牌操盘手社群 活动 25 粉丝 1111 +关注,,,,https://www.huodongxing.com/event/8876083835100,,免费,活动行,广东省,深圳,活动行平台支付/报名
【硬核出海.资本同航】AIZQ2026AI硬件出海生态投融资大会,,网站导航 热门站点 全国站 北京站 上海站 广州站 深圳站 杭州站 武汉站 成都站 长沙站 精选推荐 首页 行业 生活 学习 找活动 找主办方 专题精选 人气榜 下载App 更多服务 找场地 活动百宝箱 主办方管理中心 主办方vip 活动行管家 大会解决方案 关注活动行 | 小程序 | 帮助中心 深圳 当前定位城市: 热门城市: 全国 北京 上海 广州 深圳 杭州 武汉 成都 长沙 南京 重庆 苏州 其它城市: 西安 郑州 厦门 天津 宁波 青岛 东莞 佛山 济南 珠海 合肥 福州 石家庄 昆明 查找更多城市 > 首页 分类 解决方案 场景方案 线上峰会/研讨会 从宣传推广、名单收集、直播互动、线下拍摄/导播、数据分析等一站式直播解决方案 活动行企业版 专为对品牌、数据安全要求较高的企业/商会协会/会展公司等打造的活动管理系统 数字云展厅 定制图文音视频展厅/元宇宙展厅，独立的展商详情页、商机收集等 私有化部署 快速私有化部署企业私有活动管理解决方案，支持阿里云、腾讯云、AWS等 免费创建 下载APP 业务合作 主办方中心 注册 / 登录 推荐 发现活动 人气榜 主办方 精选专题 意见反馈 回到顶部 城市: 全国 北京 上海 深圳 广州 杭州 成都 武汉 重庆 南京 苏州 长沙 西安 厦门 郑州 东莞 青岛 天津 宁波 昆明 香港 澳门 更多城市 分类: 时间: 全部 本周 本周末 1个月内 形式： 线下活动 线上活动 综合排序 最新发布 热门点击 最多参与 龙岗木棉湾德州扑克模拟MTT、SNG竞技桌游 08/31 周一 ~ 10/29 周四 广东深圳 深筹圈德州扑克 粉丝  140 深筹圈德州扑克 活动 31 粉丝 140 +关注 新型储能产业创新协同对接会 后天 15:00 广东深圳 深圳产学研合作促进会 粉丝  25610 深圳产学研合作促进会 活动 162 粉丝 25610 +关注 AI产业新机遇｜从企业AI转型，到企业出海新探索｜深圳站 09/19 周六 14:00 广东深圳 硅基动力 粉丝  37 硅基动力 活动 1 粉丝 37 +关注 【免费报名】芯片良率管理数智化升级 · 测试数据分析实战沙龙 10/15 周四 14:00 广东深圳 杭州芯翼科技有限公司 粉丝  4 杭州芯翼科技有限公司 活动 1 粉丝 4 +关注 2026深圳国际酒店家具与商用设计展-一展打通餐饮、酒店、家具、健康、跨境电商、生活方式及机械电子全产业链 10/13 周二 ~ 10/15 周四 广东深圳 享聚商展 粉丝  1093 享聚商展 活动 20 粉丝 1093 +关注 [指月.素心]中秋 做素月饼周六宝安免费公益活动 09/19 周六 14:00 广东深圳 以沫 粉丝  76 以沫 活动 3 粉丝 76 +关注 期权买卖方策略优劣大PK 09/20 周日 15:00 广东深圳 交易艺术汇 粉丝  1507 交易艺术汇 活动 68 粉丝 1507 +关注 跨境电商上市公司董事长首席评委亲临现场指导深圳首场投融资对接 10/15 周四 15:00 广东深圳 千达跨境电商创业加速服务平台 粉丝  1719 千达跨境电商创业加速服务平台 活动 27 粉丝 1719 +关注 AI，从技术创新到产业落地 --2026大湾区人工智能与产学研协同创新研讨会 09/19 周六 14:00 广东深圳 用户8364 粉丝  48 用户8364 活动 8 粉丝 48 +关注 第71期联帮桔参访：深圳西昊智能家居公司，现场对接人脉商机！欢迎报名参加 明天 14:00 广东深圳 行政联盟-行小政 粉丝  823 行政联盟-行小政 活动 63 粉丝 823 +关注 2026CBDF数字出海嘉年华 - 10.22场 · 深圳 10/22 周四 09:00 广东深圳 青文咨询 粉丝  9446 青文咨询 活动 36 粉丝 9446 +关注 ⌈新360行·产业π对⌋第十六期：海外社交媒体运营专场 明天 14:00 广东深圳 新360行·产业π对 粉丝  178 新360行·产业π对 活动 8 粉丝 178 +关注 【下午专场路演与资本】AIZQ2026AI硬件出海生态投融资大会 09/23 周三 14:00 广东深圳 AIZQ知穹传媒 粉丝  8241 AIZQ知穹传媒 活动 12 粉丝 8241 +关注 早鸟特惠 【云上硬核・智胜全球】2026AI硬件出海合规与智能化实践闭门交流会 09/23 周三 13:30 广东深圳 AIZQ知穹传媒 粉丝  8241 AIZQ知穹传媒 活动 12 粉丝 8241 +关注 【硬核出海.资本同航】AIZQ2026AI硬件出海生态投融资大会 09/23 周三 09:00 广东深圳 AIZQ知穹传媒 粉丝  8241 AIZQ知穹传媒 活动 12 粉丝 8241 +关注 早鸟特惠 9月20 创业项目路演 · 深圳 09/20 周日 14:00 广东深圳 深圳梦想城 粉丝  1435 深圳梦想城 活动 107 粉丝 1435 +关注 2026中国旅游住宿业论坛大湾区合作大会 10/13 周二 09:00 广东深圳 上海博华国际展览有限公司 粉丝  4366 上海博华国际展览有限公司 活动 116 粉丝 4366 +关注 AI 开发者夜校 | 智能体开发实战培训 09/23 周三 19:30 广东深圳 极视角科技股份有限公司 粉丝  8671 极视角科技股份有限公司 活动 43 粉丝 8671 +关注 跨境卖家闭门圆桌实战会|6位实战派专家——AIx产品xDTC一线操盘经验分享 09/23 周三 14:00 广东深圳 出海独立赞 粉丝  138 出海独立赞 活动 7 粉丝 138 +关注 备战黑五 筹备网一|深圳DTC品牌操盘手社群|深圳中秋聚会 09/23 周三 18:30 广东深圳 深圳DTC品牌操盘手社群 粉丝  1111 深圳DTC品牌操盘手社群 活动 25 粉丝 1111 +关注,,,,https://www.huodongxing.com/event/2871610221400,,免费,活动行,广东省,深圳,活动行平台支付/报名
9月20 创业项目路演 · 深圳,,网站导航 热门站点 全国站 北京站 上海站 广州站 深圳站 杭州站 武汉站 成都站 长沙站 精选推荐 首页 行业 生活 学习 找活动 找主办方 专题精选 人气榜 下载App 更多服务 找场地 活动百宝箱 主办方管理中心 主办方vip 活动行管家 大会解决方案 关注活动行 | 小程序 | 帮助中心 深圳 当前定位城市: 热门城市: 全国 北京 上海 广州 深圳 杭州 武汉 成都 长沙 南京 重庆 苏州 其它城市: 西安 郑州 厦门 天津 宁波 青岛 东莞 佛山 济南 珠海 合肥 福州 石家庄 昆明 查找更多城市 > 首页 分类 解决方案 场景方案 线上峰会/研讨会 从宣传推广、名单收集、直播互动、线下拍摄/导播、数据分析等一站式直播解决方案 活动行企业版 专为对品牌、数据安全要求较高的企业/商会协会/会展公司等打造的活动管理系统 数字云展厅 定制图文音视频展厅/元宇宙展厅，独立的展商详情页、商机收集等 私有化部署 快速私有化部署企业私有活动管理解决方案，支持阿里云、腾讯云、AWS等 免费创建 下载APP 业务合作 主办方中心 注册 / 登录 推荐 发现活动 人气榜 主办方 精选专题 意见反馈 回到顶部 城市: 全国 北京 上海 深圳 广州 杭州 成都 武汉 重庆 南京 苏州 长沙 西安 厦门 郑州 东莞 青岛 天津 宁波 昆明 香港 澳门 更多城市 分类: 时间: 全部 本周 本周末 1个月内 形式： 线下活动 线上活动 综合排序 最新发布 热门点击 最多参与 龙岗木棉湾德州扑克模拟MTT、SNG竞技桌游 08/31 周一 ~ 10/29 周四 广东深圳 深筹圈德州扑克 粉丝  140 深筹圈德州扑克 活动 31 粉丝 140 +关注 新型储能产业创新协同对接会 后天 15:00 广东深圳 深圳产学研合作促进会 粉丝  25610 深圳产学研合作促进会 活动 162 粉丝 25610 +关注 AI产业新机遇｜从企业AI转型，到企业出海新探索｜深圳站 09/19 周六 14:00 广东深圳 硅基动力 粉丝  37 硅基动力 活动 1 粉丝 37 +关注 【免费报名】芯片良率管理数智化升级 · 测试数据分析实战沙龙 10/15 周四 14:00 广东深圳 杭州芯翼科技有限公司 粉丝  4 杭州芯翼科技有限公司 活动 1 粉丝 4 +关注 2026深圳国际酒店家具与商用设计展-一展打通餐饮、酒店、家具、健康、跨境电商、生活方式及机械电子全产业链 10/13 周二 ~ 10/15 周四 广东深圳 享聚商展 粉丝  1093 享聚商展 活动 20 粉丝 1093 +关注 [指月.素心]中秋 做素月饼周六宝安免费公益活动 09/19 周六 14:00 广东深圳 以沫 粉丝  76 以沫 活动 3 粉丝 76 +关注 期权买卖方策略优劣大PK 09/20 周日 15:00 广东深圳 交易艺术汇 粉丝  1507 交易艺术汇 活动 68 粉丝 1507 +关注 跨境电商上市公司董事长首席评委亲临现场指导深圳首场投融资对接 10/15 周四 15:00 广东深圳 千达跨境电商创业加速服务平台 粉丝  1719 千达跨境电商创业加速服务平台 活动 27 粉丝 1719 +关注 AI，从技术创新到产业落地 --2026大湾区人工智能与产学研协同创新研讨会 09/19 周六 14:00 广东深圳 用户8364 粉丝  48 用户8364 活动 8 粉丝 48 +关注 第71期联帮桔参访：深圳西昊智能家居公司，现场对接人脉商机！欢迎报名参加 明天 14:00 广东深圳 行政联盟-行小政 粉丝  823 行政联盟-行小政 活动 63 粉丝 823 +关注 2026CBDF数字出海嘉年华 - 10.22场 · 深圳 10/22 周四 09:00 广东深圳 青文咨询 粉丝  9446 青文咨询 活动 36 粉丝 9446 +关注 ⌈新360行·产业π对⌋第十六期：海外社交媒体运营专场 明天 14:00 广东深圳 新360行·产业π对 粉丝  178 新360行·产业π对 活动 8 粉丝 178 +关注 【下午专场路演与资本】AIZQ2026AI硬件出海生态投融资大会 09/23 周三 14:00 广东深圳 AIZQ知穹传媒 粉丝  8241 AIZQ知穹传媒 活动 12 粉丝 8241 +关注 早鸟特惠 【云上硬核・智胜全球】2026AI硬件出海合规与智能化实践闭门交流会 09/23 周三 13:30 广东深圳 AIZQ知穹传媒 粉丝  8241 AIZQ知穹传媒 活动 12 粉丝 8241 +关注 【硬核出海.资本同航】AIZQ2026AI硬件出海生态投融资大会 09/23 周三 09:00 广东深圳 AIZQ知穹传媒 粉丝  8241 AIZQ知穹传媒 活动 12 粉丝 8241 +关注 早鸟特惠 9月20 创业项目路演 · 深圳 09/20 周日 14:00 广东深圳 深圳梦想城 粉丝  1435 深圳梦想城 活动 107 粉丝 1435 +关注 2026中国旅游住宿业论坛大湾区合作大会 10/13 周二 09:00 广东深圳 上海博华国际展览有限公司 粉丝  4366 上海博华国际展览有限公司 活动 116 粉丝 4366 +关注 AI 开发者夜校 | 智能体开发实战培训 09/23 周三 19:30 广东深圳 极视角科技股份有限公司 粉丝  8671 极视角科技股份有限公司 活动 43 粉丝 8671 +关注 跨境卖家闭门圆桌实战会|6位实战派专家——AIx产品xDTC一线操盘经验分享 09/23 周三 14:00 广东深圳 出海独立赞 粉丝  138 出海独立赞 活动 7 粉丝 138 +关注 备战黑五 筹备网一|深圳DTC品牌操盘手社群|深圳中秋聚会 09/23 周三 18:30 广东深圳 深圳DTC品牌操盘手社群 粉丝  1111 深圳DTC品牌操盘手社群 活动 25 粉丝 1111 +关注,,,,https://www.huodongxing.com/event/5877479719811,,免费,活动行,广东省,深圳,活动行平台支付/报名
2026中国旅游住宿业论坛大湾区合作大会,,网站导航 热门站点 全国站 北京站 上海站 广州站 深圳站 杭州站 武汉站 成都站 长沙站 精选推荐 首页 行业 生活 学习 找活动 找主办方 专题精选 人气榜 下载App 更多服务 找场地 活动百宝箱 主办方管理中心 主办方vip 活动行管家 大会解决方案 关注活动行 | 小程序 | 帮助中心 深圳 当前定位城市: 热门城市: 全国 北京 上海 广州 深圳 杭州 武汉 成都 长沙 南京 重庆 苏州 其它城市: 西安 郑州 厦门 天津 宁波 青岛 东莞 佛山 济南 珠海 合肥 福州 石家庄 昆明 查找更多城市 > 首页 分类 解决方案 场景方案 线上峰会/研讨会 从宣传推广、名单收集、直播互动、线下拍摄/导播、数据分析等一站式直播解决方案 活动行企业版 专为对品牌、数据安全要求较高的企业/商会协会/会展公司等打造的活动管理系统 数字云展厅 定制图文音视频展厅/元宇宙展厅，独立的展商详情页、商机收集等 私有化部署 快速私有化部署企业私有活动管理解决方案，支持阿里云、腾讯云、AWS等 免费创建 下载APP 业务合作 主办方中心 注册 / 登录 推荐 发现活动 人气榜 主办方 精选专题 意见反馈 回到顶部 城市: 全国 北京 上海 深圳 广州 杭州 成都 武汉 重庆 南京 苏州 长沙 西安 厦门 郑州 东莞 青岛 天津 宁波 昆明 香港 澳门 更多城市 分类: 时间: 全部 本周 本周末 1个月内 形式： 线下活动 线上活动 综合排序 最新发布 热门点击 最多参与 龙岗木棉湾德州扑克模拟MTT、SNG竞技桌游 08/31 周一 ~ 10/29 周四 广东深圳 深筹圈德州扑克 粉丝  140 深筹圈德州扑克 活动 31 粉丝 140 +关注 新型储能产业创新协同对接会 后天 15:00 广东深圳 深圳产学研合作促进会 粉丝  25610 深圳产学研合作促进会 活动 162 粉丝 25610 +关注 AI产业新机遇｜从企业AI转型，到企业出海新探索｜深圳站 09/19 周六 14:00 广东深圳 硅基动力 粉丝  37 硅基动力 活动 1 粉丝 37 +关注 【免费报名】芯片良率管理数智化升级 · 测试数据分析实战沙龙 10/15 周四 14:00 广东深圳 杭州芯翼科技有限公司 粉丝  4 杭州芯翼科技有限公司 活动 1 粉丝 4 +关注 2026深圳国际酒店家具与商用设计展-一展打通餐饮、酒店、家具、健康、跨境电商、生活方式及机械电子全产业链 10/13 周二 ~ 10/15 周四 广东深圳 享聚商展 粉丝  1093 享聚商展 活动 20 粉丝 1093 +关注 [指月.素心]中秋 做素月饼周六宝安免费公益活动 09/19 周六 14:00 广东深圳 以沫 粉丝  76 以沫 活动 3 粉丝 76 +关注 期权买卖方策略优劣大PK 09/20 周日 15:00 广东深圳 交易艺术汇 粉丝  1507 交易艺术汇 活动 68 粉丝 1507 +关注 跨境电商上市公司董事长首席评委亲临现场指导深圳首场投融资对接 10/15 周四 15:00 广东深圳 千达跨境电商创业加速服务平台 粉丝  1719 千达跨境电商创业加速服务平台 活动 27 粉丝 1719 +关注 AI，从技术创新到产业落地 --2026大湾区人工智能与产学研协同创新研讨会 09/19 周六 14:00 广东深圳 用户8364 粉丝  48 用户8364 活动 8 粉丝 48 +关注 第71期联帮桔参访：深圳西昊智能家居公司，现场对接人脉商机！欢迎报名参加 明天 14:00 广东深圳 行政联盟-行小政 粉丝  823 行政联盟-行小政 活动 63 粉丝 823 +关注 2026CBDF数字出海嘉年华 - 10.22场 · 深圳 10/22 周四 09:00 广东深圳 青文咨询 粉丝  9446 青文咨询 活动 36 粉丝 9446 +关注 ⌈新360行·产业π对⌋第十六期：海外社交媒体运营专场 明天 14:00 广东深圳 新360行·产业π对 粉丝  178 新360行·产业π对 活动 8 粉丝 178 +关注 【下午专场路演与资本】AIZQ2026AI硬件出海生态投融资大会 09/23 周三 14:00 广东深圳 AIZQ知穹传媒 粉丝  8241 AIZQ知穹传媒 活动 12 粉丝 8241 +关注 早鸟特惠 【云上硬核・智胜全球】2026AI硬件出海合规与智能化实践闭门交流会 09/23 周三 13:30 广东深圳 AIZQ知穹传媒 粉丝  8241 AIZQ知穹传媒 活动 12 粉丝 8241 +关注 【硬核出海.资本同航】AIZQ2026AI硬件出海生态投融资大会 09/23 周三 09:00 广东深圳 AIZQ知穹传媒 粉丝  8241 AIZQ知穹传媒 活动 12 粉丝 8241 +关注 早鸟特惠 9月20 创业项目路演 · 深圳 09/20 周日 14:00 广东深圳 深圳梦想城 粉丝  1435 深圳梦想城 活动 107 粉丝 1435 +关注 2026中国旅游住宿业论坛大湾区合作大会 10/13 周二 09:00 广东深圳 上海博华国际展览有限公司 粉丝  4366 上海博华国际展览有限公司 活动 116 粉丝 4366 +关注 AI 开发者夜校 | 智能体开发实战培训 09/23 周三 19:30 广东深圳 极视角科技股份有限公司 粉丝  8671 极视角科技股份有限公司 活动 43 粉丝 8671 +关注 跨境卖家闭门圆桌实战会|6位实战派专家——AIx产品xDTC一线操盘经验分享 09/23 周三 14:00 广东深圳 出海独立赞 粉丝  138 出海独立赞 活动 7 粉丝 138 +关注 备战黑五 筹备网一|深圳DTC品牌操盘手社群|深圳中秋聚会 09/23 周三 18:30 广东深圳 深圳DTC品牌操盘手社群 粉丝  1111 深圳DTC品牌操盘手社群 活动 25 粉丝 1111 +关注,,,,https://www.huodongxing.com/event/2878039129811,,免费,活动行,广东省,深圳,活动行平台支付/报名
AI 开发者夜校 | 智能体开发实战培训,,网站导航 热门站点 全国站 北京站 上海站 广州站 深圳站 杭州站 武汉站 成都站 长沙站 精选推荐 首页 行业 生活 学习 找活动 找主办方 专题精选 人气榜 下载App 更多服务 找场地 活动百宝箱 主办方管理中心 主办方vip 活动行管家 大会解决方案 关注活动行 | 小程序 | 帮助中心 深圳 当前定位城市: 热门城市: 全国 北京 上海 广州 深圳 杭州 武汉 成都 长沙 南京 重庆 苏州 其它城市: 西安 郑州 厦门 天津 宁波 青岛 东莞 佛山 济南 珠海 合肥 福州 石家庄 昆明 查找更多城市 > 首页 分类 解决方案 场景方案 线上峰会/研讨会 从宣传推广、名单收集、直播互动、线下拍摄/导播、数据分析等一站式直播解决方案 活动行企业版 专为对品牌、数据安全要求较高的企业/商会协会/会展公司等打造的活动管理系统 数字云展厅 定制图文音视频展厅/元宇宙展厅，独立的展商详情页、商机收集等 私有化部署 快速私有化部署企业私有活动管理解决方案，支持阿里云、腾讯云、AWS等 免费创建 下载APP 业务合作 主办方中心 注册 / 登录 推荐 发现活动 人气榜 主办方 精选专题 意见反馈 回到顶部 城市: 全国 北京 上海 深圳 广州 杭州 成都 武汉 重庆 南京 苏州 长沙 西安 厦门 郑州 东莞 青岛 天津 宁波 昆明 香港 澳门 更多城市 分类: 时间: 全部 本周 本周末 1个月内 形式： 线下活动 线上活动 综合排序 最新发布 热门点击 最多参与 龙岗木棉湾德州扑克模拟MTT、SNG竞技桌游 08/31 周一 ~ 10/29 周四 广东深圳 深筹圈德州扑克 粉丝  140 深筹圈德州扑克 活动 31 粉丝 140 +关注 新型储能产业创新协同对接会 后天 15:00 广东深圳 深圳产学研合作促进会 粉丝  25610 深圳产学研合作促进会 活动 162 粉丝 25610 +关注 AI产业新机遇｜从企业AI转型，到企业出海新探索｜深圳站 09/19 周六 14:00 广东深圳 硅基动力 粉丝  37 硅基动力 活动 1 粉丝 37 +关注 【免费报名】芯片良率管理数智化升级 · 测试数据分析实战沙龙 10/15 周四 14:00 广东深圳 杭州芯翼科技有限公司 粉丝  4 杭州芯翼科技有限公司 活动 1 粉丝 4 +关注 2026深圳国际酒店家具与商用设计展-一展打通餐饮、酒店、家具、健康、跨境电商、生活方式及机械电子全产业链 10/13 周二 ~ 10/15 周四 广东深圳 享聚商展 粉丝  1093 享聚商展 活动 20 粉丝 1093 +关注 [指月.素心]中秋 做素月饼周六宝安免费公益活动 09/19 周六 14:00 广东深圳 以沫 粉丝  76 以沫 活动 3 粉丝 76 +关注 期权买卖方策略优劣大PK 09/20 周日 15:00 广东深圳 交易艺术汇 粉丝  1507 交易艺术汇 活动 68 粉丝 1507 +关注 跨境电商上市公司董事长首席评委亲临现场指导深圳首场投融资对接 10/15 周四 15:00 广东深圳 千达跨境电商创业加速服务平台 粉丝  1719 千达跨境电商创业加速服务平台 活动 27 粉丝 1719 +关注 AI，从技术创新到产业落地 --2026大湾区人工智能与产学研协同创新研讨会 09/19 周六 14:00 广东深圳 用户8364 粉丝  48 用户8364 活动 8 粉丝 48 +关注 第71期联帮桔参访：深圳西昊智能家居公司，现场对接人脉商机！欢迎报名参加 明天 14:00 广东深圳 行政联盟-行小政 粉丝  823 行政联盟-行小政 活动 63 粉丝 823 +关注 2026CBDF数字出海嘉年华 - 10.22场 · 深圳 10/22 周四 09:00 广东深圳 青文咨询 粉丝  9446 青文咨询 活动 36 粉丝 9446 +关注 ⌈新360行·产业π对⌋第十六期：海外社交媒体运营专场 明天 14:00 广东深圳 新360行·产业π对 粉丝  178 新360行·产业π对 活动 8 粉丝 178 +关注 【下午专场路演与资本】AIZQ2026AI硬件出海生态投融资大会 09/23 周三 14:00 广东深圳 AIZQ知穹传媒 粉丝  8241 AIZQ知穹传媒 活动 12 粉丝 8241 +关注 早鸟特惠 【云上硬核・智胜全球】2026AI硬件出海合规与智能化实践闭门交流会 09/23 周三 13:30 广东深圳 AIZQ知穹传媒 粉丝  8241 AIZQ知穹传媒 活动 12 粉丝 8241 +关注 【硬核出海.资本同航】AIZQ2026AI硬件出海生态投融资大会 09/23 周三 09:00 广东深圳 AIZQ知穹传媒 粉丝  8241 AIZQ知穹传媒 活动 12 粉丝 8241 +关注 早鸟特惠 9月20 创业项目路演 · 深圳 09/20 周日 14:00 广东深圳 深圳梦想城 粉丝  1435 深圳梦想城 活动 107 粉丝 1435 +关注 2026中国旅游住宿业论坛大湾区合作大会 10/13 周二 09:00 广东深圳 上海博华国际展览有限公司 粉丝  4366 上海博华国际展览有限公司 活动 116 粉丝 4366 +关注 AI 开发者夜校 | 智能体开发实战培训 09/23 周三 19:30 广东深圳 极视角科技股份有限公司 粉丝  8671 极视角科技股份有限公司 活动 43 粉丝 8671 +关注 跨境卖家闭门圆桌实战会|6位实战派专家——AIx产品xDTC一线操盘经验分享 09/23 周三 14:00 广东深圳 出海独立赞 粉丝  138 出海独立赞 活动 7 粉丝 138 +关注 备战黑五 筹备网一|深圳DTC品牌操盘手社群|深圳中秋聚会 09/23 周三 18:30 广东深圳 深圳DTC品牌操盘手社群 粉丝  1111 深圳DTC品牌操盘手社群 活动 25 粉丝 1111 +关注,,,,https://www.huodongxing.com/event/2878463289300,,免费,活动行,广东省,深圳,活动行平台支付/报名
跨境卖家闭门圆桌实战会|6位实战派专家——AIx产品xDTC一线操盘经验分享,,网站导航 热门站点 全国站 北京站 上海站 广州站 深圳站 杭州站 武汉站 成都站 长沙站 精选推荐 首页 行业 生活 学习 找活动 找主办方 专题精选 人气榜 下载App 更多服务 找场地 活动百宝箱 主办方管理中心 主办方vip 活动行管家 大会解决方案 关注活动行 | 小程序 | 帮助中心 深圳 当前定位城市: 热门城市: 全国 北京 上海 广州 深圳 杭州 武汉 成都 长沙 南京 重庆 苏州 其它城市: 西安 郑州 厦门 天津 宁波 青岛 东莞 佛山 济南 珠海 合肥 福州 石家庄 昆明 查找更多城市 > 首页 分类 解决方案 场景方案 线上峰会/研讨会 从宣传推广、名单收集、直播互动、线下拍摄/导播、数据分析等一站式直播解决方案 活动行企业版 专为对品牌、数据安全要求较高的企业/商会协会/会展公司等打造的活动管理系统 数字云展厅 定制图文音视频展厅/元宇宙展厅，独立的展商详情页、商机收集等 私有化部署 快速私有化部署企业私有活动管理解决方案，支持阿里云、腾讯云、AWS等 免费创建 下载APP 业务合作 主办方中心 注册 / 登录 推荐 发现活动 人气榜 主办方 精选专题 意见反馈 回到顶部 城市: 全国 北京 上海 深圳 广州 杭州 成都 武汉 重庆 南京 苏州 长沙 西安 厦门 郑州 东莞 青岛 天津 宁波 昆明 香港 澳门 更多城市 分类: 时间: 全部 本周 本周末 1个月内 形式： 线下活动 线上活动 综合排序 最新发布 热门点击 最多参与 龙岗木棉湾德州扑克模拟MTT、SNG竞技桌游 08/31 周一 ~ 10/29 周四 广东深圳 深筹圈德州扑克 粉丝  140 深筹圈德州扑克 活动 31 粉丝 140 +关注 新型储能产业创新协同对接会 后天 15:00 广东深圳 深圳产学研合作促进会 粉丝  25610 深圳产学研合作促进会 活动 162 粉丝 25610 +关注 AI产业新机遇｜从企业AI转型，到企业出海新探索｜深圳站 09/19 周六 14:00 广东深圳 硅基动力 粉丝  37 硅基动力 活动 1 粉丝 37 +关注 【免费报名】芯片良率管理数智化升级 · 测试数据分析实战沙龙 10/15 周四 14:00 广东深圳 杭州芯翼科技有限公司 粉丝  4 杭州芯翼科技有限公司 活动 1 粉丝 4 +关注 2026深圳国际酒店家具与商用设计展-一展打通餐饮、酒店、家具、健康、跨境电商、生活方式及机械电子全产业链 10/13 周二 ~ 10/15 周四 广东深圳 享聚商展 粉丝  1093 享聚商展 活动 20 粉丝 1093 +关注 [指月.素心]中秋 做素月饼周六宝安免费公益活动 09/19 周六 14:00 广东深圳 以沫 粉丝  76 以沫 活动 3 粉丝 76 +关注 期权买卖方策略优劣大PK 09/20 周日 15:00 广东深圳 交易艺术汇 粉丝  1507 交易艺术汇 活动 68 粉丝 1507 +关注 跨境电商上市公司董事长首席评委亲临现场指导深圳首场投融资对接 10/15 周四 15:00 广东深圳 千达跨境电商创业加速服务平台 粉丝  1719 千达跨境电商创业加速服务平台 活动 27 粉丝 1719 +关注 AI，从技术创新到产业落地 --2026大湾区人工智能与产学研协同创新研讨会 09/19 周六 14:00 广东深圳 用户8364 粉丝  48 用户8364 活动 8 粉丝 48 +关注 第71期联帮桔参访：深圳西昊智能家居公司，现场对接人脉商机！欢迎报名参加 明天 14:00 广东深圳 行政联盟-行小政 粉丝  823 行政联盟-行小政 活动 63 粉丝 823 +关注 2026CBDF数字出海嘉年华 - 10.22场 · 深圳 10/22 周四 09:00 广东深圳 青文咨询 粉丝  9446 青文咨询 活动 36 粉丝 9446 +关注 ⌈新360行·产业π对⌋第十六期：海外社交媒体运营专场 明天 14:00 广东深圳 新360行·产业π对 粉丝  178 新360行·产业π对 活动 8 粉丝 178 +关注 【下午专场路演与资本】AIZQ2026AI硬件出海生态投融资大会 09/23 周三 14:00 广东深圳 AIZQ知穹传媒 粉丝  8241 AIZQ知穹传媒 活动 12 粉丝 8241 +关注 早鸟特惠 【云上硬核・智胜全球】2026AI硬件出海合规与智能化实践闭门交流会 09/23 周三 13:30 广东深圳 AIZQ知穹传媒 粉丝  8241 AIZQ知穹传媒 活动 12 粉丝 8241 +关注 【硬核出海.资本同航】AIZQ2026AI硬件出海生态投融资大会 09/23 周三 09:00 广东深圳 AIZQ知穹传媒 粉丝  8241 AIZQ知穹传媒 活动 12 粉丝 8241 +关注 早鸟特惠 9月20 创业项目路演 · 深圳 09/20 周日 14:00 广东深圳 深圳梦想城 粉丝  1435 深圳梦想城 活动 107 粉丝 1435 +关注 2026中国旅游住宿业论坛大湾区合作大会 10/13 周二 09:00 广东深圳 上海博华国际展览有限公司 粉丝  4366 上海博华国际展览有限公司 活动 116 粉丝 4366 +关注 AI 开发者夜校 | 智能体开发实战培训 09/23 周三 19:30 广东深圳 极视角科技股份有限公司 粉丝  8671 极视角科技股份有限公司 活动 43 粉丝 8671 +关注 跨境卖家闭门圆桌实战会|6位实战派专家——AIx产品xDTC一线操盘经验分享 09/23 周三 14:00 广东深圳 出海独立赞 粉丝  138 出海独立赞 活动 7 粉丝 138 +关注 备战黑五 筹备网一|深圳DTC品牌操盘手社群|深圳中秋聚会 09/23 周三 18:30 广东深圳 深圳DTC品牌操盘手社群 粉丝  1111 深圳DTC品牌操盘手社群 活动 25 粉丝 1111 +关注,,,,https://www.huodongxing.com/event/7878507768800,,免费,活动行,广东省,深圳,活动行平台支付/报名
备战黑五 筹备网一|深圳DTC品牌操盘手社群|深圳中秋聚会,,网站导航 热门站点 全国站 北京站 上海站 广州站 深圳站 杭州站 武汉站 成都站 长沙站 精选推荐 首页 行业 生活 学习 找活动 找主办方 专题精选 人气榜 下载App 更多服务 找场地 活动百宝箱 主办方管理中心 主办方vip 活动行管家 大会解决方案 关注活动行 | 小程序 | 帮助中心 深圳 当前定位城市: 热门城市: 全国 北京 上海 广州 深圳 杭州 武汉 成都 长沙 南京 重庆 苏州 其它城市: 西安 郑州 厦门 天津 宁波 青岛 东莞 佛山 济南 珠海 合肥 福州 石家庄 昆明 查找更多城市 > 首页 分类 解决方案 场景方案 线上峰会/研讨会 从宣传推广、名单收集、直播互动、线下拍摄/导播、数据分析等一站式直播解决方案 活动行企业版 专为对品牌、数据安全要求较高的企业/商会协会/会展公司等打造的活动管理系统 数字云展厅 定制图文音视频展厅/元宇宙展厅，独立的展商详情页、商机收集等 私有化部署 快速私有化部署企业私有活动管理解决方案，支持阿里云、腾讯云、AWS等 免费创建 下载APP 业务合作 主办方中心 注册 / 登录 推荐 发现活动 人气榜 主办方 精选专题 意见反馈 回到顶部 城市: 全国 北京 上海 深圳 广州 杭州 成都 武汉 重庆 南京 苏州 长沙 西安 厦门 郑州 东莞 青岛 天津 宁波 昆明 香港 澳门 更多城市 分类: 时间: 全部 本周 本周末 1个月内 形式： 线下活动 线上活动 综合排序 最新发布 热门点击 最多参与 龙岗木棉湾德州扑克模拟MTT、SNG竞技桌游 08/31 周一 ~ 10/29 周四 广东深圳 深筹圈德州扑克 粉丝  140 深筹圈德州扑克 活动 31 粉丝 140 +关注 新型储能产业创新协同对接会 后天 15:00 广东深圳 深圳产学研合作促进会 粉丝  25610 深圳产学研合作促进会 活动 162 粉丝 25610 +关注 AI产业新机遇｜从企业AI转型，到企业出海新探索｜深圳站 09/19 周六 14:00 广东深圳 硅基动力 粉丝  37 硅基动力 活动 1 粉丝 37 +关注 【免费报名】芯片良率管理数智化升级 · 测试数据分析实战沙龙 10/15 周四 14:00 广东深圳 杭州芯翼科技有限公司 粉丝  4 杭州芯翼科技有限公司 活动 1 粉丝 4 +关注 2026深圳国际酒店家具与商用设计展-一展打通餐饮、酒店、家具、健康、跨境电商、生活方式及机械电子全产业链 10/13 周二 ~ 10/15 周四 广东深圳 享聚商展 粉丝  1093 享聚商展 活动 20 粉丝 1093 +关注 [指月.素心]中秋 做素月饼周六宝安免费公益活动 09/19 周六 14:00 广东深圳 以沫 粉丝  76 以沫 活动 3 粉丝 76 +关注 期权买卖方策略优劣大PK 09/20 周日 15:00 广东深圳 交易艺术汇 粉丝  1507 交易艺术汇 活动 68 粉丝 1507 +关注 跨境电商上市公司董事长首席评委亲临现场指导深圳首场投融资对接 10/15 周四 15:00 广东深圳 千达跨境电商创业加速服务平台 粉丝  1719 千达跨境电商创业加速服务平台 活动 27 粉丝 1719 +关注 AI，从技术创新到产业落地 --2026大湾区人工智能与产学研协同创新研讨会 09/19 周六 14:00 广东深圳 用户8364 粉丝  48 用户8364 活动 8 粉丝 48 +关注 第71期联帮桔参访：深圳西昊智能家居公司，现场对接人脉商机！欢迎报名参加 明天 14:00 广东深圳 行政联盟-行小政 粉丝  823 行政联盟-行小政 活动 63 粉丝 823 +关注 2026CBDF数字出海嘉年华 - 10.22场 · 深圳 10/22 周四 09:00 广东深圳 青文咨询 粉丝  9446 青文咨询 活动 36 粉丝 9446 +关注 ⌈新360行·产业π对⌋第十六期：海外社交媒体运营专场 明天 14:00 广东深圳 新360行·产业π对 粉丝  178 新360行·产业π对 活动 8 粉丝 178 +关注 【下午专场路演与资本】AIZQ2026AI硬件出海生态投融资大会 09/23 周三 14:00 广东深圳 AIZQ知穹传媒 粉丝  8241 AIZQ知穹传媒 活动 12 粉丝 8241 +关注 早鸟特惠 【云上硬核・智胜全球】2026AI硬件出海合规与智能化实践闭门交流会 09/23 周三 13:30 广东深圳 AIZQ知穹传媒 粉丝  8241 AIZQ知穹传媒 活动 12 粉丝 8241 +关注 【硬核出海.资本同航】AIZQ2026AI硬件出海生态投融资大会 09/23 周三 09:00 广东深圳 AIZQ知穹传媒 粉丝  8241 AIZQ知穹传媒 活动 12 粉丝 8241 +关注 早鸟特惠 9月20 创业项目路演 · 深圳 09/20 周日 14:00 广东深圳 深圳梦想城 粉丝  1435 深圳梦想城 活动 107 粉丝 1435 +关注 2026中国旅游住宿业论坛大湾区合作大会 10/13 周二 09:00 广东深圳 上海博华国际展览有限公司 粉丝  4366 上海博华国际展览有限公司 活动 116 粉丝 4366 +关注 AI 开发者夜校 | 智能体开发实战培训 09/23 周三 19:30 广东深圳 极视角科技股份有限公司 粉丝  8671 极视角科技股份有限公司 活动 43 粉丝 8671 +关注 跨境卖家闭门圆桌实战会|6位实战派专家——AIx产品xDTC一线操盘经验分享 09/23 周三 14:00 广东深圳 出海独立赞 粉丝  138 出海独立赞 活动 7 粉丝 138 +关注 备战黑五 筹备网一|深圳DTC品牌操盘手社群|深圳中秋聚会 09/23 周三 18:30 广东深圳 深圳DTC品牌操盘手社群 粉丝  1111 深圳DTC品牌操盘手社群 活动 25 粉丝 1111 +关注,,,,https://www.huodongxing.com/event/7877498901500,,免费,活动行,广东省,深圳,活动行平台支付/报名
OFweek 2026（第十一届）  中国人工智能与物联网技术创新大会,,网站导航 热门站点 全国站 北京站 上海站 广州站 深圳站 杭州站 武汉站 成都站 长沙站 精选推荐 首页 行业 生活 学习 找活动 找主办方 专题精选 人气榜 下载App 更多服务 找场地 活动百宝箱 主办方管理中心 主办方vip 活动行管家 大会解决方案 关注活动行 | 小程序 | 帮助中心 深圳 当前定位城市: 热门城市: 全国 北京 上海 广州 深圳 杭州 武汉 成都 长沙 南京 重庆 苏州 其它城市: 西安 郑州 厦门 天津 宁波 青岛 东莞 佛山 济南 珠海 合肥 福州 石家庄 昆明 查找更多城市 > 首页 分类 解决方案 场景方案 线上峰会/研讨会 从宣传推广、名单收集、直播互动、线下拍摄/导播、数据分析等一站式直播解决方案 活动行企业版 专为对品牌、数据安全要求较高的企业/商会协会/会展公司等打造的活动管理系统 数字云展厅 定制图文音视频展厅/元宇宙展厅，独立的展商详情页、商机收集等 私有化部署 快速私有化部署企业私有活动管理解决方案，支持阿里云、腾讯云、AWS等 免费创建 下载APP 业务合作 主办方中心 注册 / 登录 推荐 发现活动 人气榜 主办方 精选专题 意见反馈 回到顶部 城市: 全国 北京 上海 深圳 广州 杭州 成都 武汉 重庆 南京 苏州 长沙 西安 厦门 郑州 东莞 青岛 天津 宁波 昆明 香港 澳门 更多城市 分类: 时间: 全部 本周 本周末 1个月内 形式： 线下活动 线上活动 综合排序 最新发布 热门点击 最多参与 OFweek 2026（第十一届）  中国人工智能与物联网技术创新大会 12/18 周五 09:00 广东深圳 OFweek维科网 粉丝  83777 OFweek维科网 活动 493 粉丝 83777 +关注 2026算力展暨工业智算应用大会——「AI算力场景应用与产业融合·智算中心与工业场景落地」 10/28 周三 09:00 广东深圳 OFweek维科网 粉丝  83777 OFweek维科网 活动 493 粉丝 83777 +关注 安克移动影院 X1 Pro 中国线下首发 09/19 周六 14:00 广东深圳 INNO100 粉丝  2265 INNO100 活动 22 粉丝 2265 +关注 NEPCON ASIA 2026亚洲电子展火热报名中，看遍电子制造新设备和新技术 10/27 周二 ~ 10/29 周四 广东深圳 华强电子网 粉丝  20234 华强电子网 活动 111 粉丝 20234 +关注 第二届国产芯片技术创新与市场应用论坛 10/27 周二 13:00 广东深圳 华强电子网 粉丝  20234 华强电子网 活动 111 粉丝 20234 +关注 鸿蒙HarmonyOS应用开发者培训免费学，考完最高补贴2万元。 09/18 周五 ~ 09/20 周日 广东深圳 胡先生 粉丝  38 胡先生 活动 3 粉丝 38 +关注 Connect 引力场 | 深圳 Ai OPC 野生发布会 09/20 周日 14:00 广东深圳 Connect引力场 粉丝  187 Connect引力场 活动 4 粉丝 187 +关注 走进长虹佳华——AI与云驱动的智能制造 明天 14:00 广东深圳 佳华未来科技派 粉丝  98 佳华未来科技派 活动 7 粉丝 98 +关注 「壳」以安心 绿色同行 手配安心材质联盟发布会 09/21 周一 13:30 广东深圳 广东省电子商务协会 粉丝  39639 广东省电子商务协会 活动 315 粉丝 39639 +关注 《了凡四训》线下读书会 09/15 周二 ~ 10/10 周六 广东深圳 传统文化读书会 粉丝  319 传统文化读书会 活动 10 粉丝 319 +关注 教育机构CEO饭局(0919期)(深圳站) 09/19 周六 15:00 广东深圳 羽翼课堂 粉丝  22467 羽翼课堂 活动 714 粉丝 22467 +关注 【上午专场生态赋能】AIZQ2026AI硬件出海生态投融资大会 09/23 周三 09:00 广东深圳 AIZQ知穹传媒 粉丝  8241 AIZQ知穹传媒 活动 12 粉丝 8241 +关注 早鸟特惠 TikTok电商+AI视频，爆单内容矩阵放量工作坊——讲透AI+内容底层逻辑掌握流量与转化 明天 13:30 广东深圳 花果山MountFF 粉丝  4450 花果山MountFF 活动 80 粉丝 4450 +关注 早鸟特惠 TikTok Shop×AI智能体实战课：WorkBuddy+Codex一天跑通跨境经营全链路 09/22 周二 09:00 广东深圳 TikTok 卖家门户网TKFFF 粉丝  12372 TikTok 卖家门户网TKFFF 活动 365 粉丝 12372 +关注 俄见新局，共赢增长——第三届Yandex营销创新峰会 今天 14:00 广东深圳 易海创腾 粉丝  8457 易海创腾 活动 214 粉丝 8457 +关注 已成（深圳）OPC一人公司创业/副业交流，解锁轻创业新可能，看看超级个体创业路径 09/19 周六 14:00 广东深圳 草莓小饼干 粉丝  658 草莓小饼干 活动 806 粉丝 658 +关注 用AI定义跨境4.0时代-【AI全链路落地+AMC广告实战+AI视觉策划】专题培训课 09/23 周三 13:00 广东深圳 跨境智汇 粉丝  31 跨境智汇 活动 5 粉丝 31 +关注 【百度智能云】超级智能体大会-深圳站 09/20 周日 09:00 广东深圳 投资家网 粉丝  120108 投资家网 活动 281 粉丝 120108 +关注 OPC+AI跨境出海新模式 09/19 周六 14:00 广东深圳 深圳市奥创跨境电商科技有限公司 粉丝  288 深圳市奥创跨境电商科技有限公司 活动 7 粉丝 288 +关注 学TikTok Shop运营，找大湾区爆品货源！ 明天 13:45 广东深圳 Bidnex 粉丝  498 Bidnex 活动 7 粉丝 498 +关注,,,,https://www.huodongxing.com/event/2871844488300,,免费,活动行,广东省,深圳,活动行平台支付/报名
2026算力展暨工业智算应用大会——「AI算力场景应用与产业融合·智算中心与工业场景落地」,,网站导航 热门站点 全国站 北京站 上海站 广州站 深圳站 杭州站 武汉站 成都站 长沙站 精选推荐 首页 行业 生活 学习 找活动 找主办方 专题精选 人气榜 下载App 更多服务 找场地 活动百宝箱 主办方管理中心 主办方vip 活动行管家 大会解决方案 关注活动行 | 小程序 | 帮助中心 深圳 当前定位城市: 热门城市: 全国 北京 上海 广州 深圳 杭州 武汉 成都 长沙 南京 重庆 苏州 其它城市: 西安 郑州 厦门 天津 宁波 青岛 东莞 佛山 济南 珠海 合肥 福州 石家庄 昆明 查找更多城市 > 首页 分类 解决方案 场景方案 线上峰会/研讨会 从宣传推广、名单收集、直播互动、线下拍摄/导播、数据分析等一站式直播解决方案 活动行企业版 专为对品牌、数据安全要求较高的企业/商会协会/会展公司等打造的活动管理系统 数字云展厅 定制图文音视频展厅/元宇宙展厅，独立的展商详情页、商机收集等 私有化部署 快速私有化部署企业私有活动管理解决方案，支持阿里云、腾讯云、AWS等 免费创建 下载APP 业务合作 主办方中心 注册 / 登录 推荐 发现活动 人气榜 主办方 精选专题 意见反馈 回到顶部 城市: 全国 北京 上海 深圳 广州 杭州 成都 武汉 重庆 南京 苏州 长沙 西安 厦门 郑州 东莞 青岛 天津 宁波 昆明 香港 澳门 更多城市 分类: 时间: 全部 本周 本周末 1个月内 形式： 线下活动 线上活动 综合排序 最新发布 热门点击 最多参与 OFweek 2026（第十一届）  中国人工智能与物联网技术创新大会 12/18 周五 09:00 广东深圳 OFweek维科网 粉丝  83777 OFweek维科网 活动 493 粉丝 83777 +关注 2026算力展暨工业智算应用大会——「AI算力场景应用与产业融合·智算中心与工业场景落地」 10/28 周三 09:00 广东深圳 OFweek维科网 粉丝  83777 OFweek维科网 活动 493 粉丝 83777 +关注 安克移动影院 X1 Pro 中国线下首发 09/19 周六 14:00 广东深圳 INNO100 粉丝  2265 INNO100 活动 22 粉丝 2265 +关注 NEPCON ASIA 2026亚洲电子展火热报名中，看遍电子制造新设备和新技术 10/27 周二 ~ 10/29 周四 广东深圳 华强电子网 粉丝  20234 华强电子网 活动 111 粉丝 20234 +关注 第二届国产芯片技术创新与市场应用论坛 10/27 周二 13:00 广东深圳 华强电子网 粉丝  20234 华强电子网 活动 111 粉丝 20234 +关注 鸿蒙HarmonyOS应用开发者培训免费学，考完最高补贴2万元。 09/18 周五 ~ 09/20 周日 广东深圳 胡先生 粉丝  38 胡先生 活动 3 粉丝 38 +关注 Connect 引力场 | 深圳 Ai OPC 野生发布会 09/20 周日 14:00 广东深圳 Connect引力场 粉丝  187 Connect引力场 活动 4 粉丝 187 +关注 走进长虹佳华——AI与云驱动的智能制造 明天 14:00 广东深圳 佳华未来科技派 粉丝  98 佳华未来科技派 活动 7 粉丝 98 +关注 「壳」以安心 绿色同行 手配安心材质联盟发布会 09/21 周一 13:30 广东深圳 广东省电子商务协会 粉丝  39639 广东省电子商务协会 活动 315 粉丝 39639 +关注 《了凡四训》线下读书会 09/15 周二 ~ 10/10 周六 广东深圳 传统文化读书会 粉丝  319 传统文化读书会 活动 10 粉丝 319 +关注 教育机构CEO饭局(0919期)(深圳站) 09/19 周六 15:00 广东深圳 羽翼课堂 粉丝  22467 羽翼课堂 活动 714 粉丝 22467 +关注 【上午专场生态赋能】AIZQ2026AI硬件出海生态投融资大会 09/23 周三 09:00 广东深圳 AIZQ知穹传媒 粉丝  8241 AIZQ知穹传媒 活动 12 粉丝 8241 +关注 早鸟特惠 TikTok电商+AI视频，爆单内容矩阵放量工作坊——讲透AI+内容底层逻辑掌握流量与转化 明天 13:30 广东深圳 花果山MountFF 粉丝  4450 花果山MountFF 活动 80 粉丝 4450 +关注 早鸟特惠 TikTok Shop×AI智能体实战课：WorkBuddy+Codex一天跑通跨境经营全链路 09/22 周二 09:00 广东深圳 TikTok 卖家门户网TKFFF 粉丝  12372 TikTok 卖家门户网TKFFF 活动 365 粉丝 12372 +关注 俄见新局，共赢增长——第三届Yandex营销创新峰会 今天 14:00 广东深圳 易海创腾 粉丝  8457 易海创腾 活动 214 粉丝 8457 +关注 已成（深圳）OPC一人公司创业/副业交流，解锁轻创业新可能，看看超级个体创业路径 09/19 周六 14:00 广东深圳 草莓小饼干 粉丝  658 草莓小饼干 活动 806 粉丝 658 +关注 用AI定义跨境4.0时代-【AI全链路落地+AMC广告实战+AI视觉策划】专题培训课 09/23 周三 13:00 广东深圳 跨境智汇 粉丝  31 跨境智汇 活动 5 粉丝 31 +关注 【百度智能云】超级智能体大会-深圳站 09/20 周日 09:00 广东深圳 投资家网 粉丝  120108 投资家网 活动 281 粉丝 120108 +关注 OPC+AI跨境出海新模式 09/19 周六 14:00 广东深圳 深圳市奥创跨境电商科技有限公司 粉丝  288 深圳市奥创跨境电商科技有限公司 活动 7 粉丝 288 +关注 学TikTok Shop运营，找大湾区爆品货源！ 明天 13:45 广东深圳 Bidnex 粉丝  498 Bidnex 活动 7 粉丝 498 +关注,,,,https://www.huodongxing.com/event/5878488441400,,免费,活动行,广东省,深圳,活动行平台支付/报名
安克移动影院 X1 Pro 中国线下首发,,网站导航 热门站点 全国站 北京站 上海站 广州站 深圳站 杭州站 武汉站 成都站 长沙站 精选推荐 首页 行业 生活 学习 找活动 找主办方 专题精选 人气榜 下载App 更多服务 找场地 活动百宝箱 主办方管理中心 主办方vip 活动行管家 大会解决方案 关注活动行 | 小程序 | 帮助中心 深圳 当前定位城市: 热门城市: 全国 北京 上海 广州 深圳 杭州 武汉 成都 长沙 南京 重庆 苏州 其它城市: 西安 郑州 厦门 天津 宁波 青岛 东莞 佛山 济南 珠海 合肥 福州 石家庄 昆明 查找更多城市 > 首页 分类 解决方案 场景方案 线上峰会/研讨会 从宣传推广、名单收集、直播互动、线下拍摄/导播、数据分析等一站式直播解决方案 活动行企业版 专为对品牌、数据安全要求较高的企业/商会协会/会展公司等打造的活动管理系统 数字云展厅 定制图文音视频展厅/元宇宙展厅，独立的展商详情页、商机收集等 私有化部署 快速私有化部署企业私有活动管理解决方案，支持阿里云、腾讯云、AWS等 免费创建 下载APP 业务合作 主办方中心 注册 / 登录 推荐 发现活动 人气榜 主办方 精选专题 意见反馈 回到顶部 城市: 全国 北京 上海 深圳 广州 杭州 成都 武汉 重庆 南京 苏州 长沙 西安 厦门 郑州 东莞 青岛 天津 宁波 昆明 香港 澳门 更多城市 分类: 时间: 全部 本周 本周末 1个月内 形式： 线下活动 线上活动 综合排序 最新发布 热门点击 最多参与 OFweek 2026（第十一届）  中国人工智能与物联网技术创新大会 12/18 周五 09:00 广东深圳 OFweek维科网 粉丝  83777 OFweek维科网 活动 493 粉丝 83777 +关注 2026算力展暨工业智算应用大会——「AI算力场景应用与产业融合·智算中心与工业场景落地」 10/28 周三 09:00 广东深圳 OFweek维科网 粉丝  83777 OFweek维科网 活动 493 粉丝 83777 +关注 安克移动影院 X1 Pro 中国线下首发 09/19 周六 14:00 广东深圳 INNO100 粉丝  2265 INNO100 活动 22 粉丝 2265 +关注 NEPCON ASIA 2026亚洲电子展火热报名中，看遍电子制造新设备和新技术 10/27 周二 ~ 10/29 周四 广东深圳 华强电子网 粉丝  20234 华强电子网 活动 111 粉丝 20234 +关注 第二届国产芯片技术创新与市场应用论坛 10/27 周二 13:00 广东深圳 华强电子网 粉丝  20234 华强电子网 活动 111 粉丝 20234 +关注 鸿蒙HarmonyOS应用开发者培训免费学，考完最高补贴2万元。 09/18 周五 ~ 09/20 周日 广东深圳 胡先生 粉丝  38 胡先生 活动 3 粉丝 38 +关注 Connect 引力场 | 深圳 Ai OPC 野生发布会 09/20 周日 14:00 广东深圳 Connect引力场 粉丝  187 Connect引力场 活动 4 粉丝 187 +关注 走进长虹佳华——AI与云驱动的智能制造 明天 14:00 广东深圳 佳华未来科技派 粉丝  98 佳华未来科技派 活动 7 粉丝 98 +关注 「壳」以安心 绿色同行 手配安心材质联盟发布会 09/21 周一 13:30 广东深圳 广东省电子商务协会 粉丝  39639 广东省电子商务协会 活动 315 粉丝 39639 +关注 《了凡四训》线下读书会 09/15 周二 ~ 10/10 周六 广东深圳 传统文化读书会 粉丝  319 传统文化读书会 活动 10 粉丝 319 +关注 教育机构CEO饭局(0919期)(深圳站) 09/19 周六 15:00 广东深圳 羽翼课堂 粉丝  22467 羽翼课堂 活动 714 粉丝 22467 +关注 【上午专场生态赋能】AIZQ2026AI硬件出海生态投融资大会 09/23 周三 09:00 广东深圳 AIZQ知穹传媒 粉丝  8241 AIZQ知穹传媒 活动 12 粉丝 8241 +关注 早鸟特惠 TikTok电商+AI视频，爆单内容矩阵放量工作坊——讲透AI+内容底层逻辑掌握流量与转化 明天 13:30 广东深圳 花果山MountFF 粉丝  4450 花果山MountFF 活动 80 粉丝 4450 +关注 早鸟特惠 TikTok Shop×AI智能体实战课：WorkBuddy+Codex一天跑通跨境经营全链路 09/22 周二 09:00 广东深圳 TikTok 卖家门户网TKFFF 粉丝  12372 TikTok 卖家门户网TKFFF 活动 365 粉丝 12372 +关注 俄见新局，共赢增长——第三届Yandex营销创新峰会 今天 14:00 广东深圳 易海创腾 粉丝  8457 易海创腾 活动 214 粉丝 8457 +关注 已成（深圳）OPC一人公司创业/副业交流，解锁轻创业新可能，看看超级个体创业路径 09/19 周六 14:00 广东深圳 草莓小饼干 粉丝  658 草莓小饼干 活动 806 粉丝 658 +关注 用AI定义跨境4.0时代-【AI全链路落地+AMC广告实战+AI视觉策划】专题培训课 09/23 周三 13:00 广东深圳 跨境智汇 粉丝  31 跨境智汇 活动 5 粉丝 31 +关注 【百度智能云】超级智能体大会-深圳站 09/20 周日 09:00 广东深圳 投资家网 粉丝  120108 投资家网 活动 281 粉丝 120108 +关注 OPC+AI跨境出海新模式 09/19 周六 14:00 广东深圳 深圳市奥创跨境电商科技有限公司 粉丝  288 深圳市奥创跨境电商科技有限公司 活动 7 粉丝 288 +关注 学TikTok Shop运营，找大湾区爆品货源！ 明天 13:45 广东深圳 Bidnex 粉丝  498 Bidnex 活动 7 粉丝 498 +关注,,,,https://www.huodongxing.com/event/3878044485800,,免费,活动行,广东省,深圳,活动行平台支付/报名
NEPCON ASIA 2026亚洲电子展火热报名中，看遍电子制造新设备和新技术,,网站导航 热门站点 全国站 北京站 上海站 广州站 深圳站 杭州站 武汉站 成都站 长沙站 精选推荐 首页 行业 生活 学习 找活动 找主办方 专题精选 人气榜 下载App 更多服务 找场地 活动百宝箱 主办方管理中心 主办方vip 活动行管家 大会解决方案 关注活动行 | 小程序 | 帮助中心 深圳 当前定位城市: 热门城市: 全国 北京 上海 广州 深圳 杭州 武汉 成都 长沙 南京 重庆 苏州 其它城市: 西安 郑州 厦门 天津 宁波 青岛 东莞 佛山 济南 珠海 合肥 福州 石家庄 昆明 查找更多城市 > 首页 分类 解决方案 场景方案 线上峰会/研讨会 从宣传推广、名单收集、直播互动、线下拍摄/导播、数据分析等一站式直播解决方案 活动行企业版 专为对品牌、数据安全要求较高的企业/商会协会/会展公司等打造的活动管理系统 数字云展厅 定制图文音视频展厅/元宇宙展厅，独立的展商详情页、商机收集等 私有化部署 快速私有化部署企业私有活动管理解决方案，支持阿里云、腾讯云、AWS等 免费创建 下载APP 业务合作 主办方中心 注册 / 登录 推荐 发现活动 人气榜 主办方 精选专题 意见反馈 回到顶部 城市: 全国 北京 上海 深圳 广州 杭州 成都 武汉 重庆 南京 苏州 长沙 西安 厦门 郑州 东莞 青岛 天津 宁波 昆明 香港 澳门 更多城市 分类: 时间: 全部 本周 本周末 1个月内 形式： 线下活动 线上活动 综合排序 最新发布 热门点击 最多参与 OFweek 2026（第十一届）  中国人工智能与物联网技术创新大会 12/18 周五 09:00 广东深圳 OFweek维科网 粉丝  83777 OFweek维科网 活动 493 粉丝 83777 +关注 2026算力展暨工业智算应用大会——「AI算力场景应用与产业融合·智算中心与工业场景落地」 10/28 周三 09:00 广东深圳 OFweek维科网 粉丝  83777 OFweek维科网 活动 493 粉丝 83777 +关注 安克移动影院 X1 Pro 中国线下首发 09/19 周六 14:00 广东深圳 INNO100 粉丝  2265 INNO100 活动 22 粉丝 2265 +关注 NEPCON ASIA 2026亚洲电子展火热报名中，看遍电子制造新设备和新技术 10/27 周二 ~ 10/29 周四 广东深圳 华强电子网 粉丝  20234 华强电子网 活动 111 粉丝 20234 +关注 第二届国产芯片技术创新与市场应用论坛 10/27 周二 13:00 广东深圳 华强电子网 粉丝  20234 华强电子网 活动 111 粉丝 20234 +关注 鸿蒙HarmonyOS应用开发者培训免费学，考完最高补贴2万元。 09/18 周五 ~ 09/20 周日 广东深圳 胡先生 粉丝  38 胡先生 活动 3 粉丝 38 +关注 Connect 引力场 | 深圳 Ai OPC 野生发布会 09/20 周日 14:00 广东深圳 Connect引力场 粉丝  187 Connect引力场 活动 4 粉丝 187 +关注 走进长虹佳华——AI与云驱动的智能制造 明天 14:00 广东深圳 佳华未来科技派 粉丝  98 佳华未来科技派 活动 7 粉丝 98 +关注 「壳」以安心 绿色同行 手配安心材质联盟发布会 09/21 周一 13:30 广东深圳 广东省电子商务协会 粉丝  39639 广东省电子商务协会 活动 315 粉丝 39639 +关注 《了凡四训》线下读书会 09/15 周二 ~ 10/10 周六 广东深圳 传统文化读书会 粉丝  319 传统文化读书会 活动 10 粉丝 319 +关注 教育机构CEO饭局(0919期)(深圳站) 09/19 周六 15:00 广东深圳 羽翼课堂 粉丝  22467 羽翼课堂 活动 714 粉丝 22467 +关注 【上午专场生态赋能】AIZQ2026AI硬件出海生态投融资大会 09/23 周三 09:00 广东深圳 AIZQ知穹传媒 粉丝  8241 AIZQ知穹传媒 活动 12 粉丝 8241 +关注 早鸟特惠 TikTok电商+AI视频，爆单内容矩阵放量工作坊——讲透AI+内容底层逻辑掌握流量与转化 明天 13:30 广东深圳 花果山MountFF 粉丝  4450 花果山MountFF 活动 80 粉丝 4450 +关注 早鸟特惠 TikTok Shop×AI智能体实战课：WorkBuddy+Codex一天跑通跨境经营全链路 09/22 周二 09:00 广东深圳 TikTok 卖家门户网TKFFF 粉丝  12372 TikTok 卖家门户网TKFFF 活动 365 粉丝 12372 +关注 俄见新局，共赢增长——第三届Yandex营销创新峰会 今天 14:00 广东深圳 易海创腾 粉丝  8457 易海创腾 活动 214 粉丝 8457 +关注 已成（深圳）OPC一人公司创业/副业交流，解锁轻创业新可能，看看超级个体创业路径 09/19 周六 14:00 广东深圳 草莓小饼干 粉丝  658 草莓小饼干 活动 806 粉丝 658 +关注 用AI定义跨境4.0时代-【AI全链路落地+AMC广告实战+AI视觉策划】专题培训课 09/23 周三 13:00 广东深圳 跨境智汇 粉丝  31 跨境智汇 活动 5 粉丝 31 +关注 【百度智能云】超级智能体大会-深圳站 09/20 周日 09:00 广东深圳 投资家网 粉丝  120108 投资家网 活动 281 粉丝 120108 +关注 OPC+AI跨境出海新模式 09/19 周六 14:00 广东深圳 深圳市奥创跨境电商科技有限公司 粉丝  288 深圳市奥创跨境电商科技有限公司 活动 7 粉丝 288 +关注 学TikTok Shop运营，找大湾区爆品货源！ 明天 13:45 广东深圳 Bidnex 粉丝  498 Bidnex 活动 7 粉丝 498 +关注,,,,https://www.huodongxing.com/event/8877021059300,,免费,活动行,广东省,深圳,活动行平台支付/报名
第二届国产芯片技术创新与市场应用论坛,,网站导航 热门站点 全国站 北京站 上海站 广州站 深圳站 杭州站 武汉站 成都站 长沙站 精选推荐 首页 行业 生活 学习 找活动 找主办方 专题精选 人气榜 下载App 更多服务 找场地 活动百宝箱 主办方管理中心 主办方vip 活动行管家 大会解决方案 关注活动行 | 小程序 | 帮助中心 深圳 当前定位城市: 热门城市: 全国 北京 上海 广州 深圳 杭州 武汉 成都 长沙 南京 重庆 苏州 其它城市: 西安 郑州 厦门 天津 宁波 青岛 东莞 佛山 济南 珠海 合肥 福州 石家庄 昆明 查找更多城市 > 首页 分类 解决方案 场景方案 线上峰会/研讨会 从宣传推广、名单收集、直播互动、线下拍摄/导播、数据分析等一站式直播解决方案 活动行企业版 专为对品牌、数据安全要求较高的企业/商会协会/会展公司等打造的活动管理系统 数字云展厅 定制图文音视频展厅/元宇宙展厅，独立的展商详情页、商机收集等 私有化部署 快速私有化部署企业私有活动管理解决方案，支持阿里云、腾讯云、AWS等 免费创建 下载APP 业务合作 主办方中心 注册 / 登录 推荐 发现活动 人气榜 主办方 精选专题 意见反馈 回到顶部 城市: 全国 北京 上海 深圳 广州 杭州 成都 武汉 重庆 南京 苏州 长沙 西安 厦门 郑州 东莞 青岛 天津 宁波 昆明 香港 澳门 更多城市 分类: 时间: 全部 本周 本周末 1个月内 形式： 线下活动 线上活动 综合排序 最新发布 热门点击 最多参与 OFweek 2026（第十一届）  中国人工智能与物联网技术创新大会 12/18 周五 09:00 广东深圳 OFweek维科网 粉丝  83777 OFweek维科网 活动 493 粉丝 83777 +关注 2026算力展暨工业智算应用大会——「AI算力场景应用与产业融合·智算中心与工业场景落地」 10/28 周三 09:00 广东深圳 OFweek维科网 粉丝  83777 OFweek维科网 活动 493 粉丝 83777 +关注 安克移动影院 X1 Pro 中国线下首发 09/19 周六 14:00 广东深圳 INNO100 粉丝  2265 INNO100 活动 22 粉丝 2265 +关注 NEPCON ASIA 2026亚洲电子展火热报名中，看遍电子制造新设备和新技术 10/27 周二 ~ 10/29 周四 广东深圳 华强电子网 粉丝  20234 华强电子网 活动 111 粉丝 20234 +关注 第二届国产芯片技术创新与市场应用论坛 10/27 周二 13:00 广东深圳 华强电子网 粉丝  20234 华强电子网 活动 111 粉丝 20234 +关注 鸿蒙HarmonyOS应用开发者培训免费学，考完最高补贴2万元。 09/18 周五 ~ 09/20 周日 广东深圳 胡先生 粉丝  38 胡先生 活动 3 粉丝 38 +关注 Connect 引力场 | 深圳 Ai OPC 野生发布会 09/20 周日 14:00 广东深圳 Connect引力场 粉丝  187 Connect引力场 活动 4 粉丝 187 +关注 走进长虹佳华——AI与云驱动的智能制造 明天 14:00 广东深圳 佳华未来科技派 粉丝  98 佳华未来科技派 活动 7 粉丝 98 +关注 「壳」以安心 绿色同行 手配安心材质联盟发布会 09/21 周一 13:30 广东深圳 广东省电子商务协会 粉丝  39639 广东省电子商务协会 活动 315 粉丝 39639 +关注 《了凡四训》线下读书会 09/15 周二 ~ 10/10 周六 广东深圳 传统文化读书会 粉丝  319 传统文化读书会 活动 10 粉丝 319 +关注 教育机构CEO饭局(0919期)(深圳站) 09/19 周六 15:00 广东深圳 羽翼课堂 粉丝  22467 羽翼课堂 活动 714 粉丝 22467 +关注 【上午专场生态赋能】AIZQ2026AI硬件出海生态投融资大会 09/23 周三 09:00 广东深圳 AIZQ知穹传媒 粉丝  8241 AIZQ知穹传媒 活动 12 粉丝 8241 +关注 早鸟特惠 TikTok电商+AI视频，爆单内容矩阵放量工作坊——讲透AI+内容底层逻辑掌握流量与转化 明天 13:30 广东深圳 花果山MountFF 粉丝  4450 花果山MountFF 活动 80 粉丝 4450 +关注 早鸟特惠 TikTok Shop×AI智能体实战课：WorkBuddy+Codex一天跑通跨境经营全链路 09/22 周二 09:00 广东深圳 TikTok 卖家门户网TKFFF 粉丝  12372 TikTok 卖家门户网TKFFF 活动 365 粉丝 12372 +关注 俄见新局，共赢增长——第三届Yandex营销创新峰会 今天 14:00 广东深圳 易海创腾 粉丝  8457 易海创腾 活动 214 粉丝 8457 +关注 已成（深圳）OPC一人公司创业/副业交流，解锁轻创业新可能，看看超级个体创业路径 09/19 周六 14:00 广东深圳 草莓小饼干 粉丝  658 草莓小饼干 活动 806 粉丝 658 +关注 用AI定义跨境4.0时代-【AI全链路落地+AMC广告实战+AI视觉策划】专题培训课 09/23 周三 13:00 广东深圳 跨境智汇 粉丝  31 跨境智汇 活动 5 粉丝 31 +关注 【百度智能云】超级智能体大会-深圳站 09/20 周日 09:00 广东深圳 投资家网 粉丝  120108 投资家网 活动 281 粉丝 120108 +关注 OPC+AI跨境出海新模式 09/19 周六 14:00 广东深圳 深圳市奥创跨境电商科技有限公司 粉丝  288 深圳市奥创跨境电商科技有限公司 活动 7 粉丝 288 +关注 学TikTok Shop运营，找大湾区爆品货源！ 明天 13:45 广东深圳 Bidnex 粉丝  498 Bidnex 活动 7 粉丝 498 +关注,,,,https://www.huodongxing.com/event/6876735128800,,免费,活动行,广东省,深圳,活动行平台支付/报名
鸿蒙HarmonyOS应用开发者培训免费学，考完最高补贴2万元。,,网站导航 热门站点 全国站 北京站 上海站 广州站 深圳站 杭州站 武汉站 成都站 长沙站 精选推荐 首页 行业 生活 学习 找活动 找主办方 专题精选 人气榜 下载App 更多服务 找场地 活动百宝箱 主办方管理中心 主办方vip 活动行管家 大会解决方案 关注活动行 | 小程序 | 帮助中心 深圳 当前定位城市: 热门城市: 全国 北京 上海 广州 深圳 杭州 武汉 成都 长沙 南京 重庆 苏州 其它城市: 西安 郑州 厦门 天津 宁波 青岛 东莞 佛山 济南 珠海 合肥 福州 石家庄 昆明 查找更多城市 > 首页 分类 解决方案 场景方案 线上峰会/研讨会 从宣传推广、名单收集、直播互动、线下拍摄/导播、数据分析等一站式直播解决方案 活动行企业版 专为对品牌、数据安全要求较高的企业/商会协会/会展公司等打造的活动管理系统 数字云展厅 定制图文音视频展厅/元宇宙展厅，独立的展商详情页、商机收集等 私有化部署 快速私有化部署企业私有活动管理解决方案，支持阿里云、腾讯云、AWS等 免费创建 下载APP 业务合作 主办方中心 注册 / 登录 推荐 发现活动 人气榜 主办方 精选专题 意见反馈 回到顶部 城市: 全国 北京 上海 深圳 广州 杭州 成都 武汉 重庆 南京 苏州 长沙 西安 厦门 郑州 东莞 青岛 天津 宁波 昆明 香港 澳门 更多城市 分类: 时间: 全部 本周 本周末 1个月内 形式： 线下活动 线上活动 综合排序 最新发布 热门点击 最多参与 OFweek 2026（第十一届）  中国人工智能与物联网技术创新大会 12/18 周五 09:00 广东深圳 OFweek维科网 粉丝  83777 OFweek维科网 活动 493 粉丝 83777 +关注 2026算力展暨工业智算应用大会——「AI算力场景应用与产业融合·智算中心与工业场景落地」 10/28 周三 09:00 广东深圳 OFweek维科网 粉丝  83777 OFweek维科网 活动 493 粉丝 83777 +关注 安克移动影院 X1 Pro 中国线下首发 09/19 周六 14:00 广东深圳 INNO100 粉丝  2265 INNO100 活动 22 粉丝 2265 +关注 NEPCON ASIA 2026亚洲电子展火热报名中，看遍电子制造新设备和新技术 10/27 周二 ~ 10/29 周四 广东深圳 华强电子网 粉丝  20234 华强电子网 活动 111 粉丝 20234 +关注 第二届国产芯片技术创新与市场应用论坛 10/27 周二 13:00 广东深圳 华强电子网 粉丝  20234 华强电子网 活动 111 粉丝 20234 +关注 鸿蒙HarmonyOS应用开发者培训免费学，考完最高补贴2万元。 09/18 周五 ~ 09/20 周日 广东深圳 胡先生 粉丝  38 胡先生 活动 3 粉丝 38 +关注 Connect 引力场 | 深圳 Ai OPC 野生发布会 09/20 周日 14:00 广东深圳 Connect引力场 粉丝  187 Connect引力场 活动 4 粉丝 187 +关注 走进长虹佳华——AI与云驱动的智能制造 明天 14:00 广东深圳 佳华未来科技派 粉丝  98 佳华未来科技派 活动 7 粉丝 98 +关注 「壳」以安心 绿色同行 手配安心材质联盟发布会 09/21 周一 13:30 广东深圳 广东省电子商务协会 粉丝  39639 广东省电子商务协会 活动 315 粉丝 39639 +关注 《了凡四训》线下读书会 09/15 周二 ~ 10/10 周六 广东深圳 传统文化读书会 粉丝  319 传统文化读书会 活动 10 粉丝 319 +关注 教育机构CEO饭局(0919期)(深圳站) 09/19 周六 15:00 广东深圳 羽翼课堂 粉丝  22467 羽翼课堂 活动 714 粉丝 22467 +关注 【上午专场生态赋能】AIZQ2026AI硬件出海生态投融资大会 09/23 周三 09:00 广东深圳 AIZQ知穹传媒 粉丝  8241 AIZQ知穹传媒 活动 12 粉丝 8241 +关注 早鸟特惠 TikTok电商+AI视频，爆单内容矩阵放量工作坊——讲透AI+内容底层逻辑掌握流量与转化 明天 13:30 广东深圳 花果山MountFF 粉丝  4450 花果山MountFF 活动 80 粉丝 4450 +关注 早鸟特惠 TikTok Shop×AI智能体实战课：WorkBuddy+Codex一天跑通跨境经营全链路 09/22 周二 09:00 广东深圳 TikTok 卖家门户网TKFFF 粉丝  12372 TikTok 卖家门户网TKFFF 活动 365 粉丝 12372 +关注 俄见新局，共赢增长——第三届Yandex营销创新峰会 今天 14:00 广东深圳 易海创腾 粉丝  8457 易海创腾 活动 214 粉丝 8457 +关注 已成（深圳）OPC一人公司创业/副业交流，解锁轻创业新可能，看看超级个体创业路径 09/19 周六 14:00 广东深圳 草莓小饼干 粉丝  658 草莓小饼干 活动 806 粉丝 658 +关注 用AI定义跨境4.0时代-【AI全链路落地+AMC广告实战+AI视觉策划】专题培训课 09/23 周三 13:00 广东深圳 跨境智汇 粉丝  31 跨境智汇 活动 5 粉丝 31 +关注 【百度智能云】超级智能体大会-深圳站 09/20 周日 09:00 广东深圳 投资家网 粉丝  120108 投资家网 活动 281 粉丝 120108 +关注 OPC+AI跨境出海新模式 09/19 周六 14:00 广东深圳 深圳市奥创跨境电商科技有限公司 粉丝  288 深圳市奥创跨境电商科技有限公司 活动 7 粉丝 288 +关注 学TikTok Shop运营，找大湾区爆品货源！ 明天 13:45 广东深圳 Bidnex 粉丝  498 Bidnex 活动 7 粉丝 498 +关注,,,,https://www.huodongxing.com/event/8878070702200,,免费,活动行,广东省,深圳,活动行平台支付/报名
Connect 引力场 | 深圳 Ai OPC 野生发布会,,网站导航 热门站点 全国站 北京站 上海站 广州站 深圳站 杭州站 武汉站 成都站 长沙站 精选推荐 首页 行业 生活 学习 找活动 找主办方 专题精选 人气榜 下载App 更多服务 找场地 活动百宝箱 主办方管理中心 主办方vip 活动行管家 大会解决方案 关注活动行 | 小程序 | 帮助中心 深圳 当前定位城市: 热门城市: 全国 北京 上海 广州 深圳 杭州 武汉 成都 长沙 南京 重庆 苏州 其它城市: 西安 郑州 厦门 天津 宁波 青岛 东莞 佛山 济南 珠海 合肥 福州 石家庄 昆明 查找更多城市 > 首页 分类 解决方案 场景方案 线上峰会/研讨会 从宣传推广、名单收集、直播互动、线下拍摄/导播、数据分析等一站式直播解决方案 活动行企业版 专为对品牌、数据安全要求较高的企业/商会协会/会展公司等打造的活动管理系统 数字云展厅 定制图文音视频展厅/元宇宙展厅，独立的展商详情页、商机收集等 私有化部署 快速私有化部署企业私有活动管理解决方案，支持阿里云、腾讯云、AWS等 免费创建 下载APP 业务合作 主办方中心 注册 / 登录 推荐 发现活动 人气榜 主办方 精选专题 意见反馈 回到顶部 城市: 全国 北京 上海 深圳 广州 杭州 成都 武汉 重庆 南京 苏州 长沙 西安 厦门 郑州 东莞 青岛 天津 宁波 昆明 香港 澳门 更多城市 分类: 时间: 全部 本周 本周末 1个月内 形式： 线下活动 线上活动 综合排序 最新发布 热门点击 最多参与 OFweek 2026（第十一届）  中国人工智能与物联网技术创新大会 12/18 周五 09:00 广东深圳 OFweek维科网 粉丝  83777 OFweek维科网 活动 493 粉丝 83777 +关注 2026算力展暨工业智算应用大会——「AI算力场景应用与产业融合·智算中心与工业场景落地」 10/28 周三 09:00 广东深圳 OFweek维科网 粉丝  83777 OFweek维科网 活动 493 粉丝 83777 +关注 安克移动影院 X1 Pro 中国线下首发 09/19 周六 14:00 广东深圳 INNO100 粉丝  2265 INNO100 活动 22 粉丝 2265 +关注 NEPCON ASIA 2026亚洲电子展火热报名中，看遍电子制造新设备和新技术 10/27 周二 ~ 10/29 周四 广东深圳 华强电子网 粉丝  20234 华强电子网 活动 111 粉丝 20234 +关注 第二届国产芯片技术创新与市场应用论坛 10/27 周二 13:00 广东深圳 华强电子网 粉丝  20234 华强电子网 活动 111 粉丝 20234 +关注 鸿蒙HarmonyOS应用开发者培训免费学，考完最高补贴2万元。 09/18 周五 ~ 09/20 周日 广东深圳 胡先生 粉丝  38 胡先生 活动 3 粉丝 38 +关注 Connect 引力场 | 深圳 Ai OPC 野生发布会 09/20 周日 14:00 广东深圳 Connect引力场 粉丝  187 Connect引力场 活动 4 粉丝 187 +关注 走进长虹佳华——AI与云驱动的智能制造 明天 14:00 广东深圳 佳华未来科技派 粉丝  98 佳华未来科技派 活动 7 粉丝 98 +关注 「壳」以安心 绿色同行 手配安心材质联盟发布会 09/21 周一 13:30 广东深圳 广东省电子商务协会 粉丝  39639 广东省电子商务协会 活动 315 粉丝 39639 +关注 《了凡四训》线下读书会 09/15 周二 ~ 10/10 周六 广东深圳 传统文化读书会 粉丝  319 传统文化读书会 活动 10 粉丝 319 +关注 教育机构CEO饭局(0919期)(深圳站) 09/19 周六 15:00 广东深圳 羽翼课堂 粉丝  22467 羽翼课堂 活动 714 粉丝 22467 +关注 【上午专场生态赋能】AIZQ2026AI硬件出海生态投融资大会 09/23 周三 09:00 广东深圳 AIZQ知穹传媒 粉丝  8241 AIZQ知穹传媒 活动 12 粉丝 8241 +关注 早鸟特惠 TikTok电商+AI视频，爆单内容矩阵放量工作坊——讲透AI+内容底层逻辑掌握流量与转化 明天 13:30 广东深圳 花果山MountFF 粉丝  4450 花果山MountFF 活动 80 粉丝 4450 +关注 早鸟特惠 TikTok Shop×AI智能体实战课：WorkBuddy+Codex一天跑通跨境经营全链路 09/22 周二 09:00 广东深圳 TikTok 卖家门户网TKFFF 粉丝  12372 TikTok 卖家门户网TKFFF 活动 365 粉丝 12372 +关注 俄见新局，共赢增长——第三届Yandex营销创新峰会 今天 14:00 广东深圳 易海创腾 粉丝  8457 易海创腾 活动 214 粉丝 8457 +关注 已成（深圳）OPC一人公司创业/副业交流，解锁轻创业新可能，看看超级个体创业路径 09/19 周六 14:00 广东深圳 草莓小饼干 粉丝  658 草莓小饼干 活动 806 粉丝 658 +关注 用AI定义跨境4.0时代-【AI全链路落地+AMC广告实战+AI视觉策划】专题培训课 09/23 周三 13:00 广东深圳 跨境智汇 粉丝  31 跨境智汇 活动 5 粉丝 31 +关注 【百度智能云】超级智能体大会-深圳站 09/20 周日 09:00 广东深圳 投资家网 粉丝  120108 投资家网 活动 281 粉丝 120108 +关注 OPC+AI跨境出海新模式 09/19 周六 14:00 广东深圳 深圳市奥创跨境电商科技有限公司 粉丝  288 深圳市奥创跨境电商科技有限公司 活动 7 粉丝 288 +关注 学TikTok Shop运营，找大湾区爆品货源！ 明天 13:45 广东深圳 Bidnex 粉丝  498 Bidnex 活动 7 粉丝 498 +关注,,,,https://www.huodongxing.com/event/5878459689300,,免费,活动行,广东省,深圳,活动行平台支付/报名
走进长虹佳华——AI与云驱动的智能制造,,网站导航 热门站点 全国站 北京站 上海站 广州站 深圳站 杭州站 武汉站 成都站 长沙站 精选推荐 首页 行业 生活 学习 找活动 找主办方 专题精选 人气榜 下载App 更多服务 找场地 活动百宝箱 主办方管理中心 主办方vip 活动行管家 大会解决方案 关注活动行 | 小程序 | 帮助中心 深圳 当前定位城市: 热门城市: 全国 北京 上海 广州 深圳 杭州 武汉 成都 长沙 南京 重庆 苏州 其它城市: 西安 郑州 厦门 天津 宁波 青岛 东莞 佛山 济南 珠海 合肥 福州 石家庄 昆明 查找更多城市 > 首页 分类 解决方案 场景方案 线上峰会/研讨会 从宣传推广、名单收集、直播互动、线下拍摄/导播、数据分析等一站式直播解决方案 活动行企业版 专为对品牌、数据安全要求较高的企业/商会协会/会展公司等打造的活动管理系统 数字云展厅 定制图文音视频展厅/元宇宙展厅，独立的展商详情页、商机收集等 私有化部署 快速私有化部署企业私有活动管理解决方案，支持阿里云、腾讯云、AWS等 免费创建 下载APP 业务合作 主办方中心 注册 / 登录 推荐 发现活动 人气榜 主办方 精选专题 意见反馈 回到顶部 城市: 全国 北京 上海 深圳 广州 杭州 成都 武汉 重庆 南京 苏州 长沙 西安 厦门 郑州 东莞 青岛 天津 宁波 昆明 香港 澳门 更多城市 分类: 时间: 全部 本周 本周末 1个月内 形式： 线下活动 线上活动 综合排序 最新发布 热门点击 最多参与 OFweek 2026（第十一届）  中国人工智能与物联网技术创新大会 12/18 周五 09:00 广东深圳 OFweek维科网 粉丝  83777 OFweek维科网 活动 493 粉丝 83777 +关注 2026算力展暨工业智算应用大会——「AI算力场景应用与产业融合·智算中心与工业场景落地」 10/28 周三 09:00 广东深圳 OFweek维科网 粉丝  83777 OFweek维科网 活动 493 粉丝 83777 +关注 安克移动影院 X1 Pro 中国线下首发 09/19 周六 14:00 广东深圳 INNO100 粉丝  2265 INNO100 活动 22 粉丝 2265 +关注 NEPCON ASIA 2026亚洲电子展火热报名中，看遍电子制造新设备和新技术 10/27 周二 ~ 10/29 周四 广东深圳 华强电子网 粉丝  20234 华强电子网 活动 111 粉丝 20234 +关注 第二届国产芯片技术创新与市场应用论坛 10/27 周二 13:00 广东深圳 华强电子网 粉丝  20234 华强电子网 活动 111 粉丝 20234 +关注 鸿蒙HarmonyOS应用开发者培训免费学，考完最高补贴2万元。 09/18 周五 ~ 09/20 周日 广东深圳 胡先生 粉丝  38 胡先生 活动 3 粉丝 38 +关注 Connect 引力场 | 深圳 Ai OPC 野生发布会 09/20 周日 14:00 广东深圳 Connect引力场 粉丝  187 Connect引力场 活动 4 粉丝 187 +关注 走进长虹佳华——AI与云驱动的智能制造 明天 14:00 广东深圳 佳华未来科技派 粉丝  98 佳华未来科技派 活动 7 粉丝 98 +关注 「壳」以安心 绿色同行 手配安心材质联盟发布会 09/21 周一 13:30 广东深圳 广东省电子商务协会 粉丝  39639 广东省电子商务协会 活动 315 粉丝 39639 +关注 《了凡四训》线下读书会 09/15 周二 ~ 10/10 周六 广东深圳 传统文化读书会 粉丝  319 传统文化读书会 活动 10 粉丝 319 +关注 教育机构CEO饭局(0919期)(深圳站) 09/19 周六 15:00 广东深圳 羽翼课堂 粉丝  22467 羽翼课堂 活动 714 粉丝 22467 +关注 【上午专场生态赋能】AIZQ2026AI硬件出海生态投融资大会 09/23 周三 09:00 广东深圳 AIZQ知穹传媒 粉丝  8241 AIZQ知穹传媒 活动 12 粉丝 8241 +关注 早鸟特惠 TikTok电商+AI视频，爆单内容矩阵放量工作坊——讲透AI+内容底层逻辑掌握流量与转化 明天 13:30 广东深圳 花果山MountFF 粉丝  4450 花果山MountFF 活动 80 粉丝 4450 +关注 早鸟特惠 TikTok Shop×AI智能体实战课：WorkBuddy+Codex一天跑通跨境经营全链路 09/22 周二 09:00 广东深圳 TikTok 卖家门户网TKFFF 粉丝  12372 TikTok 卖家门户网TKFFF 活动 365 粉丝 12372 +关注 俄见新局，共赢增长——第三届Yandex营销创新峰会 今天 14:00 广东深圳 易海创腾 粉丝  8457 易海创腾 活动 214 粉丝 8457 +关注 已成（深圳）OPC一人公司创业/副业交流，解锁轻创业新可能，看看超级个体创业路径 09/19 周六 14:00 广东深圳 草莓小饼干 粉丝  658 草莓小饼干 活动 806 粉丝 658 +关注 用AI定义跨境4.0时代-【AI全链路落地+AMC广告实战+AI视觉策划】专题培训课 09/23 周三 13:00 广东深圳 跨境智汇 粉丝  31 跨境智汇 活动 5 粉丝 31 +关注 【百度智能云】超级智能体大会-深圳站 09/20 周日 09:00 广东深圳 投资家网 粉丝  120108 投资家网 活动 281 粉丝 120108 +关注 OPC+AI跨境出海新模式 09/19 周六 14:00 广东深圳 深圳市奥创跨境电商科技有限公司 粉丝  288 深圳市奥创跨境电商科技有限公司 活动 7 粉丝 288 +关注 学TikTok Shop运营，找大湾区爆品货源！ 明天 13:45 广东深圳 Bidnex 粉丝  498 Bidnex 活动 7 粉丝 498 +关注,,,,https://www.huodongxing.com/event/8875032045200,,免费,活动行,广东省,深圳,活动行平台支付/报名
「壳」以安心 绿色同行 手配安心材质联盟发布会,,网站导航 热门站点 全国站 北京站 上海站 广州站 深圳站 杭州站 武汉站 成都站 长沙站 精选推荐 首页 行业 生活 学习 找活动 找主办方 专题精选 人气榜 下载App 更多服务 找场地 活动百宝箱 主办方管理中心 主办方vip 活动行管家 大会解决方案 关注活动行 | 小程序 | 帮助中心 深圳 当前定位城市: 热门城市: 全国 北京 上海 广州 深圳 杭州 武汉 成都 长沙 南京 重庆 苏州 其它城市: 西安 郑州 厦门 天津 宁波 青岛 东莞 佛山 济南 珠海 合肥 福州 石家庄 昆明 查找更多城市 > 首页 分类 解决方案 场景方案 线上峰会/研讨会 从宣传推广、名单收集、直播互动、线下拍摄/导播、数据分析等一站式直播解决方案 活动行企业版 专为对品牌、数据安全要求较高的企业/商会协会/会展公司等打造的活动管理系统 数字云展厅 定制图文音视频展厅/元宇宙展厅，独立的展商详情页、商机收集等 私有化部署 快速私有化部署企业私有活动管理解决方案，支持阿里云、腾讯云、AWS等 免费创建 下载APP 业务合作 主办方中心 注册 / 登录 推荐 发现活动 人气榜 主办方 精选专题 意见反馈 回到顶部 城市: 全国 北京 上海 深圳 广州 杭州 成都 武汉 重庆 南京 苏州 长沙 西安 厦门 郑州 东莞 青岛 天津 宁波 昆明 香港 澳门 更多城市 分类: 时间: 全部 本周 本周末 1个月内 形式： 线下活动 线上活动 综合排序 最新发布 热门点击 最多参与 OFweek 2026（第十一届）  中国人工智能与物联网技术创新大会 12/18 周五 09:00 广东深圳 OFweek维科网 粉丝  83777 OFweek维科网 活动 493 粉丝 83777 +关注 2026算力展暨工业智算应用大会——「AI算力场景应用与产业融合·智算中心与工业场景落地」 10/28 周三 09:00 广东深圳 OFweek维科网 粉丝  83777 OFweek维科网 活动 493 粉丝 83777 +关注 安克移动影院 X1 Pro 中国线下首发 09/19 周六 14:00 广东深圳 INNO100 粉丝  2265 INNO100 活动 22 粉丝 2265 +关注 NEPCON ASIA 2026亚洲电子展火热报名中，看遍电子制造新设备和新技术 10/27 周二 ~ 10/29 周四 广东深圳 华强电子网 粉丝  20234 华强电子网 活动 111 粉丝 20234 +关注 第二届国产芯片技术创新与市场应用论坛 10/27 周二 13:00 广东深圳 华强电子网 粉丝  20234 华强电子网 活动 111 粉丝 20234 +关注 鸿蒙HarmonyOS应用开发者培训免费学，考完最高补贴2万元。 09/18 周五 ~ 09/20 周日 广东深圳 胡先生 粉丝  38 胡先生 活动 3 粉丝 38 +关注 Connect 引力场 | 深圳 Ai OPC 野生发布会 09/20 周日 14:00 广东深圳 Connect引力场 粉丝  187 Connect引力场 活动 4 粉丝 187 +关注 走进长虹佳华——AI与云驱动的智能制造 明天 14:00 广东深圳 佳华未来科技派 粉丝  98 佳华未来科技派 活动 7 粉丝 98 +关注 「壳」以安心 绿色同行 手配安心材质联盟发布会 09/21 周一 13:30 广东深圳 广东省电子商务协会 粉丝  39639 广东省电子商务协会 活动 315 粉丝 39639 +关注 《了凡四训》线下读书会 09/15 周二 ~ 10/10 周六 广东深圳 传统文化读书会 粉丝  319 传统文化读书会 活动 10 粉丝 319 +关注 教育机构CEO饭局(0919期)(深圳站) 09/19 周六 15:00 广东深圳 羽翼课堂 粉丝  22467 羽翼课堂 活动 714 粉丝 22467 +关注 【上午专场生态赋能】AIZQ2026AI硬件出海生态投融资大会 09/23 周三 09:00 广东深圳 AIZQ知穹传媒 粉丝  8241 AIZQ知穹传媒 活动 12 粉丝 8241 +关注 早鸟特惠 TikTok电商+AI视频，爆单内容矩阵放量工作坊——讲透AI+内容底层逻辑掌握流量与转化 明天 13:30 广东深圳 花果山MountFF 粉丝  4450 花果山MountFF 活动 80 粉丝 4450 +关注 早鸟特惠 TikTok Shop×AI智能体实战课：WorkBuddy+Codex一天跑通跨境经营全链路 09/22 周二 09:00 广东深圳 TikTok 卖家门户网TKFFF 粉丝  12372 TikTok 卖家门户网TKFFF 活动 365 粉丝 12372 +关注 俄见新局，共赢增长——第三届Yandex营销创新峰会 今天 14:00 广东深圳 易海创腾 粉丝  8457 易海创腾 活动 214 粉丝 8457 +关注 已成（深圳）OPC一人公司创业/副业交流，解锁轻创业新可能，看看超级个体创业路径 09/19 周六 14:00 广东深圳 草莓小饼干 粉丝  658 草莓小饼干 活动 806 粉丝 658 +关注 用AI定义跨境4.0时代-【AI全链路落地+AMC广告实战+AI视觉策划】专题培训课 09/23 周三 13:00 广东深圳 跨境智汇 粉丝  31 跨境智汇 活动 5 粉丝 31 +关注 【百度智能云】超级智能体大会-深圳站 09/20 周日 09:00 广东深圳 投资家网 粉丝  120108 投资家网 活动 281 粉丝 120108 +关注 OPC+AI跨境出海新模式 09/19 周六 14:00 广东深圳 深圳市奥创跨境电商科技有限公司 粉丝  288 深圳市奥创跨境电商科技有限公司 活动 7 粉丝 288 +关注 学TikTok Shop运营，找大湾区爆品货源！ 明天 13:45 广东深圳 Bidnex 粉丝  498 Bidnex 活动 7 粉丝 498 +关注,,,,https://www.huodongxing.com/event/2877921241400,,免费,活动行,广东省,深圳,活动行平台支付/报名
《了凡四训》线下读书会,,网站导航 热门站点 全国站 北京站 上海站 广州站 深圳站 杭州站 武汉站 成都站 长沙站 精选推荐 首页 行业 生活 学习 找活动 找主办方 专题精选 人气榜 下载App 更多服务 找场地 活动百宝箱 主办方管理中心 主办方vip 活动行管家 大会解决方案 关注活动行 | 小程序 | 帮助中心 深圳 当前定位城市: 热门城市: 全国 北京 上海 广州 深圳 杭州 武汉 成都 长沙 南京 重庆 苏州 其它城市: 西安 郑州 厦门 天津 宁波 青岛 东莞 佛山 济南 珠海 合肥 福州 石家庄 昆明 查找更多城市 > 首页 分类 解决方案 场景方案 线上峰会/研讨会 从宣传推广、名单收集、直播互动、线下拍摄/导播、数据分析等一站式直播解决方案 活动行企业版 专为对品牌、数据安全要求较高的企业/商会协会/会展公司等打造的活动管理系统 数字云展厅 定制图文音视频展厅/元宇宙展厅，独立的展商详情页、商机收集等 私有化部署 快速私有化部署企业私有活动管理解决方案，支持阿里云、腾讯云、AWS等 免费创建 下载APP 业务合作 主办方中心 注册 / 登录 推荐 发现活动 人气榜 主办方 精选专题 意见反馈 回到顶部 城市: 全国 北京 上海 深圳 广州 杭州 成都 武汉 重庆 南京 苏州 长沙 西安 厦门 郑州 东莞 青岛 天津 宁波 昆明 香港 澳门 更多城市 分类: 时间: 全部 本周 本周末 1个月内 形式： 线下活动 线上活动 综合排序 最新发布 热门点击 最多参与 OFweek 2026（第十一届）  中国人工智能与物联网技术创新大会 12/18 周五 09:00 广东深圳 OFweek维科网 粉丝  83777 OFweek维科网 活动 493 粉丝 83777 +关注 2026算力展暨工业智算应用大会——「AI算力场景应用与产业融合·智算中心与工业场景落地」 10/28 周三 09:00 广东深圳 OFweek维科网 粉丝  83777 OFweek维科网 活动 493 粉丝 83777 +关注 安克移动影院 X1 Pro 中国线下首发 09/19 周六 14:00 广东深圳 INNO100 粉丝  2265 INNO100 活动 22 粉丝 2265 +关注 NEPCON ASIA 2026亚洲电子展火热报名中，看遍电子制造新设备和新技术 10/27 周二 ~ 10/29 周四 广东深圳 华强电子网 粉丝  20234 华强电子网 活动 111 粉丝 20234 +关注 第二届国产芯片技术创新与市场应用论坛 10/27 周二 13:00 广东深圳 华强电子网 粉丝  20234 华强电子网 活动 111 粉丝 20234 +关注 鸿蒙HarmonyOS应用开发者培训免费学，考完最高补贴2万元。 09/18 周五 ~ 09/20 周日 广东深圳 胡先生 粉丝  38 胡先生 活动 3 粉丝 38 +关注 Connect 引力场 | 深圳 Ai OPC 野生发布会 09/20 周日 14:00 广东深圳 Connect引力场 粉丝  187 Connect引力场 活动 4 粉丝 187 +关注 走进长虹佳华——AI与云驱动的智能制造 明天 14:00 广东深圳 佳华未来科技派 粉丝  98 佳华未来科技派 活动 7 粉丝 98 +关注 「壳」以安心 绿色同行 手配安心材质联盟发布会 09/21 周一 13:30 广东深圳 广东省电子商务协会 粉丝  39639 广东省电子商务协会 活动 315 粉丝 39639 +关注 《了凡四训》线下读书会 09/15 周二 ~ 10/10 周六 广东深圳 传统文化读书会 粉丝  319 传统文化读书会 活动 10 粉丝 319 +关注 教育机构CEO饭局(0919期)(深圳站) 09/19 周六 15:00 广东深圳 羽翼课堂 粉丝  22467 羽翼课堂 活动 714 粉丝 22467 +关注 【上午专场生态赋能】AIZQ2026AI硬件出海生态投融资大会 09/23 周三 09:00 广东深圳 AIZQ知穹传媒 粉丝  8241 AIZQ知穹传媒 活动 12 粉丝 8241 +关注 早鸟特惠 TikTok电商+AI视频，爆单内容矩阵放量工作坊——讲透AI+内容底层逻辑掌握流量与转化 明天 13:30 广东深圳 花果山MountFF 粉丝  4450 花果山MountFF 活动 80 粉丝 4450 +关注 早鸟特惠 TikTok Shop×AI智能体实战课：WorkBuddy+Codex一天跑通跨境经营全链路 09/22 周二 09:00 广东深圳 TikTok 卖家门户网TKFFF 粉丝  12372 TikTok 卖家门户网TKFFF 活动 365 粉丝 12372 +关注 俄见新局，共赢增长——第三届Yandex营销创新峰会 今天 14:00 广东深圳 易海创腾 粉丝  8457 易海创腾 活动 214 粉丝 8457 +关注 已成（深圳）OPC一人公司创业/副业交流，解锁轻创业新可能，看看超级个体创业路径 09/19 周六 14:00 广东深圳 草莓小饼干 粉丝  658 草莓小饼干 活动 806 粉丝 658 +关注 用AI定义跨境4.0时代-【AI全链路落地+AMC广告实战+AI视觉策划】专题培训课 09/23 周三 13:00 广东深圳 跨境智汇 粉丝  31 跨境智汇 活动 5 粉丝 31 +关注 【百度智能云】超级智能体大会-深圳站 09/20 周日 09:00 广东深圳 投资家网 粉丝  120108 投资家网 活动 281 粉丝 120108 +关注 OPC+AI跨境出海新模式 09/19 周六 14:00 广东深圳 深圳市奥创跨境电商科技有限公司 粉丝  288 深圳市奥创跨境电商科技有限公司 活动 7 粉丝 288 +关注 学TikTok Shop运营，找大湾区爆品货源！ 明天 13:45 广东深圳 Bidnex 粉丝  498 Bidnex 活动 7 粉丝 498 +关注,,,,https://www.huodongxing.com/event/3878490030300,,免费,活动行,广东省,深圳,活动行平台支付/报名
教育机构CEO饭局(0919期)(深圳站),,网站导航 热门站点 全国站 北京站 上海站 广州站 深圳站 杭州站 武汉站 成都站 长沙站 精选推荐 首页 行业 生活 学习 找活动 找主办方 专题精选 人气榜 下载App 更多服务 找场地 活动百宝箱 主办方管理中心 主办方vip 活动行管家 大会解决方案 关注活动行 | 小程序 | 帮助中心 深圳 当前定位城市: 热门城市: 全国 北京 上海 广州 深圳 杭州 武汉 成都 长沙 南京 重庆 苏州 其它城市: 西安 郑州 厦门 天津 宁波 青岛 东莞 佛山 济南 珠海 合肥 福州 石家庄 昆明 查找更多城市 > 首页 分类 解决方案 场景方案 线上峰会/研讨会 从宣传推广、名单收集、直播互动、线下拍摄/导播、数据分析等一站式直播解决方案 活动行企业版 专为对品牌、数据安全要求较高的企业/商会协会/会展公司等打造的活动管理系统 数字云展厅 定制图文音视频展厅/元宇宙展厅，独立的展商详情页、商机收集等 私有化部署 快速私有化部署企业私有活动管理解决方案，支持阿里云、腾讯云、AWS等 免费创建 下载APP 业务合作 主办方中心 注册 / 登录 推荐 发现活动 人气榜 主办方 精选专题 意见反馈 回到顶部 城市: 全国 北京 上海 深圳 广州 杭州 成都 武汉 重庆 南京 苏州 长沙 西安 厦门 郑州 东莞 青岛 天津 宁波 昆明 香港 澳门 更多城市 分类: 时间: 全部 本周 本周末 1个月内 形式： 线下活动 线上活动 综合排序 最新发布 热门点击 最多参与 OFweek 2026（第十一届）  中国人工智能与物联网技术创新大会 12/18 周五 09:00 广东深圳 OFweek维科网 粉丝  83777 OFweek维科网 活动 493 粉丝 83777 +关注 2026算力展暨工业智算应用大会——「AI算力场景应用与产业融合·智算中心与工业场景落地」 10/28 周三 09:00 广东深圳 OFweek维科网 粉丝  83777 OFweek维科网 活动 493 粉丝 83777 +关注 安克移动影院 X1 Pro 中国线下首发 09/19 周六 14:00 广东深圳 INNO100 粉丝  2265 INNO100 活动 22 粉丝 2265 +关注 NEPCON ASIA 2026亚洲电子展火热报名中，看遍电子制造新设备和新技术 10/27 周二 ~ 10/29 周四 广东深圳 华强电子网 粉丝  20234 华强电子网 活动 111 粉丝 20234 +关注 第二届国产芯片技术创新与市场应用论坛 10/27 周二 13:00 广东深圳 华强电子网 粉丝  20234 华强电子网 活动 111 粉丝 20234 +关注 鸿蒙HarmonyOS应用开发者培训免费学，考完最高补贴2万元。 09/18 周五 ~ 09/20 周日 广东深圳 胡先生 粉丝  38 胡先生 活动 3 粉丝 38 +关注 Connect 引力场 | 深圳 Ai OPC 野生发布会 09/20 周日 14:00 广东深圳 Connect引力场 粉丝  187 Connect引力场 活动 4 粉丝 187 +关注 走进长虹佳华——AI与云驱动的智能制造 明天 14:00 广东深圳 佳华未来科技派 粉丝  98 佳华未来科技派 活动 7 粉丝 98 +关注 「壳」以安心 绿色同行 手配安心材质联盟发布会 09/21 周一 13:30 广东深圳 广东省电子商务协会 粉丝  39639 广东省电子商务协会 活动 315 粉丝 39639 +关注 《了凡四训》线下读书会 09/15 周二 ~ 10/10 周六 广东深圳 传统文化读书会 粉丝  319 传统文化读书会 活动 10 粉丝 319 +关注 教育机构CEO饭局(0919期)(深圳站) 09/19 周六 15:00 广东深圳 羽翼课堂 粉丝  22467 羽翼课堂 活动 714 粉丝 22467 +关注 【上午专场生态赋能】AIZQ2026AI硬件出海生态投融资大会 09/23 周三 09:00 广东深圳 AIZQ知穹传媒 粉丝  8241 AIZQ知穹传媒 活动 12 粉丝 8241 +关注 早鸟特惠 TikTok电商+AI视频，爆单内容矩阵放量工作坊——讲透AI+内容底层逻辑掌握流量与转化 明天 13:30 广东深圳 花果山MountFF 粉丝  4450 花果山MountFF 活动 80 粉丝 4450 +关注 早鸟特惠 TikTok Shop×AI智能体实战课：WorkBuddy+Codex一天跑通跨境经营全链路 09/22 周二 09:00 广东深圳 TikTok 卖家门户网TKFFF 粉丝  12372 TikTok 卖家门户网TKFFF 活动 365 粉丝 12372 +关注 俄见新局，共赢增长——第三届Yandex营销创新峰会 今天 14:00 广东深圳 易海创腾 粉丝  8457 易海创腾 活动 214 粉丝 8457 +关注 已成（深圳）OPC一人公司创业/副业交流，解锁轻创业新可能，看看超级个体创业路径 09/19 周六 14:00 广东深圳 草莓小饼干 粉丝  658 草莓小饼干 活动 806 粉丝 658 +关注 用AI定义跨境4.0时代-【AI全链路落地+AMC广告实战+AI视觉策划】专题培训课 09/23 周三 13:00 广东深圳 跨境智汇 粉丝  31 跨境智汇 活动 5 粉丝 31 +关注 【百度智能云】超级智能体大会-深圳站 09/20 周日 09:00 广东深圳 投资家网 粉丝  120108 投资家网 活动 281 粉丝 120108 +关注 OPC+AI跨境出海新模式 09/19 周六 14:00 广东深圳 深圳市奥创跨境电商科技有限公司 粉丝  288 深圳市奥创跨境电商科技有限公司 活动 7 粉丝 288 +关注 学TikTok Shop运营，找大湾区爆品货源！ 明天 13:45 广东深圳 Bidnex 粉丝  498 Bidnex 活动 7 粉丝 498 +关注,,,,https://www.huodongxing.com/event/4875008681711,,免费,活动行,广东省,深圳,活动行平台支付/报名
【上午专场生态赋能】AIZQ2026AI硬件出海生态投融资大会,,网站导航 热门站点 全国站 北京站 上海站 广州站 深圳站 杭州站 武汉站 成都站 长沙站 精选推荐 首页 行业 生活 学习 找活动 找主办方 专题精选 人气榜 下载App 更多服务 找场地 活动百宝箱 主办方管理中心 主办方vip 活动行管家 大会解决方案 关注活动行 | 小程序 | 帮助中心 深圳 当前定位城市: 热门城市: 全国 北京 上海 广州 深圳 杭州 武汉 成都 长沙 南京 重庆 苏州 其它城市: 西安 郑州 厦门 天津 宁波 青岛 东莞 佛山 济南 珠海 合肥 福州 石家庄 昆明 查找更多城市 > 首页 分类 解决方案 场景方案 线上峰会/研讨会 从宣传推广、名单收集、直播互动、线下拍摄/导播、数据分析等一站式直播解决方案 活动行企业版 专为对品牌、数据安全要求较高的企业/商会协会/会展公司等打造的活动管理系统 数字云展厅 定制图文音视频展厅/元宇宙展厅，独立的展商详情页、商机收集等 私有化部署 快速私有化部署企业私有活动管理解决方案，支持阿里云、腾讯云、AWS等 免费创建 下载APP 业务合作 主办方中心 注册 / 登录 推荐 发现活动 人气榜 主办方 精选专题 意见反馈 回到顶部 城市: 全国 北京 上海 深圳 广州 杭州 成都 武汉 重庆 南京 苏州 长沙 西安 厦门 郑州 东莞 青岛 天津 宁波 昆明 香港 澳门 更多城市 分类: 时间: 全部 本周 本周末 1个月内 形式： 线下活动 线上活动 综合排序 最新发布 热门点击 最多参与 OFweek 2026（第十一届）  中国人工智能与物联网技术创新大会 12/18 周五 09:00 广东深圳 OFweek维科网 粉丝  83777 OFweek维科网 活动 493 粉丝 83777 +关注 2026算力展暨工业智算应用大会——「AI算力场景应用与产业融合·智算中心与工业场景落地」 10/28 周三 09:00 广东深圳 OFweek维科网 粉丝  83777 OFweek维科网 活动 493 粉丝 83777 +关注 安克移动影院 X1 Pro 中国线下首发 09/19 周六 14:00 广东深圳 INNO100 粉丝  2265 INNO100 活动 22 粉丝 2265 +关注 NEPCON ASIA 2026亚洲电子展火热报名中，看遍电子制造新设备和新技术 10/27 周二 ~ 10/29 周四 广东深圳 华强电子网 粉丝  20234 华强电子网 活动 111 粉丝 20234 +关注 第二届国产芯片技术创新与市场应用论坛 10/27 周二 13:00 广东深圳 华强电子网 粉丝  20234 华强电子网 活动 111 粉丝 20234 +关注 鸿蒙HarmonyOS应用开发者培训免费学，考完最高补贴2万元。 09/18 周五 ~ 09/20 周日 广东深圳 胡先生 粉丝  38 胡先生 活动 3 粉丝 38 +关注 Connect 引力场 | 深圳 Ai OPC 野生发布会 09/20 周日 14:00 广东深圳 Connect引力场 粉丝  187 Connect引力场 活动 4 粉丝 187 +关注 走进长虹佳华——AI与云驱动的智能制造 明天 14:00 广东深圳 佳华未来科技派 粉丝  98 佳华未来科技派 活动 7 粉丝 98 +关注 「壳」以安心 绿色同行 手配安心材质联盟发布会 09/21 周一 13:30 广东深圳 广东省电子商务协会 粉丝  39639 广东省电子商务协会 活动 315 粉丝 39639 +关注 《了凡四训》线下读书会 09/15 周二 ~ 10/10 周六 广东深圳 传统文化读书会 粉丝  319 传统文化读书会 活动 10 粉丝 319 +关注 教育机构CEO饭局(0919期)(深圳站) 09/19 周六 15:00 广东深圳 羽翼课堂 粉丝  22467 羽翼课堂 活动 714 粉丝 22467 +关注 【上午专场生态赋能】AIZQ2026AI硬件出海生态投融资大会 09/23 周三 09:00 广东深圳 AIZQ知穹传媒 粉丝  8241 AIZQ知穹传媒 活动 12 粉丝 8241 +关注 早鸟特惠 TikTok电商+AI视频，爆单内容矩阵放量工作坊——讲透AI+内容底层逻辑掌握流量与转化 明天 13:30 广东深圳 花果山MountFF 粉丝  4450 花果山MountFF 活动 80 粉丝 4450 +关注 早鸟特惠 TikTok Shop×AI智能体实战课：WorkBuddy+Codex一天跑通跨境经营全链路 09/22 周二 09:00 广东深圳 TikTok 卖家门户网TKFFF 粉丝  12372 TikTok 卖家门户网TKFFF 活动 365 粉丝 12372 +关注 俄见新局，共赢增长——第三届Yandex营销创新峰会 今天 14:00 广东深圳 易海创腾 粉丝  8457 易海创腾 活动 214 粉丝 8457 +关注 已成（深圳）OPC一人公司创业/副业交流，解锁轻创业新可能，看看超级个体创业路径 09/19 周六 14:00 广东深圳 草莓小饼干 粉丝  658 草莓小饼干 活动 806 粉丝 658 +关注 用AI定义跨境4.0时代-【AI全链路落地+AMC广告实战+AI视觉策划】专题培训课 09/23 周三 13:00 广东深圳 跨境智汇 粉丝  31 跨境智汇 活动 5 粉丝 31 +关注 【百度智能云】超级智能体大会-深圳站 09/20 周日 09:00 广东深圳 投资家网 粉丝  120108 投资家网 活动 281 粉丝 120108 +关注 OPC+AI跨境出海新模式 09/19 周六 14:00 广东深圳 深圳市奥创跨境电商科技有限公司 粉丝  288 深圳市奥创跨境电商科技有限公司 活动 7 粉丝 288 +关注 学TikTok Shop运营，找大湾区爆品货源！ 明天 13:45 广东深圳 Bidnex 粉丝  498 Bidnex 活动 7 粉丝 498 +关注,,,,https://www.huodongxing.com/event/8875083714000,,免费,活动行,广东省,深圳,活动行平台支付/报名
TikTok电商+AI视频，爆单内容矩阵放量工作坊——讲透AI+内容底层逻辑掌握流量与转化,,网站导航 热门站点 全国站 北京站 上海站 广州站 深圳站 杭州站 武汉站 成都站 长沙站 精选推荐 首页 行业 生活 学习 找活动 找主办方 专题精选 人气榜 下载App 更多服务 找场地 活动百宝箱 主办方管理中心 主办方vip 活动行管家 大会解决方案 关注活动行 | 小程序 | 帮助中心 深圳 当前定位城市: 热门城市: 全国 北京 上海 广州 深圳 杭州 武汉 成都 长沙 南京 重庆 苏州 其它城市: 西安 郑州 厦门 天津 宁波 青岛 东莞 佛山 济南 珠海 合肥 福州 石家庄 昆明 查找更多城市 > 首页 分类 解决方案 场景方案 线上峰会/研讨会 从宣传推广、名单收集、直播互动、线下拍摄/导播、数据分析等一站式直播解决方案 活动行企业版 专为对品牌、数据安全要求较高的企业/商会协会/会展公司等打造的活动管理系统 数字云展厅 定制图文音视频展厅/元宇宙展厅，独立的展商详情页、商机收集等 私有化部署 快速私有化部署企业私有活动管理解决方案，支持阿里云、腾讯云、AWS等 免费创建 下载APP 业务合作 主办方中心 注册 / 登录 推荐 发现活动 人气榜 主办方 精选专题 意见反馈 回到顶部 城市: 全国 北京 上海 深圳 广州 杭州 成都 武汉 重庆 南京 苏州 长沙 西安 厦门 郑州 东莞 青岛 天津 宁波 昆明 香港 澳门 更多城市 分类: 时间: 全部 本周 本周末 1个月内 形式： 线下活动 线上活动 综合排序 最新发布 热门点击 最多参与 OFweek 2026（第十一届）  中国人工智能与物联网技术创新大会 12/18 周五 09:00 广东深圳 OFweek维科网 粉丝  83777 OFweek维科网 活动 493 粉丝 83777 +关注 2026算力展暨工业智算应用大会——「AI算力场景应用与产业融合·智算中心与工业场景落地」 10/28 周三 09:00 广东深圳 OFweek维科网 粉丝  83777 OFweek维科网 活动 493 粉丝 83777 +关注 安克移动影院 X1 Pro 中国线下首发 09/19 周六 14:00 广东深圳 INNO100 粉丝  2265 INNO100 活动 22 粉丝 2265 +关注 NEPCON ASIA 2026亚洲电子展火热报名中，看遍电子制造新设备和新技术 10/27 周二 ~ 10/29 周四 广东深圳 华强电子网 粉丝  20234 华强电子网 活动 111 粉丝 20234 +关注 第二届国产芯片技术创新与市场应用论坛 10/27 周二 13:00 广东深圳 华强电子网 粉丝  20234 华强电子网 活动 111 粉丝 20234 +关注 鸿蒙HarmonyOS应用开发者培训免费学，考完最高补贴2万元。 09/18 周五 ~ 09/20 周日 广东深圳 胡先生 粉丝  38 胡先生 活动 3 粉丝 38 +关注 Connect 引力场 | 深圳 Ai OPC 野生发布会 09/20 周日 14:00 广东深圳 Connect引力场 粉丝  187 Connect引力场 活动 4 粉丝 187 +关注 走进长虹佳华——AI与云驱动的智能制造 明天 14:00 广东深圳 佳华未来科技派 粉丝  98 佳华未来科技派 活动 7 粉丝 98 +关注 「壳」以安心 绿色同行 手配安心材质联盟发布会 09/21 周一 13:30 广东深圳 广东省电子商务协会 粉丝  39639 广东省电子商务协会 活动 315 粉丝 39639 +关注 《了凡四训》线下读书会 09/15 周二 ~ 10/10 周六 广东深圳 传统文化读书会 粉丝  319 传统文化读书会 活动 10 粉丝 319 +关注 教育机构CEO饭局(0919期)(深圳站) 09/19 周六 15:00 广东深圳 羽翼课堂 粉丝  22467 羽翼课堂 活动 714 粉丝 22467 +关注 【上午专场生态赋能】AIZQ2026AI硬件出海生态投融资大会 09/23 周三 09:00 广东深圳 AIZQ知穹传媒 粉丝  8241 AIZQ知穹传媒 活动 12 粉丝 8241 +关注 早鸟特惠 TikTok电商+AI视频，爆单内容矩阵放量工作坊——讲透AI+内容底层逻辑掌握流量与转化 明天 13:30 广东深圳 花果山MountFF 粉丝  4450 花果山MountFF 活动 80 粉丝 4450 +关注 早鸟特惠 TikTok Shop×AI智能体实战课：WorkBuddy+Codex一天跑通跨境经营全链路 09/22 周二 09:00 广东深圳 TikTok 卖家门户网TKFFF 粉丝  12372 TikTok 卖家门户网TKFFF 活动 365 粉丝 12372 +关注 俄见新局，共赢增长——第三届Yandex营销创新峰会 今天 14:00 广东深圳 易海创腾 粉丝  8457 易海创腾 活动 214 粉丝 8457 +关注 已成（深圳）OPC一人公司创业/副业交流，解锁轻创业新可能，看看超级个体创业路径 09/19 周六 14:00 广东深圳 草莓小饼干 粉丝  658 草莓小饼干 活动 806 粉丝 658 +关注 用AI定义跨境4.0时代-【AI全链路落地+AMC广告实战+AI视觉策划】专题培训课 09/23 周三 13:00 广东深圳 跨境智汇 粉丝  31 跨境智汇 活动 5 粉丝 31 +关注 【百度智能云】超级智能体大会-深圳站 09/20 周日 09:00 广东深圳 投资家网 粉丝  120108 投资家网 活动 281 粉丝 120108 +关注 OPC+AI跨境出海新模式 09/19 周六 14:00 广东深圳 深圳市奥创跨境电商科技有限公司 粉丝  288 深圳市奥创跨境电商科技有限公司 活动 7 粉丝 288 +关注 学TikTok Shop运营，找大湾区爆品货源！ 明天 13:45 广东深圳 Bidnex 粉丝  498 Bidnex 活动 7 粉丝 498 +关注,,,,https://www.huodongxing.com/event/9877496579811,,免费,活动行,广东省,深圳,活动行平台支付/报名
TikTok Shop×AI智能体实战课：WorkBuddy+Codex一天跑通跨境经营全链路,,网站导航 热门站点 全国站 北京站 上海站 广州站 深圳站 杭州站 武汉站 成都站 长沙站 精选推荐 首页 行业 生活 学习 找活动 找主办方 专题精选 人气榜 下载App 更多服务 找场地 活动百宝箱 主办方管理中心 主办方vip 活动行管家 大会解决方案 关注活动行 | 小程序 | 帮助中心 深圳 当前定位城市: 热门城市: 全国 北京 上海 广州 深圳 杭州 武汉 成都 长沙 南京 重庆 苏州 其它城市: 西安 郑州 厦门 天津 宁波 青岛 东莞 佛山 济南 珠海 合肥 福州 石家庄 昆明 查找更多城市 > 首页 分类 解决方案 场景方案 线上峰会/研讨会 从宣传推广、名单收集、直播互动、线下拍摄/导播、数据分析等一站式直播解决方案 活动行企业版 专为对品牌、数据安全要求较高的企业/商会协会/会展公司等打造的活动管理系统 数字云展厅 定制图文音视频展厅/元宇宙展厅，独立的展商详情页、商机收集等 私有化部署 快速私有化部署企业私有活动管理解决方案，支持阿里云、腾讯云、AWS等 免费创建 下载APP 业务合作 主办方中心 注册 / 登录 推荐 发现活动 人气榜 主办方 精选专题 意见反馈 回到顶部 城市: 全国 北京 上海 深圳 广州 杭州 成都 武汉 重庆 南京 苏州 长沙 西安 厦门 郑州 东莞 青岛 天津 宁波 昆明 香港 澳门 更多城市 分类: 时间: 全部 本周 本周末 1个月内 形式： 线下活动 线上活动 综合排序 最新发布 热门点击 最多参与 OFweek 2026（第十一届）  中国人工智能与物联网技术创新大会 12/18 周五 09:00 广东深圳 OFweek维科网 粉丝  83777 OFweek维科网 活动 493 粉丝 83777 +关注 2026算力展暨工业智算应用大会——「AI算力场景应用与产业融合·智算中心与工业场景落地」 10/28 周三 09:00 广东深圳 OFweek维科网 粉丝  83777 OFweek维科网 活动 493 粉丝 83777 +关注 安克移动影院 X1 Pro 中国线下首发 09/19 周六 14:00 广东深圳 INNO100 粉丝  2265 INNO100 活动 22 粉丝 2265 +关注 NEPCON ASIA 2026亚洲电子展火热报名中，看遍电子制造新设备和新技术 10/27 周二 ~ 10/29 周四 广东深圳 华强电子网 粉丝  20234 华强电子网 活动 111 粉丝 20234 +关注 第二届国产芯片技术创新与市场应用论坛 10/27 周二 13:00 广东深圳 华强电子网 粉丝  20234 华强电子网 活动 111 粉丝 20234 +关注 鸿蒙HarmonyOS应用开发者培训免费学，考完最高补贴2万元。 09/18 周五 ~ 09/20 周日 广东深圳 胡先生 粉丝  38 胡先生 活动 3 粉丝 38 +关注 Connect 引力场 | 深圳 Ai OPC 野生发布会 09/20 周日 14:00 广东深圳 Connect引力场 粉丝  187 Connect引力场 活动 4 粉丝 187 +关注 走进长虹佳华——AI与云驱动的智能制造 明天 14:00 广东深圳 佳华未来科技派 粉丝  98 佳华未来科技派 活动 7 粉丝 98 +关注 「壳」以安心 绿色同行 手配安心材质联盟发布会 09/21 周一 13:30 广东深圳 广东省电子商务协会 粉丝  39639 广东省电子商务协会 活动 315 粉丝 39639 +关注 《了凡四训》线下读书会 09/15 周二 ~ 10/10 周六 广东深圳 传统文化读书会 粉丝  319 传统文化读书会 活动 10 粉丝 319 +关注 教育机构CEO饭局(0919期)(深圳站) 09/19 周六 15:00 广东深圳 羽翼课堂 粉丝  22467 羽翼课堂 活动 714 粉丝 22467 +关注 【上午专场生态赋能】AIZQ2026AI硬件出海生态投融资大会 09/23 周三 09:00 广东深圳 AIZQ知穹传媒 粉丝  8241 AIZQ知穹传媒 活动 12 粉丝 8241 +关注 早鸟特惠 TikTok电商+AI视频，爆单内容矩阵放量工作坊——讲透AI+内容底层逻辑掌握流量与转化 明天 13:30 广东深圳 花果山MountFF 粉丝  4450 花果山MountFF 活动 80 粉丝 4450 +关注 早鸟特惠 TikTok Shop×AI智能体实战课：WorkBuddy+Codex一天跑通跨境经营全链路 09/22 周二 09:00 广东深圳 TikTok 卖家门户网TKFFF 粉丝  12372 TikTok 卖家门户网TKFFF 活动 365 粉丝 12372 +关注 俄见新局，共赢增长——第三届Yandex营销创新峰会 今天 14:00 广东深圳 易海创腾 粉丝  8457 易海创腾 活动 214 粉丝 8457 +关注 已成（深圳）OPC一人公司创业/副业交流，解锁轻创业新可能，看看超级个体创业路径 09/19 周六 14:00 广东深圳 草莓小饼干 粉丝  658 草莓小饼干 活动 806 粉丝 658 +关注 用AI定义跨境4.0时代-【AI全链路落地+AMC广告实战+AI视觉策划】专题培训课 09/23 周三 13:00 广东深圳 跨境智汇 粉丝  31 跨境智汇 活动 5 粉丝 31 +关注 【百度智能云】超级智能体大会-深圳站 09/20 周日 09:00 广东深圳 投资家网 粉丝  120108 投资家网 活动 281 粉丝 120108 +关注 OPC+AI跨境出海新模式 09/19 周六 14:00 广东深圳 深圳市奥创跨境电商科技有限公司 粉丝  288 深圳市奥创跨境电商科技有限公司 活动 7 粉丝 288 +关注 学TikTok Shop运营，找大湾区爆品货源！ 明天 13:45 广东深圳 Bidnex 粉丝  498 Bidnex 活动 7 粉丝 498 +关注,,,,https://www.huodongxing.com/event/5875874752200,,免费,活动行,广东省,深圳,活动行平台支付/报名
俄见新局，共赢增长——第三届Yandex营销创新峰会,,网站导航 热门站点 全国站 北京站 上海站 广州站 深圳站 杭州站 武汉站 成都站 长沙站 精选推荐 首页 行业 生活 学习 找活动 找主办方 专题精选 人气榜 下载App 更多服务 找场地 活动百宝箱 主办方管理中心 主办方vip 活动行管家 大会解决方案 关注活动行 | 小程序 | 帮助中心 深圳 当前定位城市: 热门城市: 全国 北京 上海 广州 深圳 杭州 武汉 成都 长沙 南京 重庆 苏州 其它城市: 西安 郑州 厦门 天津 宁波 青岛 东莞 佛山 济南 珠海 合肥 福州 石家庄 昆明 查找更多城市 > 首页 分类 解决方案 场景方案 线上峰会/研讨会 从宣传推广、名单收集、直播互动、线下拍摄/导播、数据分析等一站式直播解决方案 活动行企业版 专为对品牌、数据安全要求较高的企业/商会协会/会展公司等打造的活动管理系统 数字云展厅 定制图文音视频展厅/元宇宙展厅，独立的展商详情页、商机收集等 私有化部署 快速私有化部署企业私有活动管理解决方案，支持阿里云、腾讯云、AWS等 免费创建 下载APP 业务合作 主办方中心 注册 / 登录 推荐 发现活动 人气榜 主办方 精选专题 意见反馈 回到顶部 城市: 全国 北京 上海 深圳 广州 杭州 成都 武汉 重庆 南京 苏州 长沙 西安 厦门 郑州 东莞 青岛 天津 宁波 昆明 香港 澳门 更多城市 分类: 时间: 全部 本周 本周末 1个月内 形式： 线下活动 线上活动 综合排序 最新发布 热门点击 最多参与 OFweek 2026（第十一届）  中国人工智能与物联网技术创新大会 12/18 周五 09:00 广东深圳 OFweek维科网 粉丝  83777 OFweek维科网 活动 493 粉丝 83777 +关注 2026算力展暨工业智算应用大会——「AI算力场景应用与产业融合·智算中心与工业场景落地」 10/28 周三 09:00 广东深圳 OFweek维科网 粉丝  83777 OFweek维科网 活动 493 粉丝 83777 +关注 安克移动影院 X1 Pro 中国线下首发 09/19 周六 14:00 广东深圳 INNO100 粉丝  2265 INNO100 活动 22 粉丝 2265 +关注 NEPCON ASIA 2026亚洲电子展火热报名中，看遍电子制造新设备和新技术 10/27 周二 ~ 10/29 周四 广东深圳 华强电子网 粉丝  20234 华强电子网 活动 111 粉丝 20234 +关注 第二届国产芯片技术创新与市场应用论坛 10/27 周二 13:00 广东深圳 华强电子网 粉丝  20234 华强电子网 活动 111 粉丝 20234 +关注 鸿蒙HarmonyOS应用开发者培训免费学，考完最高补贴2万元。 09/18 周五 ~ 09/20 周日 广东深圳 胡先生 粉丝  38 胡先生 活动 3 粉丝 38 +关注 Connect 引力场 | 深圳 Ai OPC 野生发布会 09/20 周日 14:00 广东深圳 Connect引力场 粉丝  187 Connect引力场 活动 4 粉丝 187 +关注 走进长虹佳华——AI与云驱动的智能制造 明天 14:00 广东深圳 佳华未来科技派 粉丝  98 佳华未来科技派 活动 7 粉丝 98 +关注 「壳」以安心 绿色同行 手配安心材质联盟发布会 09/21 周一 13:30 广东深圳 广东省电子商务协会 粉丝  39639 广东省电子商务协会 活动 315 粉丝 39639 +关注 《了凡四训》线下读书会 09/15 周二 ~ 10/10 周六 广东深圳 传统文化读书会 粉丝  319 传统文化读书会 活动 10 粉丝 319 +关注 教育机构CEO饭局(0919期)(深圳站) 09/19 周六 15:00 广东深圳 羽翼课堂 粉丝  22467 羽翼课堂 活动 714 粉丝 22467 +关注 【上午专场生态赋能】AIZQ2026AI硬件出海生态投融资大会 09/23 周三 09:00 广东深圳 AIZQ知穹传媒 粉丝  8241 AIZQ知穹传媒 活动 12 粉丝 8241 +关注 早鸟特惠 TikTok电商+AI视频，爆单内容矩阵放量工作坊——讲透AI+内容底层逻辑掌握流量与转化 明天 13:30 广东深圳 花果山MountFF 粉丝  4450 花果山MountFF 活动 80 粉丝 4450 +关注 早鸟特惠 TikTok Shop×AI智能体实战课：WorkBuddy+Codex一天跑通跨境经营全链路 09/22 周二 09:00 广东深圳 TikTok 卖家门户网TKFFF 粉丝  12372 TikTok 卖家门户网TKFFF 活动 365 粉丝 12372 +关注 俄见新局，共赢增长——第三届Yandex营销创新峰会 今天 14:00 广东深圳 易海创腾 粉丝  8457 易海创腾 活动 214 粉丝 8457 +关注 已成（深圳）OPC一人公司创业/副业交流，解锁轻创业新可能，看看超级个体创业路径 09/19 周六 14:00 广东深圳 草莓小饼干 粉丝  658 草莓小饼干 活动 806 粉丝 658 +关注 用AI定义跨境4.0时代-【AI全链路落地+AMC广告实战+AI视觉策划】专题培训课 09/23 周三 13:00 广东深圳 跨境智汇 粉丝  31 跨境智汇 活动 5 粉丝 31 +关注 【百度智能云】超级智能体大会-深圳站 09/20 周日 09:00 广东深圳 投资家网 粉丝  120108 投资家网 活动 281 粉丝 120108 +关注 OPC+AI跨境出海新模式 09/19 周六 14:00 广东深圳 深圳市奥创跨境电商科技有限公司 粉丝  288 深圳市奥创跨境电商科技有限公司 活动 7 粉丝 288 +关注 学TikTok Shop运营，找大湾区爆品货源！ 明天 13:45 广东深圳 Bidnex 粉丝  498 Bidnex 活动 7 粉丝 498 +关注,,,,https://www.huodongxing.com/event/7875772285100,,免费,活动行,广东省,深圳,活动行平台支付/报名
已成（深圳）OPC一人公司创业/副业交流，解锁轻创业新可能，看看超级个体创业路径,,网站导航 热门站点 全国站 北京站 上海站 广州站 深圳站 杭州站 武汉站 成都站 长沙站 精选推荐 首页 行业 生活 学习 找活动 找主办方 专题精选 人气榜 下载App 更多服务 找场地 活动百宝箱 主办方管理中心 主办方vip 活动行管家 大会解决方案 关注活动行 | 小程序 | 帮助中心 深圳 当前定位城市: 热门城市: 全国 北京 上海 广州 深圳 杭州 武汉 成都 长沙 南京 重庆 苏州 其它城市: 西安 郑州 厦门 天津 宁波 青岛 东莞 佛山 济南 珠海 合肥 福州 石家庄 昆明 查找更多城市 > 首页 分类 解决方案 场景方案 线上峰会/研讨会 从宣传推广、名单收集、直播互动、线下拍摄/导播、数据分析等一站式直播解决方案 活动行企业版 专为对品牌、数据安全要求较高的企业/商会协会/会展公司等打造的活动管理系统 数字云展厅 定制图文音视频展厅/元宇宙展厅，独立的展商详情页、商机收集等 私有化部署 快速私有化部署企业私有活动管理解决方案，支持阿里云、腾讯云、AWS等 免费创建 下载APP 业务合作 主办方中心 注册 / 登录 推荐 发现活动 人气榜 主办方 精选专题 意见反馈 回到顶部 城市: 全国 北京 上海 深圳 广州 杭州 成都 武汉 重庆 南京 苏州 长沙 西安 厦门 郑州 东莞 青岛 天津 宁波 昆明 香港 澳门 更多城市 分类: 时间: 全部 本周 本周末 1个月内 形式： 线下活动 线上活动 综合排序 最新发布 热门点击 最多参与 OFweek 2026（第十一届）  中国人工智能与物联网技术创新大会 12/18 周五 09:00 广东深圳 OFweek维科网 粉丝  83777 OFweek维科网 活动 493 粉丝 83777 +关注 2026算力展暨工业智算应用大会——「AI算力场景应用与产业融合·智算中心与工业场景落地」 10/28 周三 09:00 广东深圳 OFweek维科网 粉丝  83777 OFweek维科网 活动 493 粉丝 83777 +关注 安克移动影院 X1 Pro 中国线下首发 09/19 周六 14:00 广东深圳 INNO100 粉丝  2265 INNO100 活动 22 粉丝 2265 +关注 NEPCON ASIA 2026亚洲电子展火热报名中，看遍电子制造新设备和新技术 10/27 周二 ~ 10/29 周四 广东深圳 华强电子网 粉丝  20234 华强电子网 活动 111 粉丝 20234 +关注 第二届国产芯片技术创新与市场应用论坛 10/27 周二 13:00 广东深圳 华强电子网 粉丝  20234 华强电子网 活动 111 粉丝 20234 +关注 鸿蒙HarmonyOS应用开发者培训免费学，考完最高补贴2万元。 09/18 周五 ~ 09/20 周日 广东深圳 胡先生 粉丝  38 胡先生 活动 3 粉丝 38 +关注 Connect 引力场 | 深圳 Ai OPC 野生发布会 09/20 周日 14:00 广东深圳 Connect引力场 粉丝  187 Connect引力场 活动 4 粉丝 187 +关注 走进长虹佳华——AI与云驱动的智能制造 明天 14:00 广东深圳 佳华未来科技派 粉丝  98 佳华未来科技派 活动 7 粉丝 98 +关注 「壳」以安心 绿色同行 手配安心材质联盟发布会 09/21 周一 13:30 广东深圳 广东省电子商务协会 粉丝  39639 广东省电子商务协会 活动 315 粉丝 39639 +关注 《了凡四训》线下读书会 09/15 周二 ~ 10/10 周六 广东深圳 传统文化读书会 粉丝  319 传统文化读书会 活动 10 粉丝 319 +关注 教育机构CEO饭局(0919期)(深圳站) 09/19 周六 15:00 广东深圳 羽翼课堂 粉丝  22467 羽翼课堂 活动 714 粉丝 22467 +关注 【上午专场生态赋能】AIZQ2026AI硬件出海生态投融资大会 09/23 周三 09:00 广东深圳 AIZQ知穹传媒 粉丝  8241 AIZQ知穹传媒 活动 12 粉丝 8241 +关注 早鸟特惠 TikTok电商+AI视频，爆单内容矩阵放量工作坊——讲透AI+内容底层逻辑掌握流量与转化 明天 13:30 广东深圳 花果山MountFF 粉丝  4450 花果山MountFF 活动 80 粉丝 4450 +关注 早鸟特惠 TikTok Shop×AI智能体实战课：WorkBuddy+Codex一天跑通跨境经营全链路 09/22 周二 09:00 广东深圳 TikTok 卖家门户网TKFFF 粉丝  12372 TikTok 卖家门户网TKFFF 活动 365 粉丝 12372 +关注 俄见新局，共赢增长——第三届Yandex营销创新峰会 今天 14:00 广东深圳 易海创腾 粉丝  8457 易海创腾 活动 214 粉丝 8457 +关注 已成（深圳）OPC一人公司创业/副业交流，解锁轻创业新可能，看看超级个体创业路径 09/19 周六 14:00 广东深圳 草莓小饼干 粉丝  658 草莓小饼干 活动 806 粉丝 658 +关注 用AI定义跨境4.0时代-【AI全链路落地+AMC广告实战+AI视觉策划】专题培训课 09/23 周三 13:00 广东深圳 跨境智汇 粉丝  31 跨境智汇 活动 5 粉丝 31 +关注 【百度智能云】超级智能体大会-深圳站 09/20 周日 09:00 广东深圳 投资家网 粉丝  120108 投资家网 活动 281 粉丝 120108 +关注 OPC+AI跨境出海新模式 09/19 周六 14:00 广东深圳 深圳市奥创跨境电商科技有限公司 粉丝  288 深圳市奥创跨境电商科技有限公司 活动 7 粉丝 288 +关注 学TikTok Shop运营，找大湾区爆品货源！ 明天 13:45 广东深圳 Bidnex 粉丝  498 Bidnex 活动 7 粉丝 498 +关注,,,,https://www.huodongxing.com/event/8878495120611,,免费,活动行,广东省,深圳,活动行平台支付/报名
用AI定义跨境4.0时代-【AI全链路落地+AMC广告实战+AI视觉策划】专题培训课,,网站导航 热门站点 全国站 北京站 上海站 广州站 深圳站 杭州站 武汉站 成都站 长沙站 精选推荐 首页 行业 生活 学习 找活动 找主办方 专题精选 人气榜 下载App 更多服务 找场地 活动百宝箱 主办方管理中心 主办方vip 活动行管家 大会解决方案 关注活动行 | 小程序 | 帮助中心 深圳 当前定位城市: 热门城市: 全国 北京 上海 广州 深圳 杭州 武汉 成都 长沙 南京 重庆 苏州 其它城市: 西安 郑州 厦门 天津 宁波 青岛 东莞 佛山 济南 珠海 合肥 福州 石家庄 昆明 查找更多城市 > 首页 分类 解决方案 场景方案 线上峰会/研讨会 从宣传推广、名单收集、直播互动、线下拍摄/导播、数据分析等一站式直播解决方案 活动行企业版 专为对品牌、数据安全要求较高的企业/商会协会/会展公司等打造的活动管理系统 数字云展厅 定制图文音视频展厅/元宇宙展厅，独立的展商详情页、商机收集等 私有化部署 快速私有化部署企业私有活动管理解决方案，支持阿里云、腾讯云、AWS等 免费创建 下载APP 业务合作 主办方中心 注册 / 登录 推荐 发现活动 人气榜 主办方 精选专题 意见反馈 回到顶部 城市: 全国 北京 上海 深圳 广州 杭州 成都 武汉 重庆 南京 苏州 长沙 西安 厦门 郑州 东莞 青岛 天津 宁波 昆明 香港 澳门 更多城市 分类: 时间: 全部 本周 本周末 1个月内 形式： 线下活动 线上活动 综合排序 最新发布 热门点击 最多参与 OFweek 2026（第十一届）  中国人工智能与物联网技术创新大会 12/18 周五 09:00 广东深圳 OFweek维科网 粉丝  83777 OFweek维科网 活动 493 粉丝 83777 +关注 2026算力展暨工业智算应用大会——「AI算力场景应用与产业融合·智算中心与工业场景落地」 10/28 周三 09:00 广东深圳 OFweek维科网 粉丝  83777 OFweek维科网 活动 493 粉丝 83777 +关注 安克移动影院 X1 Pro 中国线下首发 09/19 周六 14:00 广东深圳 INNO100 粉丝  2265 INNO100 活动 22 粉丝 2265 +关注 NEPCON ASIA 2026亚洲电子展火热报名中，看遍电子制造新设备和新技术 10/27 周二 ~ 10/29 周四 广东深圳 华强电子网 粉丝  20234 华强电子网 活动 111 粉丝 20234 +关注 第二届国产芯片技术创新与市场应用论坛 10/27 周二 13:00 广东深圳 华强电子网 粉丝  20234 华强电子网 活动 111 粉丝 20234 +关注 鸿蒙HarmonyOS应用开发者培训免费学，考完最高补贴2万元。 09/18 周五 ~ 09/20 周日 广东深圳 胡先生 粉丝  38 胡先生 活动 3 粉丝 38 +关注 Connect 引力场 | 深圳 Ai OPC 野生发布会 09/20 周日 14:00 广东深圳 Connect引力场 粉丝  187 Connect引力场 活动 4 粉丝 187 +关注 走进长虹佳华——AI与云驱动的智能制造 明天 14:00 广东深圳 佳华未来科技派 粉丝  98 佳华未来科技派 活动 7 粉丝 98 +关注 「壳」以安心 绿色同行 手配安心材质联盟发布会 09/21 周一 13:30 广东深圳 广东省电子商务协会 粉丝  39639 广东省电子商务协会 活动 315 粉丝 39639 +关注 《了凡四训》线下读书会 09/15 周二 ~ 10/10 周六 广东深圳 传统文化读书会 粉丝  319 传统文化读书会 活动 10 粉丝 319 +关注 教育机构CEO饭局(0919期)(深圳站) 09/19 周六 15:00 广东深圳 羽翼课堂 粉丝  22467 羽翼课堂 活动 714 粉丝 22467 +关注 【上午专场生态赋能】AIZQ2026AI硬件出海生态投融资大会 09/23 周三 09:00 广东深圳 AIZQ知穹传媒 粉丝  8241 AIZQ知穹传媒 活动 12 粉丝 8241 +关注 早鸟特惠 TikTok电商+AI视频，爆单内容矩阵放量工作坊——讲透AI+内容底层逻辑掌握流量与转化 明天 13:30 广东深圳 花果山MountFF 粉丝  4450 花果山MountFF 活动 80 粉丝 4450 +关注 早鸟特惠 TikTok Shop×AI智能体实战课：WorkBuddy+Codex一天跑通跨境经营全链路 09/22 周二 09:00 广东深圳 TikTok 卖家门户网TKFFF 粉丝  12372 TikTok 卖家门户网TKFFF 活动 365 粉丝 12372 +关注 俄见新局，共赢增长——第三届Yandex营销创新峰会 今天 14:00 广东深圳 易海创腾 粉丝  8457 易海创腾 活动 214 粉丝 8457 +关注 已成（深圳）OPC一人公司创业/副业交流，解锁轻创业新可能，看看超级个体创业路径 09/19 周六 14:00 广东深圳 草莓小饼干 粉丝  658 草莓小饼干 活动 806 粉丝 658 +关注 用AI定义跨境4.0时代-【AI全链路落地+AMC广告实战+AI视觉策划】专题培训课 09/23 周三 13:00 广东深圳 跨境智汇 粉丝  31 跨境智汇 活动 5 粉丝 31 +关注 【百度智能云】超级智能体大会-深圳站 09/20 周日 09:00 广东深圳 投资家网 粉丝  120108 投资家网 活动 281 粉丝 120108 +关注 OPC+AI跨境出海新模式 09/19 周六 14:00 广东深圳 深圳市奥创跨境电商科技有限公司 粉丝  288 深圳市奥创跨境电商科技有限公司 活动 7 粉丝 288 +关注 学TikTok Shop运营，找大湾区爆品货源！ 明天 13:45 广东深圳 Bidnex 粉丝  498 Bidnex 活动 7 粉丝 498 +关注,,,,https://www.huodongxing.com/event/8877480681100,,免费,活动行,广东省,深圳,活动行平台支付/报名
【百度智能云】超级智能体大会-深圳站,,网站导航 热门站点 全国站 北京站 上海站 广州站 深圳站 杭州站 武汉站 成都站 长沙站 精选推荐 首页 行业 生活 学习 找活动 找主办方 专题精选 人气榜 下载App 更多服务 找场地 活动百宝箱 主办方管理中心 主办方vip 活动行管家 大会解决方案 关注活动行 | 小程序 | 帮助中心 深圳 当前定位城市: 热门城市: 全国 北京 上海 广州 深圳 杭州 武汉 成都 长沙 南京 重庆 苏州 其它城市: 西安 郑州 厦门 天津 宁波 青岛 东莞 佛山 济南 珠海 合肥 福州 石家庄 昆明 查找更多城市 > 首页 分类 解决方案 场景方案 线上峰会/研讨会 从宣传推广、名单收集、直播互动、线下拍摄/导播、数据分析等一站式直播解决方案 活动行企业版 专为对品牌、数据安全要求较高的企业/商会协会/会展公司等打造的活动管理系统 数字云展厅 定制图文音视频展厅/元宇宙展厅，独立的展商详情页、商机收集等 私有化部署 快速私有化部署企业私有活动管理解决方案，支持阿里云、腾讯云、AWS等 免费创建 下载APP 业务合作 主办方中心 注册 / 登录 推荐 发现活动 人气榜 主办方 精选专题 意见反馈 回到顶部 城市: 全国 北京 上海 深圳 广州 杭州 成都 武汉 重庆 南京 苏州 长沙 西安 厦门 郑州 东莞 青岛 天津 宁波 昆明 香港 澳门 更多城市 分类: 时间: 全部 本周 本周末 1个月内 形式： 线下活动 线上活动 综合排序 最新发布 热门点击 最多参与 OFweek 2026（第十一届）  中国人工智能与物联网技术创新大会 12/18 周五 09:00 广东深圳 OFweek维科网 粉丝  83777 OFweek维科网 活动 493 粉丝 83777 +关注 2026算力展暨工业智算应用大会——「AI算力场景应用与产业融合·智算中心与工业场景落地」 10/28 周三 09:00 广东深圳 OFweek维科网 粉丝  83777 OFweek维科网 活动 493 粉丝 83777 +关注 安克移动影院 X1 Pro 中国线下首发 09/19 周六 14:00 广东深圳 INNO100 粉丝  2265 INNO100 活动 22 粉丝 2265 +关注 NEPCON ASIA 2026亚洲电子展火热报名中，看遍电子制造新设备和新技术 10/27 周二 ~ 10/29 周四 广东深圳 华强电子网 粉丝  20234 华强电子网 活动 111 粉丝 20234 +关注 第二届国产芯片技术创新与市场应用论坛 10/27 周二 13:00 广东深圳 华强电子网 粉丝  20234 华强电子网 活动 111 粉丝 20234 +关注 鸿蒙HarmonyOS应用开发者培训免费学，考完最高补贴2万元。 09/18 周五 ~ 09/20 周日 广东深圳 胡先生 粉丝  38 胡先生 活动 3 粉丝 38 +关注 Connect 引力场 | 深圳 Ai OPC 野生发布会 09/20 周日 14:00 广东深圳 Connect引力场 粉丝  187 Connect引力场 活动 4 粉丝 187 +关注 走进长虹佳华——AI与云驱动的智能制造 明天 14:00 广东深圳 佳华未来科技派 粉丝  98 佳华未来科技派 活动 7 粉丝 98 +关注 「壳」以安心 绿色同行 手配安心材质联盟发布会 09/21 周一 13:30 广东深圳 广东省电子商务协会 粉丝  39639 广东省电子商务协会 活动 315 粉丝 39639 +关注 《了凡四训》线下读书会 09/15 周二 ~ 10/10 周六 广东深圳 传统文化读书会 粉丝  319 传统文化读书会 活动 10 粉丝 319 +关注 教育机构CEO饭局(0919期)(深圳站) 09/19 周六 15:00 广东深圳 羽翼课堂 粉丝  22467 羽翼课堂 活动 714 粉丝 22467 +关注 【上午专场生态赋能】AIZQ2026AI硬件出海生态投融资大会 09/23 周三 09:00 广东深圳 AIZQ知穹传媒 粉丝  8241 AIZQ知穹传媒 活动 12 粉丝 8241 +关注 早鸟特惠 TikTok电商+AI视频，爆单内容矩阵放量工作坊——讲透AI+内容底层逻辑掌握流量与转化 明天 13:30 广东深圳 花果山MountFF 粉丝  4450 花果山MountFF 活动 80 粉丝 4450 +关注 早鸟特惠 TikTok Shop×AI智能体实战课：WorkBuddy+Codex一天跑通跨境经营全链路 09/22 周二 09:00 广东深圳 TikTok 卖家门户网TKFFF 粉丝  12372 TikTok 卖家门户网TKFFF 活动 365 粉丝 12372 +关注 俄见新局，共赢增长——第三届Yandex营销创新峰会 今天 14:00 广东深圳 易海创腾 粉丝  8457 易海创腾 活动 214 粉丝 8457 +关注 已成（深圳）OPC一人公司创业/副业交流，解锁轻创业新可能，看看超级个体创业路径 09/19 周六 14:00 广东深圳 草莓小饼干 粉丝  658 草莓小饼干 活动 806 粉丝 658 +关注 用AI定义跨境4.0时代-【AI全链路落地+AMC广告实战+AI视觉策划】专题培训课 09/23 周三 13:00 广东深圳 跨境智汇 粉丝  31 跨境智汇 活动 5 粉丝 31 +关注 【百度智能云】超级智能体大会-深圳站 09/20 周日 09:00 广东深圳 投资家网 粉丝  120108 投资家网 活动 281 粉丝 120108 +关注 OPC+AI跨境出海新模式 09/19 周六 14:00 广东深圳 深圳市奥创跨境电商科技有限公司 粉丝  288 深圳市奥创跨境电商科技有限公司 活动 7 粉丝 288 +关注 学TikTok Shop运营，找大湾区爆品货源！ 明天 13:45 广东深圳 Bidnex 粉丝  498 Bidnex 活动 7 粉丝 498 +关注,,,,https://www.huodongxing.com/event/4877775514100,,免费,活动行,广东省,深圳,活动行平台支付/报名
OPC+AI跨境出海新模式,,网站导航 热门站点 全国站 北京站 上海站 广州站 深圳站 杭州站 武汉站 成都站 长沙站 精选推荐 首页 行业 生活 学习 找活动 找主办方 专题精选 人气榜 下载App 更多服务 找场地 活动百宝箱 主办方管理中心 主办方vip 活动行管家 大会解决方案 关注活动行 | 小程序 | 帮助中心 深圳 当前定位城市: 热门城市: 全国 北京 上海 广州 深圳 杭州 武汉 成都 长沙 南京 重庆 苏州 其它城市: 西安 郑州 厦门 天津 宁波 青岛 东莞 佛山 济南 珠海 合肥 福州 石家庄 昆明 查找更多城市 > 首页 分类 解决方案 场景方案 线上峰会/研讨会 从宣传推广、名单收集、直播互动、线下拍摄/导播、数据分析等一站式直播解决方案 活动行企业版 专为对品牌、数据安全要求较高的企业/商会协会/会展公司等打造的活动管理系统 数字云展厅 定制图文音视频展厅/元宇宙展厅，独立的展商详情页、商机收集等 私有化部署 快速私有化部署企业私有活动管理解决方案，支持阿里云、腾讯云、AWS等 免费创建 下载APP 业务合作 主办方中心 注册 / 登录 推荐 发现活动 人气榜 主办方 精选专题 意见反馈 回到顶部 城市: 全国 北京 上海 深圳 广州 杭州 成都 武汉 重庆 南京 苏州 长沙 西安 厦门 郑州 东莞 青岛 天津 宁波 昆明 香港 澳门 更多城市 分类: 时间: 全部 本周 本周末 1个月内 形式： 线下活动 线上活动 综合排序 最新发布 热门点击 最多参与 OFweek 2026（第十一届）  中国人工智能与物联网技术创新大会 12/18 周五 09:00 广东深圳 OFweek维科网 粉丝  83777 OFweek维科网 活动 493 粉丝 83777 +关注 2026算力展暨工业智算应用大会——「AI算力场景应用与产业融合·智算中心与工业场景落地」 10/28 周三 09:00 广东深圳 OFweek维科网 粉丝  83777 OFweek维科网 活动 493 粉丝 83777 +关注 安克移动影院 X1 Pro 中国线下首发 09/19 周六 14:00 广东深圳 INNO100 粉丝  2265 INNO100 活动 22 粉丝 2265 +关注 NEPCON ASIA 2026亚洲电子展火热报名中，看遍电子制造新设备和新技术 10/27 周二 ~ 10/29 周四 广东深圳 华强电子网 粉丝  20234 华强电子网 活动 111 粉丝 20234 +关注 第二届国产芯片技术创新与市场应用论坛 10/27 周二 13:00 广东深圳 华强电子网 粉丝  20234 华强电子网 活动 111 粉丝 20234 +关注 鸿蒙HarmonyOS应用开发者培训免费学，考完最高补贴2万元。 09/18 周五 ~ 09/20 周日 广东深圳 胡先生 粉丝  38 胡先生 活动 3 粉丝 38 +关注 Connect 引力场 | 深圳 Ai OPC 野生发布会 09/20 周日 14:00 广东深圳 Connect引力场 粉丝  187 Connect引力场 活动 4 粉丝 187 +关注 走进长虹佳华——AI与云驱动的智能制造 明天 14:00 广东深圳 佳华未来科技派 粉丝  98 佳华未来科技派 活动 7 粉丝 98 +关注 「壳」以安心 绿色同行 手配安心材质联盟发布会 09/21 周一 13:30 广东深圳 广东省电子商务协会 粉丝  39639 广东省电子商务协会 活动 315 粉丝 39639 +关注 《了凡四训》线下读书会 09/15 周二 ~ 10/10 周六 广东深圳 传统文化读书会 粉丝  319 传统文化读书会 活动 10 粉丝 319 +关注 教育机构CEO饭局(0919期)(深圳站) 09/19 周六 15:00 广东深圳 羽翼课堂 粉丝  22467 羽翼课堂 活动 714 粉丝 22467 +关注 【上午专场生态赋能】AIZQ2026AI硬件出海生态投融资大会 09/23 周三 09:00 广东深圳 AIZQ知穹传媒 粉丝  8241 AIZQ知穹传媒 活动 12 粉丝 8241 +关注 早鸟特惠 TikTok电商+AI视频，爆单内容矩阵放量工作坊——讲透AI+内容底层逻辑掌握流量与转化 明天 13:30 广东深圳 花果山MountFF 粉丝  4450 花果山MountFF 活动 80 粉丝 4450 +关注 早鸟特惠 TikTok Shop×AI智能体实战课：WorkBuddy+Codex一天跑通跨境经营全链路 09/22 周二 09:00 广东深圳 TikTok 卖家门户网TKFFF 粉丝  12372 TikTok 卖家门户网TKFFF 活动 365 粉丝 12372 +关注 俄见新局，共赢增长——第三届Yandex营销创新峰会 今天 14:00 广东深圳 易海创腾 粉丝  8457 易海创腾 活动 214 粉丝 8457 +关注 已成（深圳）OPC一人公司创业/副业交流，解锁轻创业新可能，看看超级个体创业路径 09/19 周六 14:00 广东深圳 草莓小饼干 粉丝  658 草莓小饼干 活动 806 粉丝 658 +关注 用AI定义跨境4.0时代-【AI全链路落地+AMC广告实战+AI视觉策划】专题培训课 09/23 周三 13:00 广东深圳 跨境智汇 粉丝  31 跨境智汇 活动 5 粉丝 31 +关注 【百度智能云】超级智能体大会-深圳站 09/20 周日 09:00 广东深圳 投资家网 粉丝  120108 投资家网 活动 281 粉丝 120108 +关注 OPC+AI跨境出海新模式 09/19 周六 14:00 广东深圳 深圳市奥创跨境电商科技有限公司 粉丝  288 深圳市奥创跨境电商科技有限公司 活动 7 粉丝 288 +关注 学TikTok Shop运营，找大湾区爆品货源！ 明天 13:45 广东深圳 Bidnex 粉丝  498 Bidnex 活动 7 粉丝 498 +关注,,,,https://www.huodongxing.com/event/9877744637500,,免费,活动行,广东省,深圳,活动行平台支付/报名
学TikTok Shop运营，找大湾区爆品货源！,,网站导航 热门站点 全国站 北京站 上海站 广州站 深圳站 杭州站 武汉站 成都站 长沙站 精选推荐 首页 行业 生活 学习 找活动 找主办方 专题精选 人气榜 下载App 更多服务 找场地 活动百宝箱 主办方管理中心 主办方vip 活动行管家 大会解决方案 关注活动行 | 小程序 | 帮助中心 深圳 当前定位城市: 热门城市: 全国 北京 上海 广州 深圳 杭州 武汉 成都 长沙 南京 重庆 苏州 其它城市: 西安 郑州 厦门 天津 宁波 青岛 东莞 佛山 济南 珠海 合肥 福州 石家庄 昆明 查找更多城市 > 首页 分类 解决方案 场景方案 线上峰会/研讨会 从宣传推广、名单收集、直播互动、线下拍摄/导播、数据分析等一站式直播解决方案 活动行企业版 专为对品牌、数据安全要求较高的企业/商会协会/会展公司等打造的活动管理系统 数字云展厅 定制图文音视频展厅/元宇宙展厅，独立的展商详情页、商机收集等 私有化部署 快速私有化部署企业私有活动管理解决方案，支持阿里云、腾讯云、AWS等 免费创建 下载APP 业务合作 主办方中心 注册 / 登录 推荐 发现活动 人气榜 主办方 精选专题 意见反馈 回到顶部 城市: 全国 北京 上海 深圳 广州 杭州 成都 武汉 重庆 南京 苏州 长沙 西安 厦门 郑州 东莞 青岛 天津 宁波 昆明 香港 澳门 更多城市 分类: 时间: 全部 本周 本周末 1个月内 形式： 线下活动 线上活动 综合排序 最新发布 热门点击 最多参与 OFweek 2026（第十一届）  中国人工智能与物联网技术创新大会 12/18 周五 09:00 广东深圳 OFweek维科网 粉丝  83777 OFweek维科网 活动 493 粉丝 83777 +关注 2026算力展暨工业智算应用大会——「AI算力场景应用与产业融合·智算中心与工业场景落地」 10/28 周三 09:00 广东深圳 OFweek维科网 粉丝  83777 OFweek维科网 活动 493 粉丝 83777 +关注 安克移动影院 X1 Pro 中国线下首发 09/19 周六 14:00 广东深圳 INNO100 粉丝  2265 INNO100 活动 22 粉丝 2265 +关注 NEPCON ASIA 2026亚洲电子展火热报名中，看遍电子制造新设备和新技术 10/27 周二 ~ 10/29 周四 广东深圳 华强电子网 粉丝  20234 华强电子网 活动 111 粉丝 20234 +关注 第二届国产芯片技术创新与市场应用论坛 10/27 周二 13:00 广东深圳 华强电子网 粉丝  20234 华强电子网 活动 111 粉丝 20234 +关注 鸿蒙HarmonyOS应用开发者培训免费学，考完最高补贴2万元。 09/18 周五 ~ 09/20 周日 广东深圳 胡先生 粉丝  38 胡先生 活动 3 粉丝 38 +关注 Connect 引力场 | 深圳 Ai OPC 野生发布会 09/20 周日 14:00 广东深圳 Connect引力场 粉丝  187 Connect引力场 活动 4 粉丝 187 +关注 走进长虹佳华——AI与云驱动的智能制造 明天 14:00 广东深圳 佳华未来科技派 粉丝  98 佳华未来科技派 活动 7 粉丝 98 +关注 「壳」以安心 绿色同行 手配安心材质联盟发布会 09/21 周一 13:30 广东深圳 广东省电子商务协会 粉丝  39639 广东省电子商务协会 活动 315 粉丝 39639 +关注 《了凡四训》线下读书会 09/15 周二 ~ 10/10 周六 广东深圳 传统文化读书会 粉丝  319 传统文化读书会 活动 10 粉丝 319 +关注 教育机构CEO饭局(0919期)(深圳站) 09/19 周六 15:00 广东深圳 羽翼课堂 粉丝  22467 羽翼课堂 活动 714 粉丝 22467 +关注 【上午专场生态赋能】AIZQ2026AI硬件出海生态投融资大会 09/23 周三 09:00 广东深圳 AIZQ知穹传媒 粉丝  8241 AIZQ知穹传媒 活动 12 粉丝 8241 +关注 早鸟特惠 TikTok电商+AI视频，爆单内容矩阵放量工作坊——讲透AI+内容底层逻辑掌握流量与转化 明天 13:30 广东深圳 花果山MountFF 粉丝  4450 花果山MountFF 活动 80 粉丝 4450 +关注 早鸟特惠 TikTok Shop×AI智能体实战课：WorkBuddy+Codex一天跑通跨境经营全链路 09/22 周二 09:00 广东深圳 TikTok 卖家门户网TKFFF 粉丝  12372 TikTok 卖家门户网TKFFF 活动 365 粉丝 12372 +关注 俄见新局，共赢增长——第三届Yandex营销创新峰会 今天 14:00 广东深圳 易海创腾 粉丝  8457 易海创腾 活动 214 粉丝 8457 +关注 已成（深圳）OPC一人公司创业/副业交流，解锁轻创业新可能，看看超级个体创业路径 09/19 周六 14:00 广东深圳 草莓小饼干 粉丝  658 草莓小饼干 活动 806 粉丝 658 +关注 用AI定义跨境4.0时代-【AI全链路落地+AMC广告实战+AI视觉策划】专题培训课 09/23 周三 13:00 广东深圳 跨境智汇 粉丝  31 跨境智汇 活动 5 粉丝 31 +关注 【百度智能云】超级智能体大会-深圳站 09/20 周日 09:00 广东深圳 投资家网 粉丝  120108 投资家网 活动 281 粉丝 120108 +关注 OPC+AI跨境出海新模式 09/19 周六 14:00 广东深圳 深圳市奥创跨境电商科技有限公司 粉丝  288 深圳市奥创跨境电商科技有限公司 活动 7 粉丝 288 +关注 学TikTok Shop运营，找大湾区爆品货源！ 明天 13:45 广东深圳 Bidnex 粉丝  498 Bidnex 活动 7 粉丝 498 +关注,,,,https://www.huodongxing.com/event/9878492593800,,免费,活动行,广东省,深圳,活动行平台支付/报名
AGENT ARENA 深圳站｜豆包大模型 AI Agent 生产力挑战工作坊,,网站导航 热门站点 全国站 北京站 上海站 广州站 深圳站 杭州站 武汉站 成都站 长沙站 精选推荐 首页 行业 生活 学习 找活动 找主办方 专题精选 人气榜 下载App 更多服务 找场地 活动百宝箱 主办方管理中心 主办方vip 活动行管家 大会解决方案 关注活动行 | 小程序 | 帮助中心 深圳 当前定位城市: 热门城市: 全国 北京 上海 广州 深圳 杭州 武汉 成都 长沙 南京 重庆 苏州 其它城市: 西安 郑州 厦门 天津 宁波 青岛 东莞 佛山 济南 珠海 合肥 福州 石家庄 昆明 查找更多城市 > 首页 分类 解决方案 场景方案 线上峰会/研讨会 从宣传推广、名单收集、直播互动、线下拍摄/导播、数据分析等一站式直播解决方案 活动行企业版 专为对品牌、数据安全要求较高的企业/商会协会/会展公司等打造的活动管理系统 数字云展厅 定制图文音视频展厅/元宇宙展厅，独立的展商详情页、商机收集等 私有化部署 快速私有化部署企业私有活动管理解决方案，支持阿里云、腾讯云、AWS等 免费创建 下载APP 业务合作 主办方中心 注册 / 登录 推荐 发现活动 人气榜 主办方 精选专题 意见反馈 回到顶部 城市: 全国 北京 上海 深圳 广州 杭州 成都 武汉 重庆 南京 苏州 长沙 西安 厦门 郑州 东莞 青岛 天津 宁波 昆明 香港 澳门 更多城市 分类: 时间: 全部 本周 本周末 1个月内 形式： 线下活动 线上活动 综合排序 最新发布 热门点击 最多参与 AGENT ARENA 深圳站｜豆包大模型 AI Agent 生产力挑战工作坊 09/19 周六 13:30 广东深圳 ADG 社区 粉丝  5154 ADG 社区 活动 57 粉丝 5154 +关注 【深圳站】卡农·世界经典音乐之旅音乐会 09/19 周六 15:00 广东深圳 U剧场 粉丝  2974 U剧场 活动 465 粉丝 2974 +关注 9.16日深圳跨境电商沙龙茶话会 | 电商TikTok和独立站及亚马逊及短剧出海 | 每周三晚 09/16 周三 ~ 10/14 周三 广东深圳 深圳跨境电商老板私董会-小乖总 粉丝  920 深圳跨境电商老板私董会-小乖总 活动 151 粉丝 920 +关注 AI智能体搭建沙龙（9.18 第一期） 后天 14:30 广东深圳 OPC研究院 粉丝  524 OPC研究院 活动 15 粉丝 524 +关注 第二届全球AI出海开发者生态大会 10/15 周四 13:30 广东深圳 快出海 粉丝  30942 快出海 活动 242 粉丝 30942 +关注 国学易经线下公益沙龙 明天 13:30 广东深圳 用户4089 粉丝  12 用户4089 活动 3 粉丝 12 +关注 NEPCON ASIA 2026 亚洲电子生产设备暨微电子工业展览会 10/27 周二 ~ 10/29 周四 广东深圳 ExpoPro 粉丝  14802 ExpoPro 活动 216 粉丝 14802 +关注 2026深圳国际清洁技术与设备展览会 10/13 周二 ~ 10/15 周四 广东深圳 上海博华国际展览有限公司 粉丝  2655 上海博华国际展览有限公司 活动 69 粉丝 2655 +关注 2026中国互联网发展创新与投资大赛（深圳）选拔赛 10/15 周四 08:00 广东深圳 深圳市互联网创业创新服务促进会 粉丝  3451 深圳市互联网创业创新服务促进会 活动 40 粉丝 3451 +关注 东欧eMAG平台新卖家招商会-深圳站 今天 14:00 广东深圳 雨果跨境 粉丝  72881 雨果跨境 活动 1415 粉丝 72881 +关注 2026中国互联网发展创新与投资大赛（深圳）选拔赛 10/30 周五 08:00 广东深圳 深圳市互联网创业创新服务促进会 粉丝  4225 深圳市互联网创业创新服务促进会 活动 47 粉丝 4225 +关注 BOT Chain 深圳 Night Meetup 09/21 周一 17:30 广东深圳 灵思先见 粉丝  3171 灵思先见 活动 10 粉丝 3171 +关注 润城产服聚合日暨融资选址对接会（生命健康专场） 09/17 周四 ~ 10/16 周五 广东深圳 润城新产业 粉丝  429 润城新产业 活动 6 粉丝 429 +关注 YG-Day9月初创项目路演会 09/22 周二 14:30 广东深圳 深圳市南山云谷创新产业园管理有限公司 粉丝  1586 深圳市南山云谷创新产业园管理有限公司 活动 45 粉丝 1586 +关注 （9.18/深圳站）爱搜GEO主题沙龙：AI全域获客增长（右滑解锁更多城市→） 后天 13:00 广东深圳 AIDSO爱搜 粉丝  9091 AIDSO爱搜 活动 120 粉丝 9091 +关注 第二届中国 GEO&AI 营销智能体峰会 10/16 周五 09:00 广东深圳 AI出海观察 粉丝  22780 AI出海观察 活动 49 粉丝 22780 +关注 2026 未来学习空间创新大会 09/19 周六 ~ 09/21 周一 广东深圳 BEED Asia 必达亚洲 粉丝  711 BEED Asia 必达亚洲 活动 39 粉丝 711 +关注 团购优惠 金 税 四 期 下 的 往 来 科 目 风 险 & 应 收 账 款 回 款 实 务 09/23 周三 广东深圳 联信集团 粉丝  28 联信集团 活动 2 粉丝 28 +关注 2026石家庄（深圳）新一代电子信息产业投资合作交流活动 09/29 周二 14:00 广东深圳 亿融创服 粉丝  45210 亿融创服 活动 188 粉丝 45210 +关注 OWASP线下活动：CRA合规倒计时 从法规解读到实践落地的全链路实战分享 09/19 周六 13:30 广东深圳 AI研智有方 粉丝  2989 AI研智有方 活动 43 粉丝 2989 +关注,,,,https://www.huodongxing.com/event/3877792307900,,免费,活动行,广东省,深圳,活动行平台支付/报名
【深圳站】卡农·世界经典音乐之旅音乐会,,网站导航 热门站点 全国站 北京站 上海站 广州站 深圳站 杭州站 武汉站 成都站 长沙站 精选推荐 首页 行业 生活 学习 找活动 找主办方 专题精选 人气榜 下载App 更多服务 找场地 活动百宝箱 主办方管理中心 主办方vip 活动行管家 大会解决方案 关注活动行 | 小程序 | 帮助中心 深圳 当前定位城市: 热门城市: 全国 北京 上海 广州 深圳 杭州 武汉 成都 长沙 南京 重庆 苏州 其它城市: 西安 郑州 厦门 天津 宁波 青岛 东莞 佛山 济南 珠海 合肥 福州 石家庄 昆明 查找更多城市 > 首页 分类 解决方案 场景方案 线上峰会/研讨会 从宣传推广、名单收集、直播互动、线下拍摄/导播、数据分析等一站式直播解决方案 活动行企业版 专为对品牌、数据安全要求较高的企业/商会协会/会展公司等打造的活动管理系统 数字云展厅 定制图文音视频展厅/元宇宙展厅，独立的展商详情页、商机收集等 私有化部署 快速私有化部署企业私有活动管理解决方案，支持阿里云、腾讯云、AWS等 免费创建 下载APP 业务合作 主办方中心 注册 / 登录 推荐 发现活动 人气榜 主办方 精选专题 意见反馈 回到顶部 城市: 全国 北京 上海 深圳 广州 杭州 成都 武汉 重庆 南京 苏州 长沙 西安 厦门 郑州 东莞 青岛 天津 宁波 昆明 香港 澳门 更多城市 分类: 时间: 全部 本周 本周末 1个月内 形式： 线下活动 线上活动 综合排序 最新发布 热门点击 最多参与 AGENT ARENA 深圳站｜豆包大模型 AI Agent 生产力挑战工作坊 09/19 周六 13:30 广东深圳 ADG 社区 粉丝  5154 ADG 社区 活动 57 粉丝 5154 +关注 【深圳站】卡农·世界经典音乐之旅音乐会 09/19 周六 15:00 广东深圳 U剧场 粉丝  2974 U剧场 活动 465 粉丝 2974 +关注 9.16日深圳跨境电商沙龙茶话会 | 电商TikTok和独立站及亚马逊及短剧出海 | 每周三晚 09/16 周三 ~ 10/14 周三 广东深圳 深圳跨境电商老板私董会-小乖总 粉丝  920 深圳跨境电商老板私董会-小乖总 活动 151 粉丝 920 +关注 AI智能体搭建沙龙（9.18 第一期） 后天 14:30 广东深圳 OPC研究院 粉丝  524 OPC研究院 活动 15 粉丝 524 +关注 第二届全球AI出海开发者生态大会 10/15 周四 13:30 广东深圳 快出海 粉丝  30942 快出海 活动 242 粉丝 30942 +关注 国学易经线下公益沙龙 明天 13:30 广东深圳 用户4089 粉丝  12 用户4089 活动 3 粉丝 12 +关注 NEPCON ASIA 2026 亚洲电子生产设备暨微电子工业展览会 10/27 周二 ~ 10/29 周四 广东深圳 ExpoPro 粉丝  14802 ExpoPro 活动 216 粉丝 14802 +关注 2026深圳国际清洁技术与设备展览会 10/13 周二 ~ 10/15 周四 广东深圳 上海博华国际展览有限公司 粉丝  2655 上海博华国际展览有限公司 活动 69 粉丝 2655 +关注 2026中国互联网发展创新与投资大赛（深圳）选拔赛 10/15 周四 08:00 广东深圳 深圳市互联网创业创新服务促进会 粉丝  3451 深圳市互联网创业创新服务促进会 活动 40 粉丝 3451 +关注 东欧eMAG平台新卖家招商会-深圳站 今天 14:00 广东深圳 雨果跨境 粉丝  72881 雨果跨境 活动 1415 粉丝 72881 +关注 2026中国互联网发展创新与投资大赛（深圳）选拔赛 10/30 周五 08:00 广东深圳 深圳市互联网创业创新服务促进会 粉丝  4225 深圳市互联网创业创新服务促进会 活动 47 粉丝 4225 +关注 BOT Chain 深圳 Night Meetup 09/21 周一 17:30 广东深圳 灵思先见 粉丝  3171 灵思先见 活动 10 粉丝 3171 +关注 润城产服聚合日暨融资选址对接会（生命健康专场） 09/17 周四 ~ 10/16 周五 广东深圳 润城新产业 粉丝  429 润城新产业 活动 6 粉丝 429 +关注 YG-Day9月初创项目路演会 09/22 周二 14:30 广东深圳 深圳市南山云谷创新产业园管理有限公司 粉丝  1586 深圳市南山云谷创新产业园管理有限公司 活动 45 粉丝 1586 +关注 （9.18/深圳站）爱搜GEO主题沙龙：AI全域获客增长（右滑解锁更多城市→） 后天 13:00 广东深圳 AIDSO爱搜 粉丝  9091 AIDSO爱搜 活动 120 粉丝 9091 +关注 第二届中国 GEO&AI 营销智能体峰会 10/16 周五 09:00 广东深圳 AI出海观察 粉丝  22780 AI出海观察 活动 49 粉丝 22780 +关注 2026 未来学习空间创新大会 09/19 周六 ~ 09/21 周一 广东深圳 BEED Asia 必达亚洲 粉丝  711 BEED Asia 必达亚洲 活动 39 粉丝 711 +关注 团购优惠 金 税 四 期 下 的 往 来 科 目 风 险 & 应 收 账 款 回 款 实 务 09/23 周三 广东深圳 联信集团 粉丝  28 联信集团 活动 2 粉丝 28 +关注 2026石家庄（深圳）新一代电子信息产业投资合作交流活动 09/29 周二 14:00 广东深圳 亿融创服 粉丝  45210 亿融创服 活动 188 粉丝 45210 +关注 OWASP线下活动：CRA合规倒计时 从法规解读到实践落地的全链路实战分享 09/19 周六 13:30 广东深圳 AI研智有方 粉丝  2989 AI研智有方 活动 43 粉丝 2989 +关注,,,,https://www.huodongxing.com/event/9865816767100,,免费,活动行,广东省,深圳,活动行平台支付/报名
9.16日深圳跨境电商沙龙茶话会 | 电商TikTok和独立站及亚马逊及短剧出海 | 每周三晚,,网站导航 热门站点 全国站 北京站 上海站 广州站 深圳站 杭州站 武汉站 成都站 长沙站 精选推荐 首页 行业 生活 学习 找活动 找主办方 专题精选 人气榜 下载App 更多服务 找场地 活动百宝箱 主办方管理中心 主办方vip 活动行管家 大会解决方案 关注活动行 | 小程序 | 帮助中心 深圳 当前定位城市: 热门城市: 全国 北京 上海 广州 深圳 杭州 武汉 成都 长沙 南京 重庆 苏州 其它城市: 西安 郑州 厦门 天津 宁波 青岛 东莞 佛山 济南 珠海 合肥 福州 石家庄 昆明 查找更多城市 > 首页 分类 解决方案 场景方案 线上峰会/研讨会 从宣传推广、名单收集、直播互动、线下拍摄/导播、数据分析等一站式直播解决方案 活动行企业版 专为对品牌、数据安全要求较高的企业/商会协会/会展公司等打造的活动管理系统 数字云展厅 定制图文音视频展厅/元宇宙展厅，独立的展商详情页、商机收集等 私有化部署 快速私有化部署企业私有活动管理解决方案，支持阿里云、腾讯云、AWS等 免费创建 下载APP 业务合作 主办方中心 注册 / 登录 推荐 发现活动 人气榜 主办方 精选专题 意见反馈 回到顶部 城市: 全国 北京 上海 深圳 广州 杭州 成都 武汉 重庆 南京 苏州 长沙 西安 厦门 郑州 东莞 青岛 天津 宁波 昆明 香港 澳门 更多城市 分类: 时间: 全部 本周 本周末 1个月内 形式： 线下活动 线上活动 综合排序 最新发布 热门点击 最多参与 AGENT ARENA 深圳站｜豆包大模型 AI Agent 生产力挑战工作坊 09/19 周六 13:30 广东深圳 ADG 社区 粉丝  5154 ADG 社区 活动 57 粉丝 5154 +关注 【深圳站】卡农·世界经典音乐之旅音乐会 09/19 周六 15:00 广东深圳 U剧场 粉丝  2974 U剧场 活动 465 粉丝 2974 +关注 9.16日深圳跨境电商沙龙茶话会 | 电商TikTok和独立站及亚马逊及短剧出海 | 每周三晚 09/16 周三 ~ 10/14 周三 广东深圳 深圳跨境电商老板私董会-小乖总 粉丝  920 深圳跨境电商老板私董会-小乖总 活动 151 粉丝 920 +关注 AI智能体搭建沙龙（9.18 第一期） 后天 14:30 广东深圳 OPC研究院 粉丝  524 OPC研究院 活动 15 粉丝 524 +关注 第二届全球AI出海开发者生态大会 10/15 周四 13:30 广东深圳 快出海 粉丝  30942 快出海 活动 242 粉丝 30942 +关注 国学易经线下公益沙龙 明天 13:30 广东深圳 用户4089 粉丝  12 用户4089 活动 3 粉丝 12 +关注 NEPCON ASIA 2026 亚洲电子生产设备暨微电子工业展览会 10/27 周二 ~ 10/29 周四 广东深圳 ExpoPro 粉丝  14802 ExpoPro 活动 216 粉丝 14802 +关注 2026深圳国际清洁技术与设备展览会 10/13 周二 ~ 10/15 周四 广东深圳 上海博华国际展览有限公司 粉丝  2655 上海博华国际展览有限公司 活动 69 粉丝 2655 +关注 2026中国互联网发展创新与投资大赛（深圳）选拔赛 10/15 周四 08:00 广东深圳 深圳市互联网创业创新服务促进会 粉丝  3451 深圳市互联网创业创新服务促进会 活动 40 粉丝 3451 +关注 东欧eMAG平台新卖家招商会-深圳站 今天 14:00 广东深圳 雨果跨境 粉丝  72881 雨果跨境 活动 1415 粉丝 72881 +关注 2026中国互联网发展创新与投资大赛（深圳）选拔赛 10/30 周五 08:00 广东深圳 深圳市互联网创业创新服务促进会 粉丝  4225 深圳市互联网创业创新服务促进会 活动 47 粉丝 4225 +关注 BOT Chain 深圳 Night Meetup 09/21 周一 17:30 广东深圳 灵思先见 粉丝  3171 灵思先见 活动 10 粉丝 3171 +关注 润城产服聚合日暨融资选址对接会（生命健康专场） 09/17 周四 ~ 10/16 周五 广东深圳 润城新产业 粉丝  429 润城新产业 活动 6 粉丝 429 +关注 YG-Day9月初创项目路演会 09/22 周二 14:30 广东深圳 深圳市南山云谷创新产业园管理有限公司 粉丝  1586 深圳市南山云谷创新产业园管理有限公司 活动 45 粉丝 1586 +关注 （9.18/深圳站）爱搜GEO主题沙龙：AI全域获客增长（右滑解锁更多城市→） 后天 13:00 广东深圳 AIDSO爱搜 粉丝  9091 AIDSO爱搜 活动 120 粉丝 9091 +关注 第二届中国 GEO&AI 营销智能体峰会 10/16 周五 09:00 广东深圳 AI出海观察 粉丝  22780 AI出海观察 活动 49 粉丝 22780 +关注 2026 未来学习空间创新大会 09/19 周六 ~ 09/21 周一 广东深圳 BEED Asia 必达亚洲 粉丝  711 BEED Asia 必达亚洲 活动 39 粉丝 711 +关注 团购优惠 金 税 四 期 下 的 往 来 科 目 风 险 & 应 收 账 款 回 款 实 务 09/23 周三 广东深圳 联信集团 粉丝  28 联信集团 活动 2 粉丝 28 +关注 2026石家庄（深圳）新一代电子信息产业投资合作交流活动 09/29 周二 14:00 广东深圳 亿融创服 粉丝  45210 亿融创服 活动 188 粉丝 45210 +关注 OWASP线下活动：CRA合规倒计时 从法规解读到实践落地的全链路实战分享 09/19 周六 13:30 广东深圳 AI研智有方 粉丝  2989 AI研智有方 活动 43 粉丝 2989 +关注,,,,https://www.huodongxing.com/event/6878458249411,,免费,活动行,广东省,深圳,活动行平台支付/报名
AI智能体搭建沙龙（9.18 第一期）,,网站导航 热门站点 全国站 北京站 上海站 广州站 深圳站 杭州站 武汉站 成都站 长沙站 精选推荐 首页 行业 生活 学习 找活动 找主办方 专题精选 人气榜 下载App 更多服务 找场地 活动百宝箱 主办方管理中心 主办方vip 活动行管家 大会解决方案 关注活动行 | 小程序 | 帮助中心 深圳 当前定位城市: 热门城市: 全国 北京 上海 广州 深圳 杭州 武汉 成都 长沙 南京 重庆 苏州 其它城市: 西安 郑州 厦门 天津 宁波 青岛 东莞 佛山 济南 珠海 合肥 福州 石家庄 昆明 查找更多城市 > 首页 分类 解决方案 场景方案 线上峰会/研讨会 从宣传推广、名单收集、直播互动、线下拍摄/导播、数据分析等一站式直播解决方案 活动行企业版 专为对品牌、数据安全要求较高的企业/商会协会/会展公司等打造的活动管理系统 数字云展厅 定制图文音视频展厅/元宇宙展厅，独立的展商详情页、商机收集等 私有化部署 快速私有化部署企业私有活动管理解决方案，支持阿里云、腾讯云、AWS等 免费创建 下载APP 业务合作 主办方中心 注册 / 登录 推荐 发现活动 人气榜 主办方 精选专题 意见反馈 回到顶部 城市: 全国 北京 上海 深圳 广州 杭州 成都 武汉 重庆 南京 苏州 长沙 西安 厦门 郑州 东莞 青岛 天津 宁波 昆明 香港 澳门 更多城市 分类: 时间: 全部 本周 本周末 1个月内 形式： 线下活动 线上活动 综合排序 最新发布 热门点击 最多参与 AGENT ARENA 深圳站｜豆包大模型 AI Agent 生产力挑战工作坊 09/19 周六 13:30 广东深圳 ADG 社区 粉丝  5154 ADG 社区 活动 57 粉丝 5154 +关注 【深圳站】卡农·世界经典音乐之旅音乐会 09/19 周六 15:00 广东深圳 U剧场 粉丝  2974 U剧场 活动 465 粉丝 2974 +关注 9.16日深圳跨境电商沙龙茶话会 | 电商TikTok和独立站及亚马逊及短剧出海 | 每周三晚 09/16 周三 ~ 10/14 周三 广东深圳 深圳跨境电商老板私董会-小乖总 粉丝  920 深圳跨境电商老板私董会-小乖总 活动 151 粉丝 920 +关注 AI智能体搭建沙龙（9.18 第一期） 后天 14:30 广东深圳 OPC研究院 粉丝  524 OPC研究院 活动 15 粉丝 524 +关注 第二届全球AI出海开发者生态大会 10/15 周四 13:30 广东深圳 快出海 粉丝  30942 快出海 活动 242 粉丝 30942 +关注 国学易经线下公益沙龙 明天 13:30 广东深圳 用户4089 粉丝  12 用户4089 活动 3 粉丝 12 +关注 NEPCON ASIA 2026 亚洲电子生产设备暨微电子工业展览会 10/27 周二 ~ 10/29 周四 广东深圳 ExpoPro 粉丝  14802 ExpoPro 活动 216 粉丝 14802 +关注 2026深圳国际清洁技术与设备展览会 10/13 周二 ~ 10/15 周四 广东深圳 上海博华国际展览有限公司 粉丝  2655 上海博华国际展览有限公司 活动 69 粉丝 2655 +关注 2026中国互联网发展创新与投资大赛（深圳）选拔赛 10/15 周四 08:00 广东深圳 深圳市互联网创业创新服务促进会 粉丝  3451 深圳市互联网创业创新服务促进会 活动 40 粉丝 3451 +关注 东欧eMAG平台新卖家招商会-深圳站 今天 14:00 广东深圳 雨果跨境 粉丝  72881 雨果跨境 活动 1415 粉丝 72881 +关注 2026中国互联网发展创新与投资大赛（深圳）选拔赛 10/30 周五 08:00 广东深圳 深圳市互联网创业创新服务促进会 粉丝  4225 深圳市互联网创业创新服务促进会 活动 47 粉丝 4225 +关注 BOT Chain 深圳 Night Meetup 09/21 周一 17:30 广东深圳 灵思先见 粉丝  3171 灵思先见 活动 10 粉丝 3171 +关注 润城产服聚合日暨融资选址对接会（生命健康专场） 09/17 周四 ~ 10/16 周五 广东深圳 润城新产业 粉丝  429 润城新产业 活动 6 粉丝 429 +关注 YG-Day9月初创项目路演会 09/22 周二 14:30 广东深圳 深圳市南山云谷创新产业园管理有限公司 粉丝  1586 深圳市南山云谷创新产业园管理有限公司 活动 45 粉丝 1586 +关注 （9.18/深圳站）爱搜GEO主题沙龙：AI全域获客增长（右滑解锁更多城市→） 后天 13:00 广东深圳 AIDSO爱搜 粉丝  9091 AIDSO爱搜 活动 120 粉丝 9091 +关注 第二届中国 GEO&AI 营销智能体峰会 10/16 周五 09:00 广东深圳 AI出海观察 粉丝  22780 AI出海观察 活动 49 粉丝 22780 +关注 2026 未来学习空间创新大会 09/19 周六 ~ 09/21 周一 广东深圳 BEED Asia 必达亚洲 粉丝  711 BEED Asia 必达亚洲 活动 39 粉丝 711 +关注 团购优惠 金 税 四 期 下 的 往 来 科 目 风 险 & 应 收 账 款 回 款 实 务 09/23 周三 广东深圳 联信集团 粉丝  28 联信集团 活动 2 粉丝 28 +关注 2026石家庄（深圳）新一代电子信息产业投资合作交流活动 09/29 周二 14:00 广东深圳 亿融创服 粉丝  45210 亿融创服 活动 188 粉丝 45210 +关注 OWASP线下活动：CRA合规倒计时 从法规解读到实践落地的全链路实战分享 09/19 周六 13:30 广东深圳 AI研智有方 粉丝  2989 AI研智有方 活动 43 粉丝 2989 +关注,,,,https://www.huodongxing.com/event/8877918816400,,免费,活动行,广东省,深圳,活动行平台支付/报名
第二届全球AI出海开发者生态大会,,网站导航 热门站点 全国站 北京站 上海站 广州站 深圳站 杭州站 武汉站 成都站 长沙站 精选推荐 首页 行业 生活 学习 找活动 找主办方 专题精选 人气榜 下载App 更多服务 找场地 活动百宝箱 主办方管理中心 主办方vip 活动行管家 大会解决方案 关注活动行 | 小程序 | 帮助中心 深圳 当前定位城市: 热门城市: 全国 北京 上海 广州 深圳 杭州 武汉 成都 长沙 南京 重庆 苏州 其它城市: 西安 郑州 厦门 天津 宁波 青岛 东莞 佛山 济南 珠海 合肥 福州 石家庄 昆明 查找更多城市 > 首页 分类 解决方案 场景方案 线上峰会/研讨会 从宣传推广、名单收集、直播互动、线下拍摄/导播、数据分析等一站式直播解决方案 活动行企业版 专为对品牌、数据安全要求较高的企业/商会协会/会展公司等打造的活动管理系统 数字云展厅 定制图文音视频展厅/元宇宙展厅，独立的展商详情页、商机收集等 私有化部署 快速私有化部署企业私有活动管理解决方案，支持阿里云、腾讯云、AWS等 免费创建 下载APP 业务合作 主办方中心 注册 / 登录 推荐 发现活动 人气榜 主办方 精选专题 意见反馈 回到顶部 城市: 全国 北京 上海 深圳 广州 杭州 成都 武汉 重庆 南京 苏州 长沙 西安 厦门 郑州 东莞 青岛 天津 宁波 昆明 香港 澳门 更多城市 分类: 时间: 全部 本周 本周末 1个月内 形式： 线下活动 线上活动 综合排序 最新发布 热门点击 最多参与 AGENT ARENA 深圳站｜豆包大模型 AI Agent 生产力挑战工作坊 09/19 周六 13:30 广东深圳 ADG 社区 粉丝  5154 ADG 社区 活动 57 粉丝 5154 +关注 【深圳站】卡农·世界经典音乐之旅音乐会 09/19 周六 15:00 广东深圳 U剧场 粉丝  2974 U剧场 活动 465 粉丝 2974 +关注 9.16日深圳跨境电商沙龙茶话会 | 电商TikTok和独立站及亚马逊及短剧出海 | 每周三晚 09/16 周三 ~ 10/14 周三 广东深圳 深圳跨境电商老板私董会-小乖总 粉丝  920 深圳跨境电商老板私董会-小乖总 活动 151 粉丝 920 +关注 AI智能体搭建沙龙（9.18 第一期） 后天 14:30 广东深圳 OPC研究院 粉丝  524 OPC研究院 活动 15 粉丝 524 +关注 第二届全球AI出海开发者生态大会 10/15 周四 13:30 广东深圳 快出海 粉丝  30942 快出海 活动 242 粉丝 30942 +关注 国学易经线下公益沙龙 明天 13:30 广东深圳 用户4089 粉丝  12 用户4089 活动 3 粉丝 12 +关注 NEPCON ASIA 2026 亚洲电子生产设备暨微电子工业展览会 10/27 周二 ~ 10/29 周四 广东深圳 ExpoPro 粉丝  14802 ExpoPro 活动 216 粉丝 14802 +关注 2026深圳国际清洁技术与设备展览会 10/13 周二 ~ 10/15 周四 广东深圳 上海博华国际展览有限公司 粉丝  2655 上海博华国际展览有限公司 活动 69 粉丝 2655 +关注 2026中国互联网发展创新与投资大赛（深圳）选拔赛 10/15 周四 08:00 广东深圳 深圳市互联网创业创新服务促进会 粉丝  3451 深圳市互联网创业创新服务促进会 活动 40 粉丝 3451 +关注 东欧eMAG平台新卖家招商会-深圳站 今天 14:00 广东深圳 雨果跨境 粉丝  72881 雨果跨境 活动 1415 粉丝 72881 +关注 2026中国互联网发展创新与投资大赛（深圳）选拔赛 10/30 周五 08:00 广东深圳 深圳市互联网创业创新服务促进会 粉丝  4225 深圳市互联网创业创新服务促进会 活动 47 粉丝 4225 +关注 BOT Chain 深圳 Night Meetup 09/21 周一 17:30 广东深圳 灵思先见 粉丝  3171 灵思先见 活动 10 粉丝 3171 +关注 润城产服聚合日暨融资选址对接会（生命健康专场） 09/17 周四 ~ 10/16 周五 广东深圳 润城新产业 粉丝  429 润城新产业 活动 6 粉丝 429 +关注 YG-Day9月初创项目路演会 09/22 周二 14:30 广东深圳 深圳市南山云谷创新产业园管理有限公司 粉丝  1586 深圳市南山云谷创新产业园管理有限公司 活动 45 粉丝 1586 +关注 （9.18/深圳站）爱搜GEO主题沙龙：AI全域获客增长（右滑解锁更多城市→） 后天 13:00 广东深圳 AIDSO爱搜 粉丝  9091 AIDSO爱搜 活动 120 粉丝 9091 +关注 第二届中国 GEO&AI 营销智能体峰会 10/16 周五 09:00 广东深圳 AI出海观察 粉丝  22780 AI出海观察 活动 49 粉丝 22780 +关注 2026 未来学习空间创新大会 09/19 周六 ~ 09/21 周一 广东深圳 BEED Asia 必达亚洲 粉丝  711 BEED Asia 必达亚洲 活动 39 粉丝 711 +关注 团购优惠 金 税 四 期 下 的 往 来 科 目 风 险 & 应 收 账 款 回 款 实 务 09/23 周三 广东深圳 联信集团 粉丝  28 联信集团 活动 2 粉丝 28 +关注 2026石家庄（深圳）新一代电子信息产业投资合作交流活动 09/29 周二 14:00 广东深圳 亿融创服 粉丝  45210 亿融创服 活动 188 粉丝 45210 +关注 OWASP线下活动：CRA合规倒计时 从法规解读到实践落地的全链路实战分享 09/19 周六 13:30 广东深圳 AI研智有方 粉丝  2989 AI研智有方 活动 43 粉丝 2989 +关注,,,,https://www.huodongxing.com/event/1877742392200,,免费,活动行,广东省,深圳,活动行平台支付/报名
国学易经线下公益沙龙,,网站导航 热门站点 全国站 北京站 上海站 广州站 深圳站 杭州站 武汉站 成都站 长沙站 精选推荐 首页 行业 生活 学习 找活动 找主办方 专题精选 人气榜 下载App 更多服务 找场地 活动百宝箱 主办方管理中心 主办方vip 活动行管家 大会解决方案 关注活动行 | 小程序 | 帮助中心 深圳 当前定位城市: 热门城市: 全国 北京 上海 广州 深圳 杭州 武汉 成都 长沙 南京 重庆 苏州 其它城市: 西安 郑州 厦门 天津 宁波 青岛 东莞 佛山 济南 珠海 合肥 福州 石家庄 昆明 查找更多城市 > 首页 分类 解决方案 场景方案 线上峰会/研讨会 从宣传推广、名单收集、直播互动、线下拍摄/导播、数据分析等一站式直播解决方案 活动行企业版 专为对品牌、数据安全要求较高的企业/商会协会/会展公司等打造的活动管理系统 数字云展厅 定制图文音视频展厅/元宇宙展厅，独立的展商详情页、商机收集等 私有化部署 快速私有化部署企业私有活动管理解决方案，支持阿里云、腾讯云、AWS等 免费创建 下载APP 业务合作 主办方中心 注册 / 登录 推荐 发现活动 人气榜 主办方 精选专题 意见反馈 回到顶部 城市: 全国 北京 上海 深圳 广州 杭州 成都 武汉 重庆 南京 苏州 长沙 西安 厦门 郑州 东莞 青岛 天津 宁波 昆明 香港 澳门 更多城市 分类: 时间: 全部 本周 本周末 1个月内 形式： 线下活动 线上活动 综合排序 最新发布 热门点击 最多参与 AGENT ARENA 深圳站｜豆包大模型 AI Agent 生产力挑战工作坊 09/19 周六 13:30 广东深圳 ADG 社区 粉丝  5154 ADG 社区 活动 57 粉丝 5154 +关注 【深圳站】卡农·世界经典音乐之旅音乐会 09/19 周六 15:00 广东深圳 U剧场 粉丝  2974 U剧场 活动 465 粉丝 2974 +关注 9.16日深圳跨境电商沙龙茶话会 | 电商TikTok和独立站及亚马逊及短剧出海 | 每周三晚 09/16 周三 ~ 10/14 周三 广东深圳 深圳跨境电商老板私董会-小乖总 粉丝  920 深圳跨境电商老板私董会-小乖总 活动 151 粉丝 920 +关注 AI智能体搭建沙龙（9.18 第一期） 后天 14:30 广东深圳 OPC研究院 粉丝  524 OPC研究院 活动 15 粉丝 524 +关注 第二届全球AI出海开发者生态大会 10/15 周四 13:30 广东深圳 快出海 粉丝  30942 快出海 活动 242 粉丝 30942 +关注 国学易经线下公益沙龙 明天 13:30 广东深圳 用户4089 粉丝  12 用户4089 活动 3 粉丝 12 +关注 NEPCON ASIA 2026 亚洲电子生产设备暨微电子工业展览会 10/27 周二 ~ 10/29 周四 广东深圳 ExpoPro 粉丝  14802 ExpoPro 活动 216 粉丝 14802 +关注 2026深圳国际清洁技术与设备展览会 10/13 周二 ~ 10/15 周四 广东深圳 上海博华国际展览有限公司 粉丝  2655 上海博华国际展览有限公司 活动 69 粉丝 2655 +关注 2026中国互联网发展创新与投资大赛（深圳）选拔赛 10/15 周四 08:00 广东深圳 深圳市互联网创业创新服务促进会 粉丝  3451 深圳市互联网创业创新服务促进会 活动 40 粉丝 3451 +关注 东欧eMAG平台新卖家招商会-深圳站 今天 14:00 广东深圳 雨果跨境 粉丝  72881 雨果跨境 活动 1415 粉丝 72881 +关注 2026中国互联网发展创新与投资大赛（深圳）选拔赛 10/30 周五 08:00 广东深圳 深圳市互联网创业创新服务促进会 粉丝  4225 深圳市互联网创业创新服务促进会 活动 47 粉丝 4225 +关注 BOT Chain 深圳 Night Meetup 09/21 周一 17:30 广东深圳 灵思先见 粉丝  3171 灵思先见 活动 10 粉丝 3171 +关注 润城产服聚合日暨融资选址对接会（生命健康专场） 09/17 周四 ~ 10/16 周五 广东深圳 润城新产业 粉丝  429 润城新产业 活动 6 粉丝 429 +关注 YG-Day9月初创项目路演会 09/22 周二 14:30 广东深圳 深圳市南山云谷创新产业园管理有限公司 粉丝  1586 深圳市南山云谷创新产业园管理有限公司 活动 45 粉丝 1586 +关注 （9.18/深圳站）爱搜GEO主题沙龙：AI全域获客增长（右滑解锁更多城市→） 后天 13:00 广东深圳 AIDSO爱搜 粉丝  9091 AIDSO爱搜 活动 120 粉丝 9091 +关注 第二届中国 GEO&AI 营销智能体峰会 10/16 周五 09:00 广东深圳 AI出海观察 粉丝  22780 AI出海观察 活动 49 粉丝 22780 +关注 2026 未来学习空间创新大会 09/19 周六 ~ 09/21 周一 广东深圳 BEED Asia 必达亚洲 粉丝  711 BEED Asia 必达亚洲 活动 39 粉丝 711 +关注 团购优惠 金 税 四 期 下 的 往 来 科 目 风 险 & 应 收 账 款 回 款 实 务 09/23 周三 广东深圳 联信集团 粉丝  28 联信集团 活动 2 粉丝 28 +关注 2026石家庄（深圳）新一代电子信息产业投资合作交流活动 09/29 周二 14:00 广东深圳 亿融创服 粉丝  45210 亿融创服 活动 188 粉丝 45210 +关注 OWASP线下活动：CRA合规倒计时 从法规解读到实践落地的全链路实战分享 09/19 周六 13:30 广东深圳 AI研智有方 粉丝  2989 AI研智有方 活动 43 粉丝 2989 +关注,,,,https://www.huodongxing.com/event/4877029619400,,免费,活动行,广东省,深圳,活动行平台支付/报名
NEPCON ASIA 2026 亚洲电子生产设备暨微电子工业展览会,,网站导航 热门站点 全国站 北京站 上海站 广州站 深圳站 杭州站 武汉站 成都站 长沙站 精选推荐 首页 行业 生活 学习 找活动 找主办方 专题精选 人气榜 下载App 更多服务 找场地 活动百宝箱 主办方管理中心 主办方vip 活动行管家 大会解决方案 关注活动行 | 小程序 | 帮助中心 深圳 当前定位城市: 热门城市: 全国 北京 上海 广州 深圳 杭州 武汉 成都 长沙 南京 重庆 苏州 其它城市: 西安 郑州 厦门 天津 宁波 青岛 东莞 佛山 济南 珠海 合肥 福州 石家庄 昆明 查找更多城市 > 首页 分类 解决方案 场景方案 线上峰会/研讨会 从宣传推广、名单收集、直播互动、线下拍摄/导播、数据分析等一站式直播解决方案 活动行企业版 专为对品牌、数据安全要求较高的企业/商会协会/会展公司等打造的活动管理系统 数字云展厅 定制图文音视频展厅/元宇宙展厅，独立的展商详情页、商机收集等 私有化部署 快速私有化部署企业私有活动管理解决方案，支持阿里云、腾讯云、AWS等 免费创建 下载APP 业务合作 主办方中心 注册 / 登录 推荐 发现活动 人气榜 主办方 精选专题 意见反馈 回到顶部 城市: 全国 北京 上海 深圳 广州 杭州 成都 武汉 重庆 南京 苏州 长沙 西安 厦门 郑州 东莞 青岛 天津 宁波 昆明 香港 澳门 更多城市 分类: 时间: 全部 本周 本周末 1个月内 形式： 线下活动 线上活动 综合排序 最新发布 热门点击 最多参与 AGENT ARENA 深圳站｜豆包大模型 AI Agent 生产力挑战工作坊 09/19 周六 13:30 广东深圳 ADG 社区 粉丝  5154 ADG 社区 活动 57 粉丝 5154 +关注 【深圳站】卡农·世界经典音乐之旅音乐会 09/19 周六 15:00 广东深圳 U剧场 粉丝  2974 U剧场 活动 465 粉丝 2974 +关注 9.16日深圳跨境电商沙龙茶话会 | 电商TikTok和独立站及亚马逊及短剧出海 | 每周三晚 09/16 周三 ~ 10/14 周三 广东深圳 深圳跨境电商老板私董会-小乖总 粉丝  920 深圳跨境电商老板私董会-小乖总 活动 151 粉丝 920 +关注 AI智能体搭建沙龙（9.18 第一期） 后天 14:30 广东深圳 OPC研究院 粉丝  524 OPC研究院 活动 15 粉丝 524 +关注 第二届全球AI出海开发者生态大会 10/15 周四 13:30 广东深圳 快出海 粉丝  30942 快出海 活动 242 粉丝 30942 +关注 国学易经线下公益沙龙 明天 13:30 广东深圳 用户4089 粉丝  12 用户4089 活动 3 粉丝 12 +关注 NEPCON ASIA 2026 亚洲电子生产设备暨微电子工业展览会 10/27 周二 ~ 10/29 周四 广东深圳 ExpoPro 粉丝  14802 ExpoPro 活动 216 粉丝 14802 +关注 2026深圳国际清洁技术与设备展览会 10/13 周二 ~ 10/15 周四 广东深圳 上海博华国际展览有限公司 粉丝  2655 上海博华国际展览有限公司 活动 69 粉丝 2655 +关注 2026中国互联网发展创新与投资大赛（深圳）选拔赛 10/15 周四 08:00 广东深圳 深圳市互联网创业创新服务促进会 粉丝  3451 深圳市互联网创业创新服务促进会 活动 40 粉丝 3451 +关注 东欧eMAG平台新卖家招商会-深圳站 今天 14:00 广东深圳 雨果跨境 粉丝  72881 雨果跨境 活动 1415 粉丝 72881 +关注 2026中国互联网发展创新与投资大赛（深圳）选拔赛 10/30 周五 08:00 广东深圳 深圳市互联网创业创新服务促进会 粉丝  4225 深圳市互联网创业创新服务促进会 活动 47 粉丝 4225 +关注 BOT Chain 深圳 Night Meetup 09/21 周一 17:30 广东深圳 灵思先见 粉丝  3171 灵思先见 活动 10 粉丝 3171 +关注 润城产服聚合日暨融资选址对接会（生命健康专场） 09/17 周四 ~ 10/16 周五 广东深圳 润城新产业 粉丝  429 润城新产业 活动 6 粉丝 429 +关注 YG-Day9月初创项目路演会 09/22 周二 14:30 广东深圳 深圳市南山云谷创新产业园管理有限公司 粉丝  1586 深圳市南山云谷创新产业园管理有限公司 活动 45 粉丝 1586 +关注 （9.18/深圳站）爱搜GEO主题沙龙：AI全域获客增长（右滑解锁更多城市→） 后天 13:00 广东深圳 AIDSO爱搜 粉丝  9091 AIDSO爱搜 活动 120 粉丝 9091 +关注 第二届中国 GEO&AI 营销智能体峰会 10/16 周五 09:00 广东深圳 AI出海观察 粉丝  22780 AI出海观察 活动 49 粉丝 22780 +关注 2026 未来学习空间创新大会 09/19 周六 ~ 09/21 周一 广东深圳 BEED Asia 必达亚洲 粉丝  711 BEED Asia 必达亚洲 活动 39 粉丝 711 +关注 团购优惠 金 税 四 期 下 的 往 来 科 目 风 险 & 应 收 账 款 回 款 实 务 09/23 周三 广东深圳 联信集团 粉丝  28 联信集团 活动 2 粉丝 28 +关注 2026石家庄（深圳）新一代电子信息产业投资合作交流活动 09/29 周二 14:00 广东深圳 亿融创服 粉丝  45210 亿融创服 活动 188 粉丝 45210 +关注 OWASP线下活动：CRA合规倒计时 从法规解读到实践落地的全链路实战分享 09/19 周六 13:30 广东深圳 AI研智有方 粉丝  2989 AI研智有方 活动 43 粉丝 2989 +关注,,,,https://www.huodongxing.com/event/8877750686800,,免费,活动行,广东省,深圳,活动行平台支付/报名
2026深圳国际清洁技术与设备展览会,,网站导航 热门站点 全国站 北京站 上海站 广州站 深圳站 杭州站 武汉站 成都站 长沙站 精选推荐 首页 行业 生活 学习 找活动 找主办方 专题精选 人气榜 下载App 更多服务 找场地 活动百宝箱 主办方管理中心 主办方vip 活动行管家 大会解决方案 关注活动行 | 小程序 | 帮助中心 深圳 当前定位城市: 热门城市: 全国 北京 上海 广州 深圳 杭州 武汉 成都 长沙 南京 重庆 苏州 其它城市: 西安 郑州 厦门 天津 宁波 青岛 东莞 佛山 济南 珠海 合肥 福州 石家庄 昆明 查找更多城市 > 首页 分类 解决方案 场景方案 线上峰会/研讨会 从宣传推广、名单收集、直播互动、线下拍摄/导播、数据分析等一站式直播解决方案 活动行企业版 专为对品牌、数据安全要求较高的企业/商会协会/会展公司等打造的活动管理系统 数字云展厅 定制图文音视频展厅/元宇宙展厅，独立的展商详情页、商机收集等 私有化部署 快速私有化部署企业私有活动管理解决方案，支持阿里云、腾讯云、AWS等 免费创建 下载APP 业务合作 主办方中心 注册 / 登录 推荐 发现活动 人气榜 主办方 精选专题 意见反馈 回到顶部 城市: 全国 北京 上海 深圳 广州 杭州 成都 武汉 重庆 南京 苏州 长沙 西安 厦门 郑州 东莞 青岛 天津 宁波 昆明 香港 澳门 更多城市 分类: 时间: 全部 本周 本周末 1个月内 形式： 线下活动 线上活动 综合排序 最新发布 热门点击 最多参与 AGENT ARENA 深圳站｜豆包大模型 AI Agent 生产力挑战工作坊 09/19 周六 13:30 广东深圳 ADG 社区 粉丝  5154 ADG 社区 活动 57 粉丝 5154 +关注 【深圳站】卡农·世界经典音乐之旅音乐会 09/19 周六 15:00 广东深圳 U剧场 粉丝  2974 U剧场 活动 465 粉丝 2974 +关注 9.16日深圳跨境电商沙龙茶话会 | 电商TikTok和独立站及亚马逊及短剧出海 | 每周三晚 09/16 周三 ~ 10/14 周三 广东深圳 深圳跨境电商老板私董会-小乖总 粉丝  920 深圳跨境电商老板私董会-小乖总 活动 151 粉丝 920 +关注 AI智能体搭建沙龙（9.18 第一期） 后天 14:30 广东深圳 OPC研究院 粉丝  524 OPC研究院 活动 15 粉丝 524 +关注 第二届全球AI出海开发者生态大会 10/15 周四 13:30 广东深圳 快出海 粉丝  30942 快出海 活动 242 粉丝 30942 +关注 国学易经线下公益沙龙 明天 13:30 广东深圳 用户4089 粉丝  12 用户4089 活动 3 粉丝 12 +关注 NEPCON ASIA 2026 亚洲电子生产设备暨微电子工业展览会 10/27 周二 ~ 10/29 周四 广东深圳 ExpoPro 粉丝  14802 ExpoPro 活动 216 粉丝 14802 +关注 2026深圳国际清洁技术与设备展览会 10/13 周二 ~ 10/15 周四 广东深圳 上海博华国际展览有限公司 粉丝  2655 上海博华国际展览有限公司 活动 69 粉丝 2655 +关注 2026中国互联网发展创新与投资大赛（深圳）选拔赛 10/15 周四 08:00 广东深圳 深圳市互联网创业创新服务促进会 粉丝  3451 深圳市互联网创业创新服务促进会 活动 40 粉丝 3451 +关注 东欧eMAG平台新卖家招商会-深圳站 今天 14:00 广东深圳 雨果跨境 粉丝  72881 雨果跨境 活动 1415 粉丝 72881 +关注 2026中国互联网发展创新与投资大赛（深圳）选拔赛 10/30 周五 08:00 广东深圳 深圳市互联网创业创新服务促进会 粉丝  4225 深圳市互联网创业创新服务促进会 活动 47 粉丝 4225 +关注 BOT Chain 深圳 Night Meetup 09/21 周一 17:30 广东深圳 灵思先见 粉丝  3171 灵思先见 活动 10 粉丝 3171 +关注 润城产服聚合日暨融资选址对接会（生命健康专场） 09/17 周四 ~ 10/16 周五 广东深圳 润城新产业 粉丝  429 润城新产业 活动 6 粉丝 429 +关注 YG-Day9月初创项目路演会 09/22 周二 14:30 广东深圳 深圳市南山云谷创新产业园管理有限公司 粉丝  1586 深圳市南山云谷创新产业园管理有限公司 活动 45 粉丝 1586 +关注 （9.18/深圳站）爱搜GEO主题沙龙：AI全域获客增长（右滑解锁更多城市→） 后天 13:00 广东深圳 AIDSO爱搜 粉丝  9091 AIDSO爱搜 活动 120 粉丝 9091 +关注 第二届中国 GEO&AI 营销智能体峰会 10/16 周五 09:00 广东深圳 AI出海观察 粉丝  22780 AI出海观察 活动 49 粉丝 22780 +关注 2026 未来学习空间创新大会 09/19 周六 ~ 09/21 周一 广东深圳 BEED Asia 必达亚洲 粉丝  711 BEED Asia 必达亚洲 活动 39 粉丝 711 +关注 团购优惠 金 税 四 期 下 的 往 来 科 目 风 险 & 应 收 账 款 回 款 实 务 09/23 周三 广东深圳 联信集团 粉丝  28 联信集团 活动 2 粉丝 28 +关注 2026石家庄（深圳）新一代电子信息产业投资合作交流活动 09/29 周二 14:00 广东深圳 亿融创服 粉丝  45210 亿融创服 活动 188 粉丝 45210 +关注 OWASP线下活动：CRA合规倒计时 从法规解读到实践落地的全链路实战分享 09/19 周六 13:30 广东深圳 AI研智有方 粉丝  2989 AI研智有方 活动 43 粉丝 2989 +关注,,,,https://www.huodongxing.com/event/8871579359611,,免费,活动行,广东省,深圳,活动行平台支付/报名
2026中国互联网发展创新与投资大赛（深圳）选拔赛,,网站导航 热门站点 全国站 北京站 上海站 广州站 深圳站 杭州站 武汉站 成都站 长沙站 精选推荐 首页 行业 生活 学习 找活动 找主办方 专题精选 人气榜 下载App 更多服务 找场地 活动百宝箱 主办方管理中心 主办方vip 活动行管家 大会解决方案 关注活动行 | 小程序 | 帮助中心 深圳 当前定位城市: 热门城市: 全国 北京 上海 广州 深圳 杭州 武汉 成都 长沙 南京 重庆 苏州 其它城市: 西安 郑州 厦门 天津 宁波 青岛 东莞 佛山 济南 珠海 合肥 福州 石家庄 昆明 查找更多城市 > 首页 分类 解决方案 场景方案 线上峰会/研讨会 从宣传推广、名单收集、直播互动、线下拍摄/导播、数据分析等一站式直播解决方案 活动行企业版 专为对品牌、数据安全要求较高的企业/商会协会/会展公司等打造的活动管理系统 数字云展厅 定制图文音视频展厅/元宇宙展厅，独立的展商详情页、商机收集等 私有化部署 快速私有化部署企业私有活动管理解决方案，支持阿里云、腾讯云、AWS等 免费创建 下载APP 业务合作 主办方中心 注册 / 登录 推荐 发现活动 人气榜 主办方 精选专题 意见反馈 回到顶部 城市: 全国 北京 上海 深圳 广州 杭州 成都 武汉 重庆 南京 苏州 长沙 西安 厦门 郑州 东莞 青岛 天津 宁波 昆明 香港 澳门 更多城市 分类: 时间: 全部 本周 本周末 1个月内 形式： 线下活动 线上活动 综合排序 最新发布 热门点击 最多参与 AGENT ARENA 深圳站｜豆包大模型 AI Agent 生产力挑战工作坊 09/19 周六 13:30 广东深圳 ADG 社区 粉丝  5154 ADG 社区 活动 57 粉丝 5154 +关注 【深圳站】卡农·世界经典音乐之旅音乐会 09/19 周六 15:00 广东深圳 U剧场 粉丝  2974 U剧场 活动 465 粉丝 2974 +关注 9.16日深圳跨境电商沙龙茶话会 | 电商TikTok和独立站及亚马逊及短剧出海 | 每周三晚 09/16 周三 ~ 10/14 周三 广东深圳 深圳跨境电商老板私董会-小乖总 粉丝  920 深圳跨境电商老板私董会-小乖总 活动 151 粉丝 920 +关注 AI智能体搭建沙龙（9.18 第一期） 后天 14:30 广东深圳 OPC研究院 粉丝  524 OPC研究院 活动 15 粉丝 524 +关注 第二届全球AI出海开发者生态大会 10/15 周四 13:30 广东深圳 快出海 粉丝  30942 快出海 活动 242 粉丝 30942 +关注 国学易经线下公益沙龙 明天 13:30 广东深圳 用户4089 粉丝  12 用户4089 活动 3 粉丝 12 +关注 NEPCON ASIA 2026 亚洲电子生产设备暨微电子工业展览会 10/27 周二 ~ 10/29 周四 广东深圳 ExpoPro 粉丝  14802 ExpoPro 活动 216 粉丝 14802 +关注 2026深圳国际清洁技术与设备展览会 10/13 周二 ~ 10/15 周四 广东深圳 上海博华国际展览有限公司 粉丝  2655 上海博华国际展览有限公司 活动 69 粉丝 2655 +关注 2026中国互联网发展创新与投资大赛（深圳）选拔赛 10/15 周四 08:00 广东深圳 深圳市互联网创业创新服务促进会 粉丝  3451 深圳市互联网创业创新服务促进会 活动 40 粉丝 3451 +关注 东欧eMAG平台新卖家招商会-深圳站 今天 14:00 广东深圳 雨果跨境 粉丝  72881 雨果跨境 活动 1415 粉丝 72881 +关注 2026中国互联网发展创新与投资大赛（深圳）选拔赛 10/30 周五 08:00 广东深圳 深圳市互联网创业创新服务促进会 粉丝  4225 深圳市互联网创业创新服务促进会 活动 47 粉丝 4225 +关注 BOT Chain 深圳 Night Meetup 09/21 周一 17:30 广东深圳 灵思先见 粉丝  3171 灵思先见 活动 10 粉丝 3171 +关注 润城产服聚合日暨融资选址对接会（生命健康专场） 09/17 周四 ~ 10/16 周五 广东深圳 润城新产业 粉丝  429 润城新产业 活动 6 粉丝 429 +关注 YG-Day9月初创项目路演会 09/22 周二 14:30 广东深圳 深圳市南山云谷创新产业园管理有限公司 粉丝  1586 深圳市南山云谷创新产业园管理有限公司 活动 45 粉丝 1586 +关注 （9.18/深圳站）爱搜GEO主题沙龙：AI全域获客增长（右滑解锁更多城市→） 后天 13:00 广东深圳 AIDSO爱搜 粉丝  9091 AIDSO爱搜 活动 120 粉丝 9091 +关注 第二届中国 GEO&AI 营销智能体峰会 10/16 周五 09:00 广东深圳 AI出海观察 粉丝  22780 AI出海观察 活动 49 粉丝 22780 +关注 2026 未来学习空间创新大会 09/19 周六 ~ 09/21 周一 广东深圳 BEED Asia 必达亚洲 粉丝  711 BEED Asia 必达亚洲 活动 39 粉丝 711 +关注 团购优惠 金 税 四 期 下 的 往 来 科 目 风 险 & 应 收 账 款 回 款 实 务 09/23 周三 广东深圳 联信集团 粉丝  28 联信集团 活动 2 粉丝 28 +关注 2026石家庄（深圳）新一代电子信息产业投资合作交流活动 09/29 周二 14:00 广东深圳 亿融创服 粉丝  45210 亿融创服 活动 188 粉丝 45210 +关注 OWASP线下活动：CRA合规倒计时 从法规解读到实践落地的全链路实战分享 09/19 周六 13:30 广东深圳 AI研智有方 粉丝  2989 AI研智有方 活动 43 粉丝 2989 +关注,,,,https://www.huodongxing.com/event/7877507545711,,免费,活动行,广东省,深圳,活动行平台支付/报名
东欧eMAG平台新卖家招商会-深圳站,,网站导航 热门站点 全国站 北京站 上海站 广州站 深圳站 杭州站 武汉站 成都站 长沙站 精选推荐 首页 行业 生活 学习 找活动 找主办方 专题精选 人气榜 下载App 更多服务 找场地 活动百宝箱 主办方管理中心 主办方vip 活动行管家 大会解决方案 关注活动行 | 小程序 | 帮助中心 深圳 当前定位城市: 热门城市: 全国 北京 上海 广州 深圳 杭州 武汉 成都 长沙 南京 重庆 苏州 其它城市: 西安 郑州 厦门 天津 宁波 青岛 东莞 佛山 济南 珠海 合肥 福州 石家庄 昆明 查找更多城市 > 首页 分类 解决方案 场景方案 线上峰会/研讨会 从宣传推广、名单收集、直播互动、线下拍摄/导播、数据分析等一站式直播解决方案 活动行企业版 专为对品牌、数据安全要求较高的企业/商会协会/会展公司等打造的活动管理系统 数字云展厅 定制图文音视频展厅/元宇宙展厅，独立的展商详情页、商机收集等 私有化部署 快速私有化部署企业私有活动管理解决方案，支持阿里云、腾讯云、AWS等 免费创建 下载APP 业务合作 主办方中心 注册 / 登录 推荐 发现活动 人气榜 主办方 精选专题 意见反馈 回到顶部 城市: 全国 北京 上海 深圳 广州 杭州 成都 武汉 重庆 南京 苏州 长沙 西安 厦门 郑州 东莞 青岛 天津 宁波 昆明 香港 澳门 更多城市 分类: 时间: 全部 本周 本周末 1个月内 形式： 线下活动 线上活动 综合排序 最新发布 热门点击 最多参与 AGENT ARENA 深圳站｜豆包大模型 AI Agent 生产力挑战工作坊 09/19 周六 13:30 广东深圳 ADG 社区 粉丝  5154 ADG 社区 活动 57 粉丝 5154 +关注 【深圳站】卡农·世界经典音乐之旅音乐会 09/19 周六 15:00 广东深圳 U剧场 粉丝  2974 U剧场 活动 465 粉丝 2974 +关注 9.16日深圳跨境电商沙龙茶话会 | 电商TikTok和独立站及亚马逊及短剧出海 | 每周三晚 09/16 周三 ~ 10/14 周三 广东深圳 深圳跨境电商老板私董会-小乖总 粉丝  920 深圳跨境电商老板私董会-小乖总 活动 151 粉丝 920 +关注 AI智能体搭建沙龙（9.18 第一期） 后天 14:30 广东深圳 OPC研究院 粉丝  524 OPC研究院 活动 15 粉丝 524 +关注 第二届全球AI出海开发者生态大会 10/15 周四 13:30 广东深圳 快出海 粉丝  30942 快出海 活动 242 粉丝 30942 +关注 国学易经线下公益沙龙 明天 13:30 广东深圳 用户4089 粉丝  12 用户4089 活动 3 粉丝 12 +关注 NEPCON ASIA 2026 亚洲电子生产设备暨微电子工业展览会 10/27 周二 ~ 10/29 周四 广东深圳 ExpoPro 粉丝  14802 ExpoPro 活动 216 粉丝 14802 +关注 2026深圳国际清洁技术与设备展览会 10/13 周二 ~ 10/15 周四 广东深圳 上海博华国际展览有限公司 粉丝  2655 上海博华国际展览有限公司 活动 69 粉丝 2655 +关注 2026中国互联网发展创新与投资大赛（深圳）选拔赛 10/15 周四 08:00 广东深圳 深圳市互联网创业创新服务促进会 粉丝  3451 深圳市互联网创业创新服务促进会 活动 40 粉丝 3451 +关注 东欧eMAG平台新卖家招商会-深圳站 今天 14:00 广东深圳 雨果跨境 粉丝  72881 雨果跨境 活动 1415 粉丝 72881 +关注 2026中国互联网发展创新与投资大赛（深圳）选拔赛 10/30 周五 08:00 广东深圳 深圳市互联网创业创新服务促进会 粉丝  4225 深圳市互联网创业创新服务促进会 活动 47 粉丝 4225 +关注 BOT Chain 深圳 Night Meetup 09/21 周一 17:30 广东深圳 灵思先见 粉丝  3171 灵思先见 活动 10 粉丝 3171 +关注 润城产服聚合日暨融资选址对接会（生命健康专场） 09/17 周四 ~ 10/16 周五 广东深圳 润城新产业 粉丝  429 润城新产业 活动 6 粉丝 429 +关注 YG-Day9月初创项目路演会 09/22 周二 14:30 广东深圳 深圳市南山云谷创新产业园管理有限公司 粉丝  1586 深圳市南山云谷创新产业园管理有限公司 活动 45 粉丝 1586 +关注 （9.18/深圳站）爱搜GEO主题沙龙：AI全域获客增长（右滑解锁更多城市→） 后天 13:00 广东深圳 AIDSO爱搜 粉丝  9091 AIDSO爱搜 活动 120 粉丝 9091 +关注 第二届中国 GEO&AI 营销智能体峰会 10/16 周五 09:00 广东深圳 AI出海观察 粉丝  22780 AI出海观察 活动 49 粉丝 22780 +关注 2026 未来学习空间创新大会 09/19 周六 ~ 09/21 周一 广东深圳 BEED Asia 必达亚洲 粉丝  711 BEED Asia 必达亚洲 活动 39 粉丝 711 +关注 团购优惠 金 税 四 期 下 的 往 来 科 目 风 险 & 应 收 账 款 回 款 实 务 09/23 周三 广东深圳 联信集团 粉丝  28 联信集团 活动 2 粉丝 28 +关注 2026石家庄（深圳）新一代电子信息产业投资合作交流活动 09/29 周二 14:00 广东深圳 亿融创服 粉丝  45210 亿融创服 活动 188 粉丝 45210 +关注 OWASP线下活动：CRA合规倒计时 从法规解读到实践落地的全链路实战分享 09/19 周六 13:30 广东深圳 AI研智有方 粉丝  2989 AI研智有方 活动 43 粉丝 2989 +关注,,,,https://www.huodongxing.com/event/9876043188100,,免费,活动行,广东省,深圳,活动行平台支付/报名
2026中国互联网发展创新与投资大赛（深圳）选拔赛,,网站导航 热门站点 全国站 北京站 上海站 广州站 深圳站 杭州站 武汉站 成都站 长沙站 精选推荐 首页 行业 生活 学习 找活动 找主办方 专题精选 人气榜 下载App 更多服务 找场地 活动百宝箱 主办方管理中心 主办方vip 活动行管家 大会解决方案 关注活动行 | 小程序 | 帮助中心 深圳 当前定位城市: 热门城市: 全国 北京 上海 广州 深圳 杭州 武汉 成都 长沙 南京 重庆 苏州 其它城市: 西安 郑州 厦门 天津 宁波 青岛 东莞 佛山 济南 珠海 合肥 福州 石家庄 昆明 查找更多城市 > 首页 分类 解决方案 场景方案 线上峰会/研讨会 从宣传推广、名单收集、直播互动、线下拍摄/导播、数据分析等一站式直播解决方案 活动行企业版 专为对品牌、数据安全要求较高的企业/商会协会/会展公司等打造的活动管理系统 数字云展厅 定制图文音视频展厅/元宇宙展厅，独立的展商详情页、商机收集等 私有化部署 快速私有化部署企业私有活动管理解决方案，支持阿里云、腾讯云、AWS等 免费创建 下载APP 业务合作 主办方中心 注册 / 登录 推荐 发现活动 人气榜 主办方 精选专题 意见反馈 回到顶部 城市: 全国 北京 上海 深圳 广州 杭州 成都 武汉 重庆 南京 苏州 长沙 西安 厦门 郑州 东莞 青岛 天津 宁波 昆明 香港 澳门 更多城市 分类: 时间: 全部 本周 本周末 1个月内 形式： 线下活动 线上活动 综合排序 最新发布 热门点击 最多参与 AGENT ARENA 深圳站｜豆包大模型 AI Agent 生产力挑战工作坊 09/19 周六 13:30 广东深圳 ADG 社区 粉丝  5154 ADG 社区 活动 57 粉丝 5154 +关注 【深圳站】卡农·世界经典音乐之旅音乐会 09/19 周六 15:00 广东深圳 U剧场 粉丝  2974 U剧场 活动 465 粉丝 2974 +关注 9.16日深圳跨境电商沙龙茶话会 | 电商TikTok和独立站及亚马逊及短剧出海 | 每周三晚 09/16 周三 ~ 10/14 周三 广东深圳 深圳跨境电商老板私董会-小乖总 粉丝  920 深圳跨境电商老板私董会-小乖总 活动 151 粉丝 920 +关注 AI智能体搭建沙龙（9.18 第一期） 后天 14:30 广东深圳 OPC研究院 粉丝  524 OPC研究院 活动 15 粉丝 524 +关注 第二届全球AI出海开发者生态大会 10/15 周四 13:30 广东深圳 快出海 粉丝  30942 快出海 活动 242 粉丝 30942 +关注 国学易经线下公益沙龙 明天 13:30 广东深圳 用户4089 粉丝  12 用户4089 活动 3 粉丝 12 +关注 NEPCON ASIA 2026 亚洲电子生产设备暨微电子工业展览会 10/27 周二 ~ 10/29 周四 广东深圳 ExpoPro 粉丝  14802 ExpoPro 活动 216 粉丝 14802 +关注 2026深圳国际清洁技术与设备展览会 10/13 周二 ~ 10/15 周四 广东深圳 上海博华国际展览有限公司 粉丝  2655 上海博华国际展览有限公司 活动 69 粉丝 2655 +关注 2026中国互联网发展创新与投资大赛（深圳）选拔赛 10/15 周四 08:00 广东深圳 深圳市互联网创业创新服务促进会 粉丝  3451 深圳市互联网创业创新服务促进会 活动 40 粉丝 3451 +关注 东欧eMAG平台新卖家招商会-深圳站 今天 14:00 广东深圳 雨果跨境 粉丝  72881 雨果跨境 活动 1415 粉丝 72881 +关注 2026中国互联网发展创新与投资大赛（深圳）选拔赛 10/30 周五 08:00 广东深圳 深圳市互联网创业创新服务促进会 粉丝  4225 深圳市互联网创业创新服务促进会 活动 47 粉丝 4225 +关注 BOT Chain 深圳 Night Meetup 09/21 周一 17:30 广东深圳 灵思先见 粉丝  3171 灵思先见 活动 10 粉丝 3171 +关注 润城产服聚合日暨融资选址对接会（生命健康专场） 09/17 周四 ~ 10/16 周五 广东深圳 润城新产业 粉丝  429 润城新产业 活动 6 粉丝 429 +关注 YG-Day9月初创项目路演会 09/22 周二 14:30 广东深圳 深圳市南山云谷创新产业园管理有限公司 粉丝  1586 深圳市南山云谷创新产业园管理有限公司 活动 45 粉丝 1586 +关注 （9.18/深圳站）爱搜GEO主题沙龙：AI全域获客增长（右滑解锁更多城市→） 后天 13:00 广东深圳 AIDSO爱搜 粉丝  9091 AIDSO爱搜 活动 120 粉丝 9091 +关注 第二届中国 GEO&AI 营销智能体峰会 10/16 周五 09:00 广东深圳 AI出海观察 粉丝  22780 AI出海观察 活动 49 粉丝 22780 +关注 2026 未来学习空间创新大会 09/19 周六 ~ 09/21 周一 广东深圳 BEED Asia 必达亚洲 粉丝  711 BEED Asia 必达亚洲 活动 39 粉丝 711 +关注 团购优惠 金 税 四 期 下 的 往 来 科 目 风 险 & 应 收 账 款 回 款 实 务 09/23 周三 广东深圳 联信集团 粉丝  28 联信集团 活动 2 粉丝 28 +关注 2026石家庄（深圳）新一代电子信息产业投资合作交流活动 09/29 周二 14:00 广东深圳 亿融创服 粉丝  45210 亿融创服 活动 188 粉丝 45210 +关注 OWASP线下活动：CRA合规倒计时 从法规解读到实践落地的全链路实战分享 09/19 周六 13:30 广东深圳 AI研智有方 粉丝  2989 AI研智有方 活动 43 粉丝 2989 +关注,,,,https://www.huodongxing.com/event/8877882878311,,免费,活动行,广东省,深圳,活动行平台支付/报名
BOT Chain 深圳 Night Meetup,,网站导航 热门站点 全国站 北京站 上海站 广州站 深圳站 杭州站 武汉站 成都站 长沙站 精选推荐 首页 行业 生活 学习 找活动 找主办方 专题精选 人气榜 下载App 更多服务 找场地 活动百宝箱 主办方管理中心 主办方vip 活动行管家 大会解决方案 关注活动行 | 小程序 | 帮助中心 深圳 当前定位城市: 热门城市: 全国 北京 上海 广州 深圳 杭州 武汉 成都 长沙 南京 重庆 苏州 其它城市: 西安 郑州 厦门 天津 宁波 青岛 东莞 佛山 济南 珠海 合肥 福州 石家庄 昆明 查找更多城市 > 首页 分类 解决方案 场景方案 线上峰会/研讨会 从宣传推广、名单收集、直播互动、线下拍摄/导播、数据分析等一站式直播解决方案 活动行企业版 专为对品牌、数据安全要求较高的企业/商会协会/会展公司等打造的活动管理系统 数字云展厅 定制图文音视频展厅/元宇宙展厅，独立的展商详情页、商机收集等 私有化部署 快速私有化部署企业私有活动管理解决方案，支持阿里云、腾讯云、AWS等 免费创建 下载APP 业务合作 主办方中心 注册 / 登录 推荐 发现活动 人气榜 主办方 精选专题 意见反馈 回到顶部 城市: 全国 北京 上海 深圳 广州 杭州 成都 武汉 重庆 南京 苏州 长沙 西安 厦门 郑州 东莞 青岛 天津 宁波 昆明 香港 澳门 更多城市 分类: 时间: 全部 本周 本周末 1个月内 形式： 线下活动 线上活动 综合排序 最新发布 热门点击 最多参与 AGENT ARENA 深圳站｜豆包大模型 AI Agent 生产力挑战工作坊 09/19 周六 13:30 广东深圳 ADG 社区 粉丝  5154 ADG 社区 活动 57 粉丝 5154 +关注 【深圳站】卡农·世界经典音乐之旅音乐会 09/19 周六 15:00 广东深圳 U剧场 粉丝  2974 U剧场 活动 465 粉丝 2974 +关注 9.16日深圳跨境电商沙龙茶话会 | 电商TikTok和独立站及亚马逊及短剧出海 | 每周三晚 09/16 周三 ~ 10/14 周三 广东深圳 深圳跨境电商老板私董会-小乖总 粉丝  920 深圳跨境电商老板私董会-小乖总 活动 151 粉丝 920 +关注 AI智能体搭建沙龙（9.18 第一期） 后天 14:30 广东深圳 OPC研究院 粉丝  524 OPC研究院 活动 15 粉丝 524 +关注 第二届全球AI出海开发者生态大会 10/15 周四 13:30 广东深圳 快出海 粉丝  30942 快出海 活动 242 粉丝 30942 +关注 国学易经线下公益沙龙 明天 13:30 广东深圳 用户4089 粉丝  12 用户4089 活动 3 粉丝 12 +关注 NEPCON ASIA 2026 亚洲电子生产设备暨微电子工业展览会 10/27 周二 ~ 10/29 周四 广东深圳 ExpoPro 粉丝  14802 ExpoPro 活动 216 粉丝 14802 +关注 2026深圳国际清洁技术与设备展览会 10/13 周二 ~ 10/15 周四 广东深圳 上海博华国际展览有限公司 粉丝  2655 上海博华国际展览有限公司 活动 69 粉丝 2655 +关注 2026中国互联网发展创新与投资大赛（深圳）选拔赛 10/15 周四 08:00 广东深圳 深圳市互联网创业创新服务促进会 粉丝  3451 深圳市互联网创业创新服务促进会 活动 40 粉丝 3451 +关注 东欧eMAG平台新卖家招商会-深圳站 今天 14:00 广东深圳 雨果跨境 粉丝  72881 雨果跨境 活动 1415 粉丝 72881 +关注 2026中国互联网发展创新与投资大赛（深圳）选拔赛 10/30 周五 08:00 广东深圳 深圳市互联网创业创新服务促进会 粉丝  4225 深圳市互联网创业创新服务促进会 活动 47 粉丝 4225 +关注 BOT Chain 深圳 Night Meetup 09/21 周一 17:30 广东深圳 灵思先见 粉丝  3171 灵思先见 活动 10 粉丝 3171 +关注 润城产服聚合日暨融资选址对接会（生命健康专场） 09/17 周四 ~ 10/16 周五 广东深圳 润城新产业 粉丝  429 润城新产业 活动 6 粉丝 429 +关注 YG-Day9月初创项目路演会 09/22 周二 14:30 广东深圳 深圳市南山云谷创新产业园管理有限公司 粉丝  1586 深圳市南山云谷创新产业园管理有限公司 活动 45 粉丝 1586 +关注 （9.18/深圳站）爱搜GEO主题沙龙：AI全域获客增长（右滑解锁更多城市→） 后天 13:00 广东深圳 AIDSO爱搜 粉丝  9091 AIDSO爱搜 活动 120 粉丝 9091 +关注 第二届中国 GEO&AI 营销智能体峰会 10/16 周五 09:00 广东深圳 AI出海观察 粉丝  22780 AI出海观察 活动 49 粉丝 22780 +关注 2026 未来学习空间创新大会 09/19 周六 ~ 09/21 周一 广东深圳 BEED Asia 必达亚洲 粉丝  711 BEED Asia 必达亚洲 活动 39 粉丝 711 +关注 团购优惠 金 税 四 期 下 的 往 来 科 目 风 险 & 应 收 账 款 回 款 实 务 09/23 周三 广东深圳 联信集团 粉丝  28 联信集团 活动 2 粉丝 28 +关注 2026石家庄（深圳）新一代电子信息产业投资合作交流活动 09/29 周二 14:00 广东深圳 亿融创服 粉丝  45210 亿融创服 活动 188 粉丝 45210 +关注 OWASP线下活动：CRA合规倒计时 从法规解读到实践落地的全链路实战分享 09/19 周六 13:30 广东深圳 AI研智有方 粉丝  2989 AI研智有方 活动 43 粉丝 2989 +关注,,,,https://www.huodongxing.com/event/5877388467500,,免费,活动行,广东省,深圳,活动行平台支付/报名
润城产服聚合日暨融资选址对接会（生命健康专场）,,网站导航 热门站点 全国站 北京站 上海站 广州站 深圳站 杭州站 武汉站 成都站 长沙站 精选推荐 首页 行业 生活 学习 找活动 找主办方 专题精选 人气榜 下载App 更多服务 找场地 活动百宝箱 主办方管理中心 主办方vip 活动行管家 大会解决方案 关注活动行 | 小程序 | 帮助中心 深圳 当前定位城市: 热门城市: 全国 北京 上海 广州 深圳 杭州 武汉 成都 长沙 南京 重庆 苏州 其它城市: 西安 郑州 厦门 天津 宁波 青岛 东莞 佛山 济南 珠海 合肥 福州 石家庄 昆明 查找更多城市 > 首页 分类 解决方案 场景方案 线上峰会/研讨会 从宣传推广、名单收集、直播互动、线下拍摄/导播、数据分析等一站式直播解决方案 活动行企业版 专为对品牌、数据安全要求较高的企业/商会协会/会展公司等打造的活动管理系统 数字云展厅 定制图文音视频展厅/元宇宙展厅，独立的展商详情页、商机收集等 私有化部署 快速私有化部署企业私有活动管理解决方案，支持阿里云、腾讯云、AWS等 免费创建 下载APP 业务合作 主办方中心 注册 / 登录 推荐 发现活动 人气榜 主办方 精选专题 意见反馈 回到顶部 城市: 全国 北京 上海 深圳 广州 杭州 成都 武汉 重庆 南京 苏州 长沙 西安 厦门 郑州 东莞 青岛 天津 宁波 昆明 香港 澳门 更多城市 分类: 时间: 全部 本周 本周末 1个月内 形式： 线下活动 线上活动 综合排序 最新发布 热门点击 最多参与 AGENT ARENA 深圳站｜豆包大模型 AI Agent 生产力挑战工作坊 09/19 周六 13:30 广东深圳 ADG 社区 粉丝  5154 ADG 社区 活动 57 粉丝 5154 +关注 【深圳站】卡农·世界经典音乐之旅音乐会 09/19 周六 15:00 广东深圳 U剧场 粉丝  2974 U剧场 活动 465 粉丝 2974 +关注 9.16日深圳跨境电商沙龙茶话会 | 电商TikTok和独立站及亚马逊及短剧出海 | 每周三晚 09/16 周三 ~ 10/14 周三 广东深圳 深圳跨境电商老板私董会-小乖总 粉丝  920 深圳跨境电商老板私董会-小乖总 活动 151 粉丝 920 +关注 AI智能体搭建沙龙（9.18 第一期） 后天 14:30 广东深圳 OPC研究院 粉丝  524 OPC研究院 活动 15 粉丝 524 +关注 第二届全球AI出海开发者生态大会 10/15 周四 13:30 广东深圳 快出海 粉丝  30942 快出海 活动 242 粉丝 30942 +关注 国学易经线下公益沙龙 明天 13:30 广东深圳 用户4089 粉丝  12 用户4089 活动 3 粉丝 12 +关注 NEPCON ASIA 2026 亚洲电子生产设备暨微电子工业展览会 10/27 周二 ~ 10/29 周四 广东深圳 ExpoPro 粉丝  14802 ExpoPro 活动 216 粉丝 14802 +关注 2026深圳国际清洁技术与设备展览会 10/13 周二 ~ 10/15 周四 广东深圳 上海博华国际展览有限公司 粉丝  2655 上海博华国际展览有限公司 活动 69 粉丝 2655 +关注 2026中国互联网发展创新与投资大赛（深圳）选拔赛 10/15 周四 08:00 广东深圳 深圳市互联网创业创新服务促进会 粉丝  3451 深圳市互联网创业创新服务促进会 活动 40 粉丝 3451 +关注 东欧eMAG平台新卖家招商会-深圳站 今天 14:00 广东深圳 雨果跨境 粉丝  72881 雨果跨境 活动 1415 粉丝 72881 +关注 2026中国互联网发展创新与投资大赛（深圳）选拔赛 10/30 周五 08:00 广东深圳 深圳市互联网创业创新服务促进会 粉丝  4225 深圳市互联网创业创新服务促进会 活动 47 粉丝 4225 +关注 BOT Chain 深圳 Night Meetup 09/21 周一 17:30 广东深圳 灵思先见 粉丝  3171 灵思先见 活动 10 粉丝 3171 +关注 润城产服聚合日暨融资选址对接会（生命健康专场） 09/17 周四 ~ 10/16 周五 广东深圳 润城新产业 粉丝  429 润城新产业 活动 6 粉丝 429 +关注 YG-Day9月初创项目路演会 09/22 周二 14:30 广东深圳 深圳市南山云谷创新产业园管理有限公司 粉丝  1586 深圳市南山云谷创新产业园管理有限公司 活动 45 粉丝 1586 +关注 （9.18/深圳站）爱搜GEO主题沙龙：AI全域获客增长（右滑解锁更多城市→） 后天 13:00 广东深圳 AIDSO爱搜 粉丝  9091 AIDSO爱搜 活动 120 粉丝 9091 +关注 第二届中国 GEO&AI 营销智能体峰会 10/16 周五 09:00 广东深圳 AI出海观察 粉丝  22780 AI出海观察 活动 49 粉丝 22780 +关注 2026 未来学习空间创新大会 09/19 周六 ~ 09/21 周一 广东深圳 BEED Asia 必达亚洲 粉丝  711 BEED Asia 必达亚洲 活动 39 粉丝 711 +关注 团购优惠 金 税 四 期 下 的 往 来 科 目 风 险 & 应 收 账 款 回 款 实 务 09/23 周三 广东深圳 联信集团 粉丝  28 联信集团 活动 2 粉丝 28 +关注 2026石家庄（深圳）新一代电子信息产业投资合作交流活动 09/29 周二 14:00 广东深圳 亿融创服 粉丝  45210 亿融创服 活动 188 粉丝 45210 +关注 OWASP线下活动：CRA合规倒计时 从法规解读到实践落地的全链路实战分享 09/19 周六 13:30 广东深圳 AI研智有方 粉丝  2989 AI研智有方 活动 43 粉丝 2989 +关注,,,,https://www.huodongxing.com/event/5877639499800,,免费,活动行,广东省,深圳,活动行平台支付/报名
YG-Day9月初创项目路演会,,网站导航 热门站点 全国站 北京站 上海站 广州站 深圳站 杭州站 武汉站 成都站 长沙站 精选推荐 首页 行业 生活 学习 找活动 找主办方 专题精选 人气榜 下载App 更多服务 找场地 活动百宝箱 主办方管理中心 主办方vip 活动行管家 大会解决方案 关注活动行 | 小程序 | 帮助中心 深圳 当前定位城市: 热门城市: 全国 北京 上海 广州 深圳 杭州 武汉 成都 长沙 南京 重庆 苏州 其它城市: 西安 郑州 厦门 天津 宁波 青岛 东莞 佛山 济南 珠海 合肥 福州 石家庄 昆明 查找更多城市 > 首页 分类 解决方案 场景方案 线上峰会/研讨会 从宣传推广、名单收集、直播互动、线下拍摄/导播、数据分析等一站式直播解决方案 活动行企业版 专为对品牌、数据安全要求较高的企业/商会协会/会展公司等打造的活动管理系统 数字云展厅 定制图文音视频展厅/元宇宙展厅，独立的展商详情页、商机收集等 私有化部署 快速私有化部署企业私有活动管理解决方案，支持阿里云、腾讯云、AWS等 免费创建 下载APP 业务合作 主办方中心 注册 / 登录 推荐 发现活动 人气榜 主办方 精选专题 意见反馈 回到顶部 城市: 全国 北京 上海 深圳 广州 杭州 成都 武汉 重庆 南京 苏州 长沙 西安 厦门 郑州 东莞 青岛 天津 宁波 昆明 香港 澳门 更多城市 分类: 时间: 全部 本周 本周末 1个月内 形式： 线下活动 线上活动 综合排序 最新发布 热门点击 最多参与 AGENT ARENA 深圳站｜豆包大模型 AI Agent 生产力挑战工作坊 09/19 周六 13:30 广东深圳 ADG 社区 粉丝  5154 ADG 社区 活动 57 粉丝 5154 +关注 【深圳站】卡农·世界经典音乐之旅音乐会 09/19 周六 15:00 广东深圳 U剧场 粉丝  2974 U剧场 活动 465 粉丝 2974 +关注 9.16日深圳跨境电商沙龙茶话会 | 电商TikTok和独立站及亚马逊及短剧出海 | 每周三晚 09/16 周三 ~ 10/14 周三 广东深圳 深圳跨境电商老板私董会-小乖总 粉丝  920 深圳跨境电商老板私董会-小乖总 活动 151 粉丝 920 +关注 AI智能体搭建沙龙（9.18 第一期） 后天 14:30 广东深圳 OPC研究院 粉丝  524 OPC研究院 活动 15 粉丝 524 +关注 第二届全球AI出海开发者生态大会 10/15 周四 13:30 广东深圳 快出海 粉丝  30942 快出海 活动 242 粉丝 30942 +关注 国学易经线下公益沙龙 明天 13:30 广东深圳 用户4089 粉丝  12 用户4089 活动 3 粉丝 12 +关注 NEPCON ASIA 2026 亚洲电子生产设备暨微电子工业展览会 10/27 周二 ~ 10/29 周四 广东深圳 ExpoPro 粉丝  14802 ExpoPro 活动 216 粉丝 14802 +关注 2026深圳国际清洁技术与设备展览会 10/13 周二 ~ 10/15 周四 广东深圳 上海博华国际展览有限公司 粉丝  2655 上海博华国际展览有限公司 活动 69 粉丝 2655 +关注 2026中国互联网发展创新与投资大赛（深圳）选拔赛 10/15 周四 08:00 广东深圳 深圳市互联网创业创新服务促进会 粉丝  3451 深圳市互联网创业创新服务促进会 活动 40 粉丝 3451 +关注 东欧eMAG平台新卖家招商会-深圳站 今天 14:00 广东深圳 雨果跨境 粉丝  72881 雨果跨境 活动 1415 粉丝 72881 +关注 2026中国互联网发展创新与投资大赛（深圳）选拔赛 10/30 周五 08:00 广东深圳 深圳市互联网创业创新服务促进会 粉丝  4225 深圳市互联网创业创新服务促进会 活动 47 粉丝 4225 +关注 BOT Chain 深圳 Night Meetup 09/21 周一 17:30 广东深圳 灵思先见 粉丝  3171 灵思先见 活动 10 粉丝 3171 +关注 润城产服聚合日暨融资选址对接会（生命健康专场） 09/17 周四 ~ 10/16 周五 广东深圳 润城新产业 粉丝  429 润城新产业 活动 6 粉丝 429 +关注 YG-Day9月初创项目路演会 09/22 周二 14:30 广东深圳 深圳市南山云谷创新产业园管理有限公司 粉丝  1586 深圳市南山云谷创新产业园管理有限公司 活动 45 粉丝 1586 +关注 （9.18/深圳站）爱搜GEO主题沙龙：AI全域获客增长（右滑解锁更多城市→） 后天 13:00 广东深圳 AIDSO爱搜 粉丝  9091 AIDSO爱搜 活动 120 粉丝 9091 +关注 第二届中国 GEO&AI 营销智能体峰会 10/16 周五 09:00 广东深圳 AI出海观察 粉丝  22780 AI出海观察 活动 49 粉丝 22780 +关注 2026 未来学习空间创新大会 09/19 周六 ~ 09/21 周一 广东深圳 BEED Asia 必达亚洲 粉丝  711 BEED Asia 必达亚洲 活动 39 粉丝 711 +关注 团购优惠 金 税 四 期 下 的 往 来 科 目 风 险 & 应 收 账 款 回 款 实 务 09/23 周三 广东深圳 联信集团 粉丝  28 联信集团 活动 2 粉丝 28 +关注 2026石家庄（深圳）新一代电子信息产业投资合作交流活动 09/29 周二 14:00 广东深圳 亿融创服 粉丝  45210 亿融创服 活动 188 粉丝 45210 +关注 OWASP线下活动：CRA合规倒计时 从法规解读到实践落地的全链路实战分享 09/19 周六 13:30 广东深圳 AI研智有方 粉丝  2989 AI研智有方 活动 43 粉丝 2989 +关注,,,,https://www.huodongxing.com/event/5877382132100,,免费,活动行,广东省,深圳,活动行平台支付/报名
（9.18/深圳站）爱搜GEO主题沙龙：AI全域获客增长（右滑解锁更多城市→）,,网站导航 热门站点 全国站 北京站 上海站 广州站 深圳站 杭州站 武汉站 成都站 长沙站 精选推荐 首页 行业 生活 学习 找活动 找主办方 专题精选 人气榜 下载App 更多服务 找场地 活动百宝箱 主办方管理中心 主办方vip 活动行管家 大会解决方案 关注活动行 | 小程序 | 帮助中心 深圳 当前定位城市: 热门城市: 全国 北京 上海 广州 深圳 杭州 武汉 成都 长沙 南京 重庆 苏州 其它城市: 西安 郑州 厦门 天津 宁波 青岛 东莞 佛山 济南 珠海 合肥 福州 石家庄 昆明 查找更多城市 > 首页 分类 解决方案 场景方案 线上峰会/研讨会 从宣传推广、名单收集、直播互动、线下拍摄/导播、数据分析等一站式直播解决方案 活动行企业版 专为对品牌、数据安全要求较高的企业/商会协会/会展公司等打造的活动管理系统 数字云展厅 定制图文音视频展厅/元宇宙展厅，独立的展商详情页、商机收集等 私有化部署 快速私有化部署企业私有活动管理解决方案，支持阿里云、腾讯云、AWS等 免费创建 下载APP 业务合作 主办方中心 注册 / 登录 推荐 发现活动 人气榜 主办方 精选专题 意见反馈 回到顶部 城市: 全国 北京 上海 深圳 广州 杭州 成都 武汉 重庆 南京 苏州 长沙 西安 厦门 郑州 东莞 青岛 天津 宁波 昆明 香港 澳门 更多城市 分类: 时间: 全部 本周 本周末 1个月内 形式： 线下活动 线上活动 综合排序 最新发布 热门点击 最多参与 AGENT ARENA 深圳站｜豆包大模型 AI Agent 生产力挑战工作坊 09/19 周六 13:30 广东深圳 ADG 社区 粉丝  5154 ADG 社区 活动 57 粉丝 5154 +关注 【深圳站】卡农·世界经典音乐之旅音乐会 09/19 周六 15:00 广东深圳 U剧场 粉丝  2974 U剧场 活动 465 粉丝 2974 +关注 9.16日深圳跨境电商沙龙茶话会 | 电商TikTok和独立站及亚马逊及短剧出海 | 每周三晚 09/16 周三 ~ 10/14 周三 广东深圳 深圳跨境电商老板私董会-小乖总 粉丝  920 深圳跨境电商老板私董会-小乖总 活动 151 粉丝 920 +关注 AI智能体搭建沙龙（9.18 第一期） 后天 14:30 广东深圳 OPC研究院 粉丝  524 OPC研究院 活动 15 粉丝 524 +关注 第二届全球AI出海开发者生态大会 10/15 周四 13:30 广东深圳 快出海 粉丝  30942 快出海 活动 242 粉丝 30942 +关注 国学易经线下公益沙龙 明天 13:30 广东深圳 用户4089 粉丝  12 用户4089 活动 3 粉丝 12 +关注 NEPCON ASIA 2026 亚洲电子生产设备暨微电子工业展览会 10/27 周二 ~ 10/29 周四 广东深圳 ExpoPro 粉丝  14802 ExpoPro 活动 216 粉丝 14802 +关注 2026深圳国际清洁技术与设备展览会 10/13 周二 ~ 10/15 周四 广东深圳 上海博华国际展览有限公司 粉丝  2655 上海博华国际展览有限公司 活动 69 粉丝 2655 +关注 2026中国互联网发展创新与投资大赛（深圳）选拔赛 10/15 周四 08:00 广东深圳 深圳市互联网创业创新服务促进会 粉丝  3451 深圳市互联网创业创新服务促进会 活动 40 粉丝 3451 +关注 东欧eMAG平台新卖家招商会-深圳站 今天 14:00 广东深圳 雨果跨境 粉丝  72881 雨果跨境 活动 1415 粉丝 72881 +关注 2026中国互联网发展创新与投资大赛（深圳）选拔赛 10/30 周五 08:00 广东深圳 深圳市互联网创业创新服务促进会 粉丝  4225 深圳市互联网创业创新服务促进会 活动 47 粉丝 4225 +关注 BOT Chain 深圳 Night Meetup 09/21 周一 17:30 广东深圳 灵思先见 粉丝  3171 灵思先见 活动 10 粉丝 3171 +关注 润城产服聚合日暨融资选址对接会（生命健康专场） 09/17 周四 ~ 10/16 周五 广东深圳 润城新产业 粉丝  429 润城新产业 活动 6 粉丝 429 +关注 YG-Day9月初创项目路演会 09/22 周二 14:30 广东深圳 深圳市南山云谷创新产业园管理有限公司 粉丝  1586 深圳市南山云谷创新产业园管理有限公司 活动 45 粉丝 1586 +关注 （9.18/深圳站）爱搜GEO主题沙龙：AI全域获客增长（右滑解锁更多城市→） 后天 13:00 广东深圳 AIDSO爱搜 粉丝  9091 AIDSO爱搜 活动 120 粉丝 9091 +关注 第二届中国 GEO&AI 营销智能体峰会 10/16 周五 09:00 广东深圳 AI出海观察 粉丝  22780 AI出海观察 活动 49 粉丝 22780 +关注 2026 未来学习空间创新大会 09/19 周六 ~ 09/21 周一 广东深圳 BEED Asia 必达亚洲 粉丝  711 BEED Asia 必达亚洲 活动 39 粉丝 711 +关注 团购优惠 金 税 四 期 下 的 往 来 科 目 风 险 & 应 收 账 款 回 款 实 务 09/23 周三 广东深圳 联信集团 粉丝  28 联信集团 活动 2 粉丝 28 +关注 2026石家庄（深圳）新一代电子信息产业投资合作交流活动 09/29 周二 14:00 广东深圳 亿融创服 粉丝  45210 亿融创服 活动 188 粉丝 45210 +关注 OWASP线下活动：CRA合规倒计时 从法规解读到实践落地的全链路实战分享 09/19 周六 13:30 广东深圳 AI研智有方 粉丝  2989 AI研智有方 活动 43 粉丝 2989 +关注,,,,https://www.huodongxing.com/event/3874582315211,,免费,活动行,广东省,深圳,活动行平台支付/报名
第二届中国 GEO&AI 营销智能体峰会,,网站导航 热门站点 全国站 北京站 上海站 广州站 深圳站 杭州站 武汉站 成都站 长沙站 精选推荐 首页 行业 生活 学习 找活动 找主办方 专题精选 人气榜 下载App 更多服务 找场地 活动百宝箱 主办方管理中心 主办方vip 活动行管家 大会解决方案 关注活动行 | 小程序 | 帮助中心 深圳 当前定位城市: 热门城市: 全国 北京 上海 广州 深圳 杭州 武汉 成都 长沙 南京 重庆 苏州 其它城市: 西安 郑州 厦门 天津 宁波 青岛 东莞 佛山 济南 珠海 合肥 福州 石家庄 昆明 查找更多城市 > 首页 分类 解决方案 场景方案 线上峰会/研讨会 从宣传推广、名单收集、直播互动、线下拍摄/导播、数据分析等一站式直播解决方案 活动行企业版 专为对品牌、数据安全要求较高的企业/商会协会/会展公司等打造的活动管理系统 数字云展厅 定制图文音视频展厅/元宇宙展厅，独立的展商详情页、商机收集等 私有化部署 快速私有化部署企业私有活动管理解决方案，支持阿里云、腾讯云、AWS等 免费创建 下载APP 业务合作 主办方中心 注册 / 登录 推荐 发现活动 人气榜 主办方 精选专题 意见反馈 回到顶部 城市: 全国 北京 上海 深圳 广州 杭州 成都 武汉 重庆 南京 苏州 长沙 西安 厦门 郑州 东莞 青岛 天津 宁波 昆明 香港 澳门 更多城市 分类: 时间: 全部 本周 本周末 1个月内 形式： 线下活动 线上活动 综合排序 最新发布 热门点击 最多参与 AGENT ARENA 深圳站｜豆包大模型 AI Agent 生产力挑战工作坊 09/19 周六 13:30 广东深圳 ADG 社区 粉丝  5154 ADG 社区 活动 57 粉丝 5154 +关注 【深圳站】卡农·世界经典音乐之旅音乐会 09/19 周六 15:00 广东深圳 U剧场 粉丝  2974 U剧场 活动 465 粉丝 2974 +关注 9.16日深圳跨境电商沙龙茶话会 | 电商TikTok和独立站及亚马逊及短剧出海 | 每周三晚 09/16 周三 ~ 10/14 周三 广东深圳 深圳跨境电商老板私董会-小乖总 粉丝  920 深圳跨境电商老板私董会-小乖总 活动 151 粉丝 920 +关注 AI智能体搭建沙龙（9.18 第一期） 后天 14:30 广东深圳 OPC研究院 粉丝  524 OPC研究院 活动 15 粉丝 524 +关注 第二届全球AI出海开发者生态大会 10/15 周四 13:30 广东深圳 快出海 粉丝  30942 快出海 活动 242 粉丝 30942 +关注 国学易经线下公益沙龙 明天 13:30 广东深圳 用户4089 粉丝  12 用户4089 活动 3 粉丝 12 +关注 NEPCON ASIA 2026 亚洲电子生产设备暨微电子工业展览会 10/27 周二 ~ 10/29 周四 广东深圳 ExpoPro 粉丝  14802 ExpoPro 活动 216 粉丝 14802 +关注 2026深圳国际清洁技术与设备展览会 10/13 周二 ~ 10/15 周四 广东深圳 上海博华国际展览有限公司 粉丝  2655 上海博华国际展览有限公司 活动 69 粉丝 2655 +关注 2026中国互联网发展创新与投资大赛（深圳）选拔赛 10/15 周四 08:00 广东深圳 深圳市互联网创业创新服务促进会 粉丝  3451 深圳市互联网创业创新服务促进会 活动 40 粉丝 3451 +关注 东欧eMAG平台新卖家招商会-深圳站 今天 14:00 广东深圳 雨果跨境 粉丝  72881 雨果跨境 活动 1415 粉丝 72881 +关注 2026中国互联网发展创新与投资大赛（深圳）选拔赛 10/30 周五 08:00 广东深圳 深圳市互联网创业创新服务促进会 粉丝  4225 深圳市互联网创业创新服务促进会 活动 47 粉丝 4225 +关注 BOT Chain 深圳 Night Meetup 09/21 周一 17:30 广东深圳 灵思先见 粉丝  3171 灵思先见 活动 10 粉丝 3171 +关注 润城产服聚合日暨融资选址对接会（生命健康专场） 09/17 周四 ~ 10/16 周五 广东深圳 润城新产业 粉丝  429 润城新产业 活动 6 粉丝 429 +关注 YG-Day9月初创项目路演会 09/22 周二 14:30 广东深圳 深圳市南山云谷创新产业园管理有限公司 粉丝  1586 深圳市南山云谷创新产业园管理有限公司 活动 45 粉丝 1586 +关注 （9.18/深圳站）爱搜GEO主题沙龙：AI全域获客增长（右滑解锁更多城市→） 后天 13:00 广东深圳 AIDSO爱搜 粉丝  9091 AIDSO爱搜 活动 120 粉丝 9091 +关注 第二届中国 GEO&AI 营销智能体峰会 10/16 周五 09:00 广东深圳 AI出海观察 粉丝  22780 AI出海观察 活动 49 粉丝 22780 +关注 2026 未来学习空间创新大会 09/19 周六 ~ 09/21 周一 广东深圳 BEED Asia 必达亚洲 粉丝  711 BEED Asia 必达亚洲 活动 39 粉丝 711 +关注 团购优惠 金 税 四 期 下 的 往 来 科 目 风 险 & 应 收 账 款 回 款 实 务 09/23 周三 广东深圳 联信集团 粉丝  28 联信集团 活动 2 粉丝 28 +关注 2026石家庄（深圳）新一代电子信息产业投资合作交流活动 09/29 周二 14:00 广东深圳 亿融创服 粉丝  45210 亿融创服 活动 188 粉丝 45210 +关注 OWASP线下活动：CRA合规倒计时 从法规解读到实践落地的全链路实战分享 09/19 周六 13:30 广东深圳 AI研智有方 粉丝  2989 AI研智有方 活动 43 粉丝 2989 +关注,,,,https://www.huodongxing.com/event/2869822649411,,免费,活动行,广东省,深圳,活动行平台支付/报名
2026 未来学习空间创新大会,,网站导航 热门站点 全国站 北京站 上海站 广州站 深圳站 杭州站 武汉站 成都站 长沙站 精选推荐 首页 行业 生活 学习 找活动 找主办方 专题精选 人气榜 下载App 更多服务 找场地 活动百宝箱 主办方管理中心 主办方vip 活动行管家 大会解决方案 关注活动行 | 小程序 | 帮助中心 深圳 当前定位城市: 热门城市: 全国 北京 上海 广州 深圳 杭州 武汉 成都 长沙 南京 重庆 苏州 其它城市: 西安 郑州 厦门 天津 宁波 青岛 东莞 佛山 济南 珠海 合肥 福州 石家庄 昆明 查找更多城市 > 首页 分类 解决方案 场景方案 线上峰会/研讨会 从宣传推广、名单收集、直播互动、线下拍摄/导播、数据分析等一站式直播解决方案 活动行企业版 专为对品牌、数据安全要求较高的企业/商会协会/会展公司等打造的活动管理系统 数字云展厅 定制图文音视频展厅/元宇宙展厅，独立的展商详情页、商机收集等 私有化部署 快速私有化部署企业私有活动管理解决方案，支持阿里云、腾讯云、AWS等 免费创建 下载APP 业务合作 主办方中心 注册 / 登录 推荐 发现活动 人气榜 主办方 精选专题 意见反馈 回到顶部 城市: 全国 北京 上海 深圳 广州 杭州 成都 武汉 重庆 南京 苏州 长沙 西安 厦门 郑州 东莞 青岛 天津 宁波 昆明 香港 澳门 更多城市 分类: 时间: 全部 本周 本周末 1个月内 形式： 线下活动 线上活动 综合排序 最新发布 热门点击 最多参与 AGENT ARENA 深圳站｜豆包大模型 AI Agent 生产力挑战工作坊 09/19 周六 13:30 广东深圳 ADG 社区 粉丝  5154 ADG 社区 活动 57 粉丝 5154 +关注 【深圳站】卡农·世界经典音乐之旅音乐会 09/19 周六 15:00 广东深圳 U剧场 粉丝  2974 U剧场 活动 465 粉丝 2974 +关注 9.16日深圳跨境电商沙龙茶话会 | 电商TikTok和独立站及亚马逊及短剧出海 | 每周三晚 09/16 周三 ~ 10/14 周三 广东深圳 深圳跨境电商老板私董会-小乖总 粉丝  920 深圳跨境电商老板私董会-小乖总 活动 151 粉丝 920 +关注 AI智能体搭建沙龙（9.18 第一期） 后天 14:30 广东深圳 OPC研究院 粉丝  524 OPC研究院 活动 15 粉丝 524 +关注 第二届全球AI出海开发者生态大会 10/15 周四 13:30 广东深圳 快出海 粉丝  30942 快出海 活动 242 粉丝 30942 +关注 国学易经线下公益沙龙 明天 13:30 广东深圳 用户4089 粉丝  12 用户4089 活动 3 粉丝 12 +关注 NEPCON ASIA 2026 亚洲电子生产设备暨微电子工业展览会 10/27 周二 ~ 10/29 周四 广东深圳 ExpoPro 粉丝  14802 ExpoPro 活动 216 粉丝 14802 +关注 2026深圳国际清洁技术与设备展览会 10/13 周二 ~ 10/15 周四 广东深圳 上海博华国际展览有限公司 粉丝  2655 上海博华国际展览有限公司 活动 69 粉丝 2655 +关注 2026中国互联网发展创新与投资大赛（深圳）选拔赛 10/15 周四 08:00 广东深圳 深圳市互联网创业创新服务促进会 粉丝  3451 深圳市互联网创业创新服务促进会 活动 40 粉丝 3451 +关注 东欧eMAG平台新卖家招商会-深圳站 今天 14:00 广东深圳 雨果跨境 粉丝  72881 雨果跨境 活动 1415 粉丝 72881 +关注 2026中国互联网发展创新与投资大赛（深圳）选拔赛 10/30 周五 08:00 广东深圳 深圳市互联网创业创新服务促进会 粉丝  4225 深圳市互联网创业创新服务促进会 活动 47 粉丝 4225 +关注 BOT Chain 深圳 Night Meetup 09/21 周一 17:30 广东深圳 灵思先见 粉丝  3171 灵思先见 活动 10 粉丝 3171 +关注 润城产服聚合日暨融资选址对接会（生命健康专场） 09/17 周四 ~ 10/16 周五 广东深圳 润城新产业 粉丝  429 润城新产业 活动 6 粉丝 429 +关注 YG-Day9月初创项目路演会 09/22 周二 14:30 广东深圳 深圳市南山云谷创新产业园管理有限公司 粉丝  1586 深圳市南山云谷创新产业园管理有限公司 活动 45 粉丝 1586 +关注 （9.18/深圳站）爱搜GEO主题沙龙：AI全域获客增长（右滑解锁更多城市→） 后天 13:00 广东深圳 AIDSO爱搜 粉丝  9091 AIDSO爱搜 活动 120 粉丝 9091 +关注 第二届中国 GEO&AI 营销智能体峰会 10/16 周五 09:00 广东深圳 AI出海观察 粉丝  22780 AI出海观察 活动 49 粉丝 22780 +关注 2026 未来学习空间创新大会 09/19 周六 ~ 09/21 周一 广东深圳 BEED Asia 必达亚洲 粉丝  711 BEED Asia 必达亚洲 活动 39 粉丝 711 +关注 团购优惠 金 税 四 期 下 的 往 来 科 目 风 险 & 应 收 账 款 回 款 实 务 09/23 周三 广东深圳 联信集团 粉丝  28 联信集团 活动 2 粉丝 28 +关注 2026石家庄（深圳）新一代电子信息产业投资合作交流活动 09/29 周二 14:00 广东深圳 亿融创服 粉丝  45210 亿融创服 活动 188 粉丝 45210 +关注 OWASP线下活动：CRA合规倒计时 从法规解读到实践落地的全链路实战分享 09/19 周六 13:30 广东深圳 AI研智有方 粉丝  2989 AI研智有方 活动 43 粉丝 2989 +关注,,,,https://www.huodongxing.com/event/8867837636600,,免费,活动行,广东省,深圳,活动行平台支付/报名
金 税 四 期 下 的 往 来 科 目 风 险 & 应 收 账 款 回 款 实 务,,网站导航 热门站点 全国站 北京站 上海站 广州站 深圳站 杭州站 武汉站 成都站 长沙站 精选推荐 首页 行业 生活 学习 找活动 找主办方 专题精选 人气榜 下载App 更多服务 找场地 活动百宝箱 主办方管理中心 主办方vip 活动行管家 大会解决方案 关注活动行 | 小程序 | 帮助中心 深圳 当前定位城市: 热门城市: 全国 北京 上海 广州 深圳 杭州 武汉 成都 长沙 南京 重庆 苏州 其它城市: 西安 郑州 厦门 天津 宁波 青岛 东莞 佛山 济南 珠海 合肥 福州 石家庄 昆明 查找更多城市 > 首页 分类 解决方案 场景方案 线上峰会/研讨会 从宣传推广、名单收集、直播互动、线下拍摄/导播、数据分析等一站式直播解决方案 活动行企业版 专为对品牌、数据安全要求较高的企业/商会协会/会展公司等打造的活动管理系统 数字云展厅 定制图文音视频展厅/元宇宙展厅，独立的展商详情页、商机收集等 私有化部署 快速私有化部署企业私有活动管理解决方案，支持阿里云、腾讯云、AWS等 免费创建 下载APP 业务合作 主办方中心 注册 / 登录 推荐 发现活动 人气榜 主办方 精选专题 意见反馈 回到顶部 城市: 全国 北京 上海 深圳 广州 杭州 成都 武汉 重庆 南京 苏州 长沙 西安 厦门 郑州 东莞 青岛 天津 宁波 昆明 香港 澳门 更多城市 分类: 时间: 全部 本周 本周末 1个月内 形式： 线下活动 线上活动 综合排序 最新发布 热门点击 最多参与 AGENT ARENA 深圳站｜豆包大模型 AI Agent 生产力挑战工作坊 09/19 周六 13:30 广东深圳 ADG 社区 粉丝  5154 ADG 社区 活动 57 粉丝 5154 +关注 【深圳站】卡农·世界经典音乐之旅音乐会 09/19 周六 15:00 广东深圳 U剧场 粉丝  2974 U剧场 活动 465 粉丝 2974 +关注 9.16日深圳跨境电商沙龙茶话会 | 电商TikTok和独立站及亚马逊及短剧出海 | 每周三晚 09/16 周三 ~ 10/14 周三 广东深圳 深圳跨境电商老板私董会-小乖总 粉丝  920 深圳跨境电商老板私董会-小乖总 活动 151 粉丝 920 +关注 AI智能体搭建沙龙（9.18 第一期） 后天 14:30 广东深圳 OPC研究院 粉丝  524 OPC研究院 活动 15 粉丝 524 +关注 第二届全球AI出海开发者生态大会 10/15 周四 13:30 广东深圳 快出海 粉丝  30942 快出海 活动 242 粉丝 30942 +关注 国学易经线下公益沙龙 明天 13:30 广东深圳 用户4089 粉丝  12 用户4089 活动 3 粉丝 12 +关注 NEPCON ASIA 2026 亚洲电子生产设备暨微电子工业展览会 10/27 周二 ~ 10/29 周四 广东深圳 ExpoPro 粉丝  14802 ExpoPro 活动 216 粉丝 14802 +关注 2026深圳国际清洁技术与设备展览会 10/13 周二 ~ 10/15 周四 广东深圳 上海博华国际展览有限公司 粉丝  2655 上海博华国际展览有限公司 活动 69 粉丝 2655 +关注 2026中国互联网发展创新与投资大赛（深圳）选拔赛 10/15 周四 08:00 广东深圳 深圳市互联网创业创新服务促进会 粉丝  3451 深圳市互联网创业创新服务促进会 活动 40 粉丝 3451 +关注 东欧eMAG平台新卖家招商会-深圳站 今天 14:00 广东深圳 雨果跨境 粉丝  72881 雨果跨境 活动 1415 粉丝 72881 +关注 2026中国互联网发展创新与投资大赛（深圳）选拔赛 10/30 周五 08:00 广东深圳 深圳市互联网创业创新服务促进会 粉丝  4225 深圳市互联网创业创新服务促进会 活动 47 粉丝 4225 +关注 BOT Chain 深圳 Night Meetup 09/21 周一 17:30 广东深圳 灵思先见 粉丝  3171 灵思先见 活动 10 粉丝 3171 +关注 润城产服聚合日暨融资选址对接会（生命健康专场） 09/17 周四 ~ 10/16 周五 广东深圳 润城新产业 粉丝  429 润城新产业 活动 6 粉丝 429 +关注 YG-Day9月初创项目路演会 09/22 周二 14:30 广东深圳 深圳市南山云谷创新产业园管理有限公司 粉丝  1586 深圳市南山云谷创新产业园管理有限公司 活动 45 粉丝 1586 +关注 （9.18/深圳站）爱搜GEO主题沙龙：AI全域获客增长（右滑解锁更多城市→） 后天 13:00 广东深圳 AIDSO爱搜 粉丝  9091 AIDSO爱搜 活动 120 粉丝 9091 +关注 第二届中国 GEO&AI 营销智能体峰会 10/16 周五 09:00 广东深圳 AI出海观察 粉丝  22780 AI出海观察 活动 49 粉丝 22780 +关注 2026 未来学习空间创新大会 09/19 周六 ~ 09/21 周一 广东深圳 BEED Asia 必达亚洲 粉丝  711 BEED Asia 必达亚洲 活动 39 粉丝 711 +关注 团购优惠 金 税 四 期 下 的 往 来 科 目 风 险 & 应 收 账 款 回 款 实 务 09/23 周三 广东深圳 联信集团 粉丝  28 联信集团 活动 2 粉丝 28 +关注 2026石家庄（深圳）新一代电子信息产业投资合作交流活动 09/29 周二 14:00 广东深圳 亿融创服 粉丝  45210 亿融创服 活动 188 粉丝 45210 +关注 OWASP线下活动：CRA合规倒计时 从法规解读到实践落地的全链路实战分享 09/19 周六 13:30 广东深圳 AI研智有方 粉丝  2989 AI研智有方 活动 43 粉丝 2989 +关注,,,,https://www.huodongxing.com/event/6877888071600,,免费,活动行,广东省,深圳,活动行平台支付/报名
2026石家庄（深圳）新一代电子信息产业投资合作交流活动,,网站导航 热门站点 全国站 北京站 上海站 广州站 深圳站 杭州站 武汉站 成都站 长沙站 精选推荐 首页 行业 生活 学习 找活动 找主办方 专题精选 人气榜 下载App 更多服务 找场地 活动百宝箱 主办方管理中心 主办方vip 活动行管家 大会解决方案 关注活动行 | 小程序 | 帮助中心 深圳 当前定位城市: 热门城市: 全国 北京 上海 广州 深圳 杭州 武汉 成都 长沙 南京 重庆 苏州 其它城市: 西安 郑州 厦门 天津 宁波 青岛 东莞 佛山 济南 珠海 合肥 福州 石家庄 昆明 查找更多城市 > 首页 分类 解决方案 场景方案 线上峰会/研讨会 从宣传推广、名单收集、直播互动、线下拍摄/导播、数据分析等一站式直播解决方案 活动行企业版 专为对品牌、数据安全要求较高的企业/商会协会/会展公司等打造的活动管理系统 数字云展厅 定制图文音视频展厅/元宇宙展厅，独立的展商详情页、商机收集等 私有化部署 快速私有化部署企业私有活动管理解决方案，支持阿里云、腾讯云、AWS等 免费创建 下载APP 业务合作 主办方中心 注册 / 登录 推荐 发现活动 人气榜 主办方 精选专题 意见反馈 回到顶部 城市: 全国 北京 上海 深圳 广州 杭州 成都 武汉 重庆 南京 苏州 长沙 西安 厦门 郑州 东莞 青岛 天津 宁波 昆明 香港 澳门 更多城市 分类: 时间: 全部 本周 本周末 1个月内 形式： 线下活动 线上活动 综合排序 最新发布 热门点击 最多参与 AGENT ARENA 深圳站｜豆包大模型 AI Agent 生产力挑战工作坊 09/19 周六 13:30 广东深圳 ADG 社区 粉丝  5154 ADG 社区 活动 57 粉丝 5154 +关注 【深圳站】卡农·世界经典音乐之旅音乐会 09/19 周六 15:00 广东深圳 U剧场 粉丝  2974 U剧场 活动 465 粉丝 2974 +关注 9.16日深圳跨境电商沙龙茶话会 | 电商TikTok和独立站及亚马逊及短剧出海 | 每周三晚 09/16 周三 ~ 10/14 周三 广东深圳 深圳跨境电商老板私董会-小乖总 粉丝  920 深圳跨境电商老板私董会-小乖总 活动 151 粉丝 920 +关注 AI智能体搭建沙龙（9.18 第一期） 后天 14:30 广东深圳 OPC研究院 粉丝  524 OPC研究院 活动 15 粉丝 524 +关注 第二届全球AI出海开发者生态大会 10/15 周四 13:30 广东深圳 快出海 粉丝  30942 快出海 活动 242 粉丝 30942 +关注 国学易经线下公益沙龙 明天 13:30 广东深圳 用户4089 粉丝  12 用户4089 活动 3 粉丝 12 +关注 NEPCON ASIA 2026 亚洲电子生产设备暨微电子工业展览会 10/27 周二 ~ 10/29 周四 广东深圳 ExpoPro 粉丝  14802 ExpoPro 活动 216 粉丝 14802 +关注 2026深圳国际清洁技术与设备展览会 10/13 周二 ~ 10/15 周四 广东深圳 上海博华国际展览有限公司 粉丝  2655 上海博华国际展览有限公司 活动 69 粉丝 2655 +关注 2026中国互联网发展创新与投资大赛（深圳）选拔赛 10/15 周四 08:00 广东深圳 深圳市互联网创业创新服务促进会 粉丝  3451 深圳市互联网创业创新服务促进会 活动 40 粉丝 3451 +关注 东欧eMAG平台新卖家招商会-深圳站 今天 14:00 广东深圳 雨果跨境 粉丝  72881 雨果跨境 活动 1415 粉丝 72881 +关注 2026中国互联网发展创新与投资大赛（深圳）选拔赛 10/30 周五 08:00 广东深圳 深圳市互联网创业创新服务促进会 粉丝  4225 深圳市互联网创业创新服务促进会 活动 47 粉丝 4225 +关注 BOT Chain 深圳 Night Meetup 09/21 周一 17:30 广东深圳 灵思先见 粉丝  3171 灵思先见 活动 10 粉丝 3171 +关注 润城产服聚合日暨融资选址对接会（生命健康专场） 09/17 周四 ~ 10/16 周五 广东深圳 润城新产业 粉丝  429 润城新产业 活动 6 粉丝 429 +关注 YG-Day9月初创项目路演会 09/22 周二 14:30 广东深圳 深圳市南山云谷创新产业园管理有限公司 粉丝  1586 深圳市南山云谷创新产业园管理有限公司 活动 45 粉丝 1586 +关注 （9.18/深圳站）爱搜GEO主题沙龙：AI全域获客增长（右滑解锁更多城市→） 后天 13:00 广东深圳 AIDSO爱搜 粉丝  9091 AIDSO爱搜 活动 120 粉丝 9091 +关注 第二届中国 GEO&AI 营销智能体峰会 10/16 周五 09:00 广东深圳 AI出海观察 粉丝  22780 AI出海观察 活动 49 粉丝 22780 +关注 2026 未来学习空间创新大会 09/19 周六 ~ 09/21 周一 广东深圳 BEED Asia 必达亚洲 粉丝  711 BEED Asia 必达亚洲 活动 39 粉丝 711 +关注 团购优惠 金 税 四 期 下 的 往 来 科 目 风 险 & 应 收 账 款 回 款 实 务 09/23 周三 广东深圳 联信集团 粉丝  28 联信集团 活动 2 粉丝 28 +关注 2026石家庄（深圳）新一代电子信息产业投资合作交流活动 09/29 周二 14:00 广东深圳 亿融创服 粉丝  45210 亿融创服 活动 188 粉丝 45210 +关注 OWASP线下活动：CRA合规倒计时 从法规解读到实践落地的全链路实战分享 09/19 周六 13:30 广东深圳 AI研智有方 粉丝  2989 AI研智有方 活动 43 粉丝 2989 +关注,,,,https://www.huodongxing.com/event/3878191695200,,免费,活动行,广东省,深圳,活动行平台支付/报名
OWASP线下活动：CRA合规倒计时 从法规解读到实践落地的全链路实战分享,,网站导航 热门站点 全国站 北京站 上海站 广州站 深圳站 杭州站 武汉站 成都站 长沙站 精选推荐 首页 行业 生活 学习 找活动 找主办方 专题精选 人气榜 下载App 更多服务 找场地 活动百宝箱 主办方管理中心 主办方vip 活动行管家 大会解决方案 关注活动行 | 小程序 | 帮助中心 深圳 当前定位城市: 热门城市: 全国 北京 上海 广州 深圳 杭州 武汉 成都 长沙 南京 重庆 苏州 其它城市: 西安 郑州 厦门 天津 宁波 青岛 东莞 佛山 济南 珠海 合肥 福州 石家庄 昆明 查找更多城市 > 首页 分类 解决方案 场景方案 线上峰会/研讨会 从宣传推广、名单收集、直播互动、线下拍摄/导播、数据分析等一站式直播解决方案 活动行企业版 专为对品牌、数据安全要求较高的企业/商会协会/会展公司等打造的活动管理系统 数字云展厅 定制图文音视频展厅/元宇宙展厅，独立的展商详情页、商机收集等 私有化部署 快速私有化部署企业私有活动管理解决方案，支持阿里云、腾讯云、AWS等 免费创建 下载APP 业务合作 主办方中心 注册 / 登录 推荐 发现活动 人气榜 主办方 精选专题 意见反馈 回到顶部 城市: 全国 北京 上海 深圳 广州 杭州 成都 武汉 重庆 南京 苏州 长沙 西安 厦门 郑州 东莞 青岛 天津 宁波 昆明 香港 澳门 更多城市 分类: 时间: 全部 本周 本周末 1个月内 形式： 线下活动 线上活动 综合排序 最新发布 热门点击 最多参与 AGENT ARENA 深圳站｜豆包大模型 AI Agent 生产力挑战工作坊 09/19 周六 13:30 广东深圳 ADG 社区 粉丝  5154 ADG 社区 活动 57 粉丝 5154 +关注 【深圳站】卡农·世界经典音乐之旅音乐会 09/19 周六 15:00 广东深圳 U剧场 粉丝  2974 U剧场 活动 465 粉丝 2974 +关注 9.16日深圳跨境电商沙龙茶话会 | 电商TikTok和独立站及亚马逊及短剧出海 | 每周三晚 09/16 周三 ~ 10/14 周三 广东深圳 深圳跨境电商老板私董会-小乖总 粉丝  920 深圳跨境电商老板私董会-小乖总 活动 151 粉丝 920 +关注 AI智能体搭建沙龙（9.18 第一期） 后天 14:30 广东深圳 OPC研究院 粉丝  524 OPC研究院 活动 15 粉丝 524 +关注 第二届全球AI出海开发者生态大会 10/15 周四 13:30 广东深圳 快出海 粉丝  30942 快出海 活动 242 粉丝 30942 +关注 国学易经线下公益沙龙 明天 13:30 广东深圳 用户4089 粉丝  12 用户4089 活动 3 粉丝 12 +关注 NEPCON ASIA 2026 亚洲电子生产设备暨微电子工业展览会 10/27 周二 ~ 10/29 周四 广东深圳 ExpoPro 粉丝  14802 ExpoPro 活动 216 粉丝 14802 +关注 2026深圳国际清洁技术与设备展览会 10/13 周二 ~ 10/15 周四 广东深圳 上海博华国际展览有限公司 粉丝  2655 上海博华国际展览有限公司 活动 69 粉丝 2655 +关注 2026中国互联网发展创新与投资大赛（深圳）选拔赛 10/15 周四 08:00 广东深圳 深圳市互联网创业创新服务促进会 粉丝  3451 深圳市互联网创业创新服务促进会 活动 40 粉丝 3451 +关注 东欧eMAG平台新卖家招商会-深圳站 今天 14:00 广东深圳 雨果跨境 粉丝  72881 雨果跨境 活动 1415 粉丝 72881 +关注 2026中国互联网发展创新与投资大赛（深圳）选拔赛 10/30 周五 08:00 广东深圳 深圳市互联网创业创新服务促进会 粉丝  4225 深圳市互联网创业创新服务促进会 活动 47 粉丝 4225 +关注 BOT Chain 深圳 Night Meetup 09/21 周一 17:30 广东深圳 灵思先见 粉丝  3171 灵思先见 活动 10 粉丝 3171 +关注 润城产服聚合日暨融资选址对接会（生命健康专场） 09/17 周四 ~ 10/16 周五 广东深圳 润城新产业 粉丝  429 润城新产业 活动 6 粉丝 429 +关注 YG-Day9月初创项目路演会 09/22 周二 14:30 广东深圳 深圳市南山云谷创新产业园管理有限公司 粉丝  1586 深圳市南山云谷创新产业园管理有限公司 活动 45 粉丝 1586 +关注 （9.18/深圳站）爱搜GEO主题沙龙：AI全域获客增长（右滑解锁更多城市→） 后天 13:00 广东深圳 AIDSO爱搜 粉丝  9091 AIDSO爱搜 活动 120 粉丝 9091 +关注 第二届中国 GEO&AI 营销智能体峰会 10/16 周五 09:00 广东深圳 AI出海观察 粉丝  22780 AI出海观察 活动 49 粉丝 22780 +关注 2026 未来学习空间创新大会 09/19 周六 ~ 09/21 周一 广东深圳 BEED Asia 必达亚洲 粉丝  711 BEED Asia 必达亚洲 活动 39 粉丝 711 +关注 团购优惠 金 税 四 期 下 的 往 来 科 目 风 险 & 应 收 账 款 回 款 实 务 09/23 周三 广东深圳 联信集团 粉丝  28 联信集团 活动 2 粉丝 28 +关注 2026石家庄（深圳）新一代电子信息产业投资合作交流活动 09/29 周二 14:00 广东深圳 亿融创服 粉丝  45210 亿融创服 活动 188 粉丝 45210 +关注 OWASP线下活动：CRA合规倒计时 从法规解读到实践落地的全链路实战分享 09/19 周六 13:30 广东深圳 AI研智有方 粉丝  2989 AI研智有方 活动 43 粉丝 2989 +关注,,,,https://www.huodongxing.com/event/3876474235900,,免费,活动行,广东省,深圳,活动行平台支付/报名
第15届国际培训产品博览会-汇聚行业核心圈层-对接产业资源-共建培训新生态,,2026-09-25,2026-09-25,,,https://www.huodongxing.com/event/1875907704711,,免费,活动行,广东省,深圳,活动行平台支付/报名
深圳培博会2026第15届国际培训产品博览会:中国智慧-世界输出,,2026-09-25,2026-09-25,,,https://www.huodongxing.com/event/1875907711211,,免费,活动行,广东省,深圳,活动行平台支付/报名
中小企业老板如何借助AI赋能企业转型思享会,,2026-09-25,2026-09-25,,,https://www.huodongxing.com/event/8877730922800,,免费,活动行,广东省,深圳,活动行平台支付/报名
纵贯南北，品赢全球— Wayfair全品类招商城市巡回Workshop（深圳站）,,2026-09-25,2026-09-25,,,https://www.huodongxing.com/event/8873708614211,,免费,活动行,广东省,深圳,活动行平台支付/报名
【深圳首场】AI 重塑·增长无界-2027 亚马逊创新卖家实战峰会,,2026-09-25,2026-09-25,,,https://www.huodongxing.com/event/3878500469211,,免费,活动行,广东省,深圳,活动行平台支付/报名
【邀请函】百度智能云超级智能体大会（深圳站）,,2026-09-25,2026-09-25,,,https://www.huodongxing.com/event/1877886732811,,免费,活动行,广东省,深圳,活动行平台支付/报名
创业路演交流会（每人10-15分钟第5期（9月16周三下午）,,2026-09-25,2026-09-25,,,https://www.huodongxing.com/event/4876922936011,,免费,活动行,广东省,深圳,活动行平台支付/报名
拒绝空谈，解锁股市财富密码，共话机构交易体系,,2026-09-25,2026-09-25,,,https://www.huodongxing.com/event/4877296691811,,免费,活动行,广东省,深圳,活动行平台支付/报名
【AI创投大会】——智能硬件出海专场,,2026-09-25,2026-09-25,,,https://www.huodongxing.com/event/8876619955800,,免费,活动行,广东省,深圳,活动行平台支付/报名
AI时代GEO的一人公司创业沙龙(每周五),,2026-09-25,2026-09-25,,,https://www.huodongxing.com/event/5858868706311,,免费,活动行,广东省,深圳,活动行平台支付/报名
深圳宝安周六大健康创业沙龙,,2026-09-25,2026-09-25,,,https://www.huodongxing.com/event/7866102289600,,免费,活动行,广东省,深圳,活动行平台支付/报名
"【维伊缘】2026年9月25日晚车、房一族高品质单身交友派对,若活动实到人数少于80人，活动结束后可要求退款！",,2026-09-25,2026-09-25,,,https://www.huodongxing.com/event/6877477696200,,免费,活动行,广东省,深圳,活动行平台支付/报名
深圳Ai应用落地实战营(20-21)两天一晚,,2026-09-25,2026-09-25,,,https://www.huodongxing.com/event/4878171743100,,免费,活动行,广东省,深圳,活动行平台支付/报名
深圳相亲会| 9月25号深圳南山【中秋节专场】高品质相亲交友活动,,2026-09-25,2026-09-25,,,https://www.huodongxing.com/event/2876205483514,,免费,活动行,广东省,深圳,活动行平台支付/报名
伪休息or真蓄能？如何在深圳“充电五分钟，续航两小时”？| TEDxShenzhen「土川客厅·TED Talk放映会」第二季 006期报名,,2026-09-25,2026-09-25,,,https://www.huodongxing.com/event/8878498588512,,免费,活动行,广东省,深圳,活动行平台支付/报名
沟通力、领导力、公众演讲提升俱乐部｜每周三晚19:15,,2026-09-25,2026-09-25,,,https://www.huodongxing.com/event/3877491974112,,免费,活动行,广东省,深圳,活动行平台支付/报名
言值头马演讲俱乐部｜每周三19:15提升沟通力领导力,,2026-09-25,2026-09-25,,,https://www.huodongxing.com/event/6873866317312,,免费,活动行,广东省,深圳,活动行平台支付/报名
DMP 2026大湾区工业博览会 · 深圳,,2026-09-25,2026-09-25,,,https://www.huodongxing.com/event/1878613842600,,免费,活动行,广东省,深圳,活动行平台支付/报名
第八届CHWE出海网全球跨境电商展（深圳）,,2026-09-25,2026-09-25,,,https://www.huodongxing.com/event/1877496878111,,免费,活动行,广东省,深圳,活动行平台支付/报名
深圳站-招商网络闭门交流会2026【进化·以韧应变】,,2026-09-25,2026-09-25,,,https://www.huodongxing.com/event/4875441777200,,免费,活动行,广东省,深圳,活动行平台支付/报名
潮领全球 智胜未来 —— TikTok Shop 时尚服饰品类私享会,,网站导航 热门站点 全国站 北京站 上海站 广州站 深圳站 杭州站 武汉站 成都站 长沙站 精选推荐 首页 行业 生活 学习 找活动 找主办方 专题精选 人气榜 下载App 更多服务 找场地 活动百宝箱 主办方管理中心 主办方vip 活动行管家 大会解决方案 关注活动行 | 小程序 | 帮助中心 深圳 当前定位城市: 热门城市: 全国 北京 上海 广州 深圳 杭州 武汉 成都 长沙 南京 重庆 苏州 其它城市: 西安 郑州 厦门 天津 宁波 青岛 东莞 佛山 济南 珠海 合肥 福州 石家庄 昆明 查找更多城市 > 首页 分类 解决方案 场景方案 线上峰会/研讨会 从宣传推广、名单收集、直播互动、线下拍摄/导播、数据分析等一站式直播解决方案 活动行企业版 专为对品牌、数据安全要求较高的企业/商会协会/会展公司等打造的活动管理系统 数字云展厅 定制图文音视频展厅/元宇宙展厅，独立的展商详情页、商机收集等 私有化部署 快速私有化部署企业私有活动管理解决方案，支持阿里云、腾讯云、AWS等 免费创建 下载APP 业务合作 主办方中心 注册 / 登录 推荐 发现活动 人气榜 主办方 精选专题 意见反馈 回到顶部 城市: 全国 北京 上海 深圳 广州 杭州 成都 武汉 重庆 南京 苏州 长沙 西安 厦门 郑州 东莞 青岛 天津 宁波 昆明 香港 澳门 更多城市 分类: 时间: 全部 本周 本周末 1个月内 形式： 线下活动 线上活动 综合排序 最新发布 热门点击 最多参与 潮领全球 智胜未来 —— TikTok Shop 时尚服饰品类私享会 今天 14:00 广东深圳 Nativex 粉丝  1013 Nativex 活动 7 粉丝 1013 +关注 （已成）深圳小红书交流|自媒体，如何起号，运营，变现，技能互换，有效社交 今天 19:30 广东深圳 草莓小饼干 粉丝  658 草莓小饼干 活动 806 粉丝 658 +关注 澳洲阿德莱德大学见面会（深圳站） 10/17 周六 13:30 广东深圳 广东启德教育服务有限公司深圳分公司 粉丝  1119 广东启德教育服务有限公司深圳分公司 活动 176 粉丝 1119 +关注 当 AI 能做的越来越多，一个小而美的创业者，到底靠什么不可替代？ 09/20 周日 13:30 广东深圳 亚马逊云科技 User Group 粉丝  17702 亚马逊云科技 User Group 活动 251 粉丝 17702 +关注 走进腾讯｜AI如何真正进入业务？-腾讯云 × WorkBuddy 企业AI落地实践闭门会 明天 14:00 广东深圳 白鲸出海 粉丝  131831 白鲸出海 活动 650 粉丝 131831 +关注 「帧 · 境」2026 Seko短剧生态私享晚宴 10/23 周五 17:00 广东深圳 「鹿见橙心・短剧观察」 粉丝  960 「鹿见橙心・短剧观察」 活动 3 粉丝 960 +关注 【投资家网】2026 中国 · 智能硬件产业生态大会 10/28 周三 ~ 10/29 周四 广东深圳 投资家网 粉丝  120108 投资家网 活动 281 粉丝 120108 +关注 深圳站丨领航出海·英立潮头———B2B品牌全球化出海沙龙 今天 14:00 广东深圳 融创云学院 粉丝  2315 融创云学院 活动 41 粉丝 2315 +关注 解锁你的内在世界 | 自我探索体验沙龙 今天 19:00 广东深圳 心鹏友 粉丝  80 心鹏友 活动 6 粉丝 80 +关注 数字心理亲子沙龙——读懂孩子天性·告别育儿焦虑 09/27 周日 14:00 广东深圳 2792148*** 粉丝  79 2792148*** 活动 14 粉丝 79 +关注 深圳出海夜聊局｜跟一线操盘手聊聊出海的坑 明天 19:30 广东深圳 源码资本&码脑 粉丝  48 源码资本&码脑 活动 2 粉丝 48 +关注 Let's TikTok—TikTok+独立站开环打法增长实战闭门会 （深圳站） 后天 13:30 广东深圳 品牌方舟BrandArk 粉丝  16229 品牌方舟BrandArk 活动 273 粉丝 16229 +关注 逐浪韩国·酷澎领潮 - 2026韩国Coupang卖家私享会 今天 14:00 广东深圳 跨境雅舍 粉丝  8425 跨境雅舍 活动 52 粉丝 8425 +关注 边缘智算·场景共生 2026华强边缘AI产业生态交流会 今天 13:30 广东深圳 华强电子网 粉丝  20234 华强电子网 活动 111 粉丝 20234 +关注 【扫描活动页二维码直接报名！】多平台招商 · 千人卖家盛会 今天 13:30 广东深圳 雨果跨境 粉丝  72881 雨果跨境 活动 1415 粉丝 72881 +关注 3C电子DTC品牌出海论坛 10/21 周三 14:00 广东深圳 雨果跨境 粉丝  72881 雨果跨境 活动 1415 粉丝 72881 +关注 第34届中国(深圳) 国际礼品及家居用品展览会 10/20 周二 ~ 10/23 周五 广东深圳 雨果跨境 粉丝  72881 雨果跨境 活动 1415 粉丝 72881 +关注 新兴市场小众平台出海论坛 10/20 周二 13:30 广东深圳 雨果跨境 粉丝  72881 雨果跨境 活动 1415 粉丝 72881 +关注 阿里国际站 · 外贸出海私享交流会 后天 14:00 广东深圳 外贸加油站 粉丝  8486 外贸加油站 活动 144 粉丝 8486 +关注 外贸B端企业出海增长-AI赋能B2B 后天 14:00 广东深圳 外贸加油站 粉丝  8486 外贸加油站 活动 144 粉丝 8486 +关注,,,,https://www.huodongxing.com/event/2876450575000,,免费,活动行,广东省,深圳,活动行平台支付/报名
（已成）深圳小红书交流|自媒体，如何起号，运营，变现，技能互换，有效社交,,网站导航 热门站点 全国站 北京站 上海站 广州站 深圳站 杭州站 武汉站 成都站 长沙站 精选推荐 首页 行业 生活 学习 找活动 找主办方 专题精选 人气榜 下载App 更多服务 找场地 活动百宝箱 主办方管理中心 主办方vip 活动行管家 大会解决方案 关注活动行 | 小程序 | 帮助中心 深圳 当前定位城市: 热门城市: 全国 北京 上海 广州 深圳 杭州 武汉 成都 长沙 南京 重庆 苏州 其它城市: 西安 郑州 厦门 天津 宁波 青岛 东莞 佛山 济南 珠海 合肥 福州 石家庄 昆明 查找更多城市 > 首页 分类 解决方案 场景方案 线上峰会/研讨会 从宣传推广、名单收集、直播互动、线下拍摄/导播、数据分析等一站式直播解决方案 活动行企业版 专为对品牌、数据安全要求较高的企业/商会协会/会展公司等打造的活动管理系统 数字云展厅 定制图文音视频展厅/元宇宙展厅，独立的展商详情页、商机收集等 私有化部署 快速私有化部署企业私有活动管理解决方案，支持阿里云、腾讯云、AWS等 免费创建 下载APP 业务合作 主办方中心 注册 / 登录 推荐 发现活动 人气榜 主办方 精选专题 意见反馈 回到顶部 城市: 全国 北京 上海 深圳 广州 杭州 成都 武汉 重庆 南京 苏州 长沙 西安 厦门 郑州 东莞 青岛 天津 宁波 昆明 香港 澳门 更多城市 分类: 时间: 全部 本周 本周末 1个月内 形式： 线下活动 线上活动 综合排序 最新发布 热门点击 最多参与 潮领全球 智胜未来 —— TikTok Shop 时尚服饰品类私享会 今天 14:00 广东深圳 Nativex 粉丝  1013 Nativex 活动 7 粉丝 1013 +关注 （已成）深圳小红书交流|自媒体，如何起号，运营，变现，技能互换，有效社交 今天 19:30 广东深圳 草莓小饼干 粉丝  658 草莓小饼干 活动 806 粉丝 658 +关注 澳洲阿德莱德大学见面会（深圳站） 10/17 周六 13:30 广东深圳 广东启德教育服务有限公司深圳分公司 粉丝  1119 广东启德教育服务有限公司深圳分公司 活动 176 粉丝 1119 +关注 当 AI 能做的越来越多，一个小而美的创业者，到底靠什么不可替代？ 09/20 周日 13:30 广东深圳 亚马逊云科技 User Group 粉丝  17702 亚马逊云科技 User Group 活动 251 粉丝 17702 +关注 走进腾讯｜AI如何真正进入业务？-腾讯云 × WorkBuddy 企业AI落地实践闭门会 明天 14:00 广东深圳 白鲸出海 粉丝  131831 白鲸出海 活动 650 粉丝 131831 +关注 「帧 · 境」2026 Seko短剧生态私享晚宴 10/23 周五 17:00 广东深圳 「鹿见橙心・短剧观察」 粉丝  960 「鹿见橙心・短剧观察」 活动 3 粉丝 960 +关注 【投资家网】2026 中国 · 智能硬件产业生态大会 10/28 周三 ~ 10/29 周四 广东深圳 投资家网 粉丝  120108 投资家网 活动 281 粉丝 120108 +关注 深圳站丨领航出海·英立潮头———B2B品牌全球化出海沙龙 今天 14:00 广东深圳 融创云学院 粉丝  2315 融创云学院 活动 41 粉丝 2315 +关注 解锁你的内在世界 | 自我探索体验沙龙 今天 19:00 广东深圳 心鹏友 粉丝  80 心鹏友 活动 6 粉丝 80 +关注 数字心理亲子沙龙——读懂孩子天性·告别育儿焦虑 09/27 周日 14:00 广东深圳 2792148*** 粉丝  79 2792148*** 活动 14 粉丝 79 +关注 深圳出海夜聊局｜跟一线操盘手聊聊出海的坑 明天 19:30 广东深圳 源码资本&码脑 粉丝  48 源码资本&码脑 活动 2 粉丝 48 +关注 Let's TikTok—TikTok+独立站开环打法增长实战闭门会 （深圳站） 后天 13:30 广东深圳 品牌方舟BrandArk 粉丝  16229 品牌方舟BrandArk 活动 273 粉丝 16229 +关注 逐浪韩国·酷澎领潮 - 2026韩国Coupang卖家私享会 今天 14:00 广东深圳 跨境雅舍 粉丝  8425 跨境雅舍 活动 52 粉丝 8425 +关注 边缘智算·场景共生 2026华强边缘AI产业生态交流会 今天 13:30 广东深圳 华强电子网 粉丝  20234 华强电子网 活动 111 粉丝 20234 +关注 【扫描活动页二维码直接报名！】多平台招商 · 千人卖家盛会 今天 13:30 广东深圳 雨果跨境 粉丝  72881 雨果跨境 活动 1415 粉丝 72881 +关注 3C电子DTC品牌出海论坛 10/21 周三 14:00 广东深圳 雨果跨境 粉丝  72881 雨果跨境 活动 1415 粉丝 72881 +关注 第34届中国(深圳) 国际礼品及家居用品展览会 10/20 周二 ~ 10/23 周五 广东深圳 雨果跨境 粉丝  72881 雨果跨境 活动 1415 粉丝 72881 +关注 新兴市场小众平台出海论坛 10/20 周二 13:30 广东深圳 雨果跨境 粉丝  72881 雨果跨境 活动 1415 粉丝 72881 +关注 阿里国际站 · 外贸出海私享交流会 后天 14:00 广东深圳 外贸加油站 粉丝  8486 外贸加油站 活动 144 粉丝 8486 +关注 外贸B端企业出海增长-AI赋能B2B 后天 14:00 广东深圳 外贸加油站 粉丝  8486 外贸加油站 活动 144 粉丝 8486 +关注,,,,https://www.huodongxing.com/event/7878493402911,,免费,活动行,广东省,深圳,活动行平台支付/报名
澳洲阿德莱德大学见面会（深圳站）,,网站导航 热门站点 全国站 北京站 上海站 广州站 深圳站 杭州站 武汉站 成都站 长沙站 精选推荐 首页 行业 生活 学习 找活动 找主办方 专题精选 人气榜 下载App 更多服务 找场地 活动百宝箱 主办方管理中心 主办方vip 活动行管家 大会解决方案 关注活动行 | 小程序 | 帮助中心 深圳 当前定位城市: 热门城市: 全国 北京 上海 广州 深圳 杭州 武汉 成都 长沙 南京 重庆 苏州 其它城市: 西安 郑州 厦门 天津 宁波 青岛 东莞 佛山 济南 珠海 合肥 福州 石家庄 昆明 查找更多城市 > 首页 分类 解决方案 场景方案 线上峰会/研讨会 从宣传推广、名单收集、直播互动、线下拍摄/导播、数据分析等一站式直播解决方案 活动行企业版 专为对品牌、数据安全要求较高的企业/商会协会/会展公司等打造的活动管理系统 数字云展厅 定制图文音视频展厅/元宇宙展厅，独立的展商详情页、商机收集等 私有化部署 快速私有化部署企业私有活动管理解决方案，支持阿里云、腾讯云、AWS等 免费创建 下载APP 业务合作 主办方中心 注册 / 登录 推荐 发现活动 人气榜 主办方 精选专题 意见反馈 回到顶部 城市: 全国 北京 上海 深圳 广州 杭州 成都 武汉 重庆 南京 苏州 长沙 西安 厦门 郑州 东莞 青岛 天津 宁波 昆明 香港 澳门 更多城市 分类: 时间: 全部 本周 本周末 1个月内 形式： 线下活动 线上活动 综合排序 最新发布 热门点击 最多参与 潮领全球 智胜未来 —— TikTok Shop 时尚服饰品类私享会 今天 14:00 广东深圳 Nativex 粉丝  1013 Nativex 活动 7 粉丝 1013 +关注 （已成）深圳小红书交流|自媒体，如何起号，运营，变现，技能互换，有效社交 今天 19:30 广东深圳 草莓小饼干 粉丝  658 草莓小饼干 活动 806 粉丝 658 +关注 澳洲阿德莱德大学见面会（深圳站） 10/17 周六 13:30 广东深圳 广东启德教育服务有限公司深圳分公司 粉丝  1119 广东启德教育服务有限公司深圳分公司 活动 176 粉丝 1119 +关注 当 AI 能做的越来越多，一个小而美的创业者，到底靠什么不可替代？ 09/20 周日 13:30 广东深圳 亚马逊云科技 User Group 粉丝  17702 亚马逊云科技 User Group 活动 251 粉丝 17702 +关注 走进腾讯｜AI如何真正进入业务？-腾讯云 × WorkBuddy 企业AI落地实践闭门会 明天 14:00 广东深圳 白鲸出海 粉丝  131831 白鲸出海 活动 650 粉丝 131831 +关注 「帧 · 境」2026 Seko短剧生态私享晚宴 10/23 周五 17:00 广东深圳 「鹿见橙心・短剧观察」 粉丝  960 「鹿见橙心・短剧观察」 活动 3 粉丝 960 +关注 【投资家网】2026 中国 · 智能硬件产业生态大会 10/28 周三 ~ 10/29 周四 广东深圳 投资家网 粉丝  120108 投资家网 活动 281 粉丝 120108 +关注 深圳站丨领航出海·英立潮头———B2B品牌全球化出海沙龙 今天 14:00 广东深圳 融创云学院 粉丝  2315 融创云学院 活动 41 粉丝 2315 +关注 解锁你的内在世界 | 自我探索体验沙龙 今天 19:00 广东深圳 心鹏友 粉丝  80 心鹏友 活动 6 粉丝 80 +关注 数字心理亲子沙龙——读懂孩子天性·告别育儿焦虑 09/27 周日 14:00 广东深圳 2792148*** 粉丝  79 2792148*** 活动 14 粉丝 79 +关注 深圳出海夜聊局｜跟一线操盘手聊聊出海的坑 明天 19:30 广东深圳 源码资本&码脑 粉丝  48 源码资本&码脑 活动 2 粉丝 48 +关注 Let's TikTok—TikTok+独立站开环打法增长实战闭门会 （深圳站） 后天 13:30 广东深圳 品牌方舟BrandArk 粉丝  16229 品牌方舟BrandArk 活动 273 粉丝 16229 +关注 逐浪韩国·酷澎领潮 - 2026韩国Coupang卖家私享会 今天 14:00 广东深圳 跨境雅舍 粉丝  8425 跨境雅舍 活动 52 粉丝 8425 +关注 边缘智算·场景共生 2026华强边缘AI产业生态交流会 今天 13:30 广东深圳 华强电子网 粉丝  20234 华强电子网 活动 111 粉丝 20234 +关注 【扫描活动页二维码直接报名！】多平台招商 · 千人卖家盛会 今天 13:30 广东深圳 雨果跨境 粉丝  72881 雨果跨境 活动 1415 粉丝 72881 +关注 3C电子DTC品牌出海论坛 10/21 周三 14:00 广东深圳 雨果跨境 粉丝  72881 雨果跨境 活动 1415 粉丝 72881 +关注 第34届中国(深圳) 国际礼品及家居用品展览会 10/20 周二 ~ 10/23 周五 广东深圳 雨果跨境 粉丝  72881 雨果跨境 活动 1415 粉丝 72881 +关注 新兴市场小众平台出海论坛 10/20 周二 13:30 广东深圳 雨果跨境 粉丝  72881 雨果跨境 活动 1415 粉丝 72881 +关注 阿里国际站 · 外贸出海私享交流会 后天 14:00 广东深圳 外贸加油站 粉丝  8486 外贸加油站 活动 144 粉丝 8486 +关注 外贸B端企业出海增长-AI赋能B2B 后天 14:00 广东深圳 外贸加油站 粉丝  8486 外贸加油站 活动 144 粉丝 8486 +关注,,,,https://www.huodongxing.com/event/9876597378100,,免费,活动行,广东省,深圳,活动行平台支付/报名
当 AI 能做的越来越多，一个小而美的创业者，到底靠什么不可替代？,,网站导航 热门站点 全国站 北京站 上海站 广州站 深圳站 杭州站 武汉站 成都站 长沙站 精选推荐 首页 行业 生活 学习 找活动 找主办方 专题精选 人气榜 下载App 更多服务 找场地 活动百宝箱 主办方管理中心 主办方vip 活动行管家 大会解决方案 关注活动行 | 小程序 | 帮助中心 深圳 当前定位城市: 热门城市: 全国 北京 上海 广州 深圳 杭州 武汉 成都 长沙 南京 重庆 苏州 其它城市: 西安 郑州 厦门 天津 宁波 青岛 东莞 佛山 济南 珠海 合肥 福州 石家庄 昆明 查找更多城市 > 首页 分类 解决方案 场景方案 线上峰会/研讨会 从宣传推广、名单收集、直播互动、线下拍摄/导播、数据分析等一站式直播解决方案 活动行企业版 专为对品牌、数据安全要求较高的企业/商会协会/会展公司等打造的活动管理系统 数字云展厅 定制图文音视频展厅/元宇宙展厅，独立的展商详情页、商机收集等 私有化部署 快速私有化部署企业私有活动管理解决方案，支持阿里云、腾讯云、AWS等 免费创建 下载APP 业务合作 主办方中心 注册 / 登录 推荐 发现活动 人气榜 主办方 精选专题 意见反馈 回到顶部 城市: 全国 北京 上海 深圳 广州 杭州 成都 武汉 重庆 南京 苏州 长沙 西安 厦门 郑州 东莞 青岛 天津 宁波 昆明 香港 澳门 更多城市 分类: 时间: 全部 本周 本周末 1个月内 形式： 线下活动 线上活动 综合排序 最新发布 热门点击 最多参与 潮领全球 智胜未来 —— TikTok Shop 时尚服饰品类私享会 今天 14:00 广东深圳 Nativex 粉丝  1013 Nativex 活动 7 粉丝 1013 +关注 （已成）深圳小红书交流|自媒体，如何起号，运营，变现，技能互换，有效社交 今天 19:30 广东深圳 草莓小饼干 粉丝  658 草莓小饼干 活动 806 粉丝 658 +关注 澳洲阿德莱德大学见面会（深圳站） 10/17 周六 13:30 广东深圳 广东启德教育服务有限公司深圳分公司 粉丝  1119 广东启德教育服务有限公司深圳分公司 活动 176 粉丝 1119 +关注 当 AI 能做的越来越多，一个小而美的创业者，到底靠什么不可替代？ 09/20 周日 13:30 广东深圳 亚马逊云科技 User Group 粉丝  17702 亚马逊云科技 User Group 活动 251 粉丝 17702 +关注 走进腾讯｜AI如何真正进入业务？-腾讯云 × WorkBuddy 企业AI落地实践闭门会 明天 14:00 广东深圳 白鲸出海 粉丝  131831 白鲸出海 活动 650 粉丝 131831 +关注 「帧 · 境」2026 Seko短剧生态私享晚宴 10/23 周五 17:00 广东深圳 「鹿见橙心・短剧观察」 粉丝  960 「鹿见橙心・短剧观察」 活动 3 粉丝 960 +关注 【投资家网】2026 中国 · 智能硬件产业生态大会 10/28 周三 ~ 10/29 周四 广东深圳 投资家网 粉丝  120108 投资家网 活动 281 粉丝 120108 +关注 深圳站丨领航出海·英立潮头———B2B品牌全球化出海沙龙 今天 14:00 广东深圳 融创云学院 粉丝  2315 融创云学院 活动 41 粉丝 2315 +关注 解锁你的内在世界 | 自我探索体验沙龙 今天 19:00 广东深圳 心鹏友 粉丝  80 心鹏友 活动 6 粉丝 80 +关注 数字心理亲子沙龙——读懂孩子天性·告别育儿焦虑 09/27 周日 14:00 广东深圳 2792148*** 粉丝  79 2792148*** 活动 14 粉丝 79 +关注 深圳出海夜聊局｜跟一线操盘手聊聊出海的坑 明天 19:30 广东深圳 源码资本&码脑 粉丝  48 源码资本&码脑 活动 2 粉丝 48 +关注 Let's TikTok—TikTok+独立站开环打法增长实战闭门会 （深圳站） 后天 13:30 广东深圳 品牌方舟BrandArk 粉丝  16229 品牌方舟BrandArk 活动 273 粉丝 16229 +关注 逐浪韩国·酷澎领潮 - 2026韩国Coupang卖家私享会 今天 14:00 广东深圳 跨境雅舍 粉丝  8425 跨境雅舍 活动 52 粉丝 8425 +关注 边缘智算·场景共生 2026华强边缘AI产业生态交流会 今天 13:30 广东深圳 华强电子网 粉丝  20234 华强电子网 活动 111 粉丝 20234 +关注 【扫描活动页二维码直接报名！】多平台招商 · 千人卖家盛会 今天 13:30 广东深圳 雨果跨境 粉丝  72881 雨果跨境 活动 1415 粉丝 72881 +关注 3C电子DTC品牌出海论坛 10/21 周三 14:00 广东深圳 雨果跨境 粉丝  72881 雨果跨境 活动 1415 粉丝 72881 +关注 第34届中国(深圳) 国际礼品及家居用品展览会 10/20 周二 ~ 10/23 周五 广东深圳 雨果跨境 粉丝  72881 雨果跨境 活动 1415 粉丝 72881 +关注 新兴市场小众平台出海论坛 10/20 周二 13:30 广东深圳 雨果跨境 粉丝  72881 雨果跨境 活动 1415 粉丝 72881 +关注 阿里国际站 · 外贸出海私享交流会 后天 14:00 广东深圳 外贸加油站 粉丝  8486 外贸加油站 活动 144 粉丝 8486 +关注 外贸B端企业出海增长-AI赋能B2B 后天 14:00 广东深圳 外贸加油站 粉丝  8486 外贸加油站 活动 144 粉丝 8486 +关注,,,,https://www.huodongxing.com/event/9877751666300,,免费,活动行,广东省,深圳,活动行平台支付/报名
走进腾讯｜AI如何真正进入业务？-腾讯云 × WorkBuddy 企业AI落地实践闭门会,,网站导航 热门站点 全国站 北京站 上海站 广州站 深圳站 杭州站 武汉站 成都站 长沙站 精选推荐 首页 行业 生活 学习 找活动 找主办方 专题精选 人气榜 下载App 更多服务 找场地 活动百宝箱 主办方管理中心 主办方vip 活动行管家 大会解决方案 关注活动行 | 小程序 | 帮助中心 深圳 当前定位城市: 热门城市: 全国 北京 上海 广州 深圳 杭州 武汉 成都 长沙 南京 重庆 苏州 其它城市: 西安 郑州 厦门 天津 宁波 青岛 东莞 佛山 济南 珠海 合肥 福州 石家庄 昆明 查找更多城市 > 首页 分类 解决方案 场景方案 线上峰会/研讨会 从宣传推广、名单收集、直播互动、线下拍摄/导播、数据分析等一站式直播解决方案 活动行企业版 专为对品牌、数据安全要求较高的企业/商会协会/会展公司等打造的活动管理系统 数字云展厅 定制图文音视频展厅/元宇宙展厅，独立的展商详情页、商机收集等 私有化部署 快速私有化部署企业私有活动管理解决方案，支持阿里云、腾讯云、AWS等 免费创建 下载APP 业务合作 主办方中心 注册 / 登录 推荐 发现活动 人气榜 主办方 精选专题 意见反馈 回到顶部 城市: 全国 北京 上海 深圳 广州 杭州 成都 武汉 重庆 南京 苏州 长沙 西安 厦门 郑州 东莞 青岛 天津 宁波 昆明 香港 澳门 更多城市 分类: 时间: 全部 本周 本周末 1个月内 形式： 线下活动 线上活动 综合排序 最新发布 热门点击 最多参与 潮领全球 智胜未来 —— TikTok Shop 时尚服饰品类私享会 今天 14:00 广东深圳 Nativex 粉丝  1013 Nativex 活动 7 粉丝 1013 +关注 （已成）深圳小红书交流|自媒体，如何起号，运营，变现，技能互换，有效社交 今天 19:30 广东深圳 草莓小饼干 粉丝  658 草莓小饼干 活动 806 粉丝 658 +关注 澳洲阿德莱德大学见面会（深圳站） 10/17 周六 13:30 广东深圳 广东启德教育服务有限公司深圳分公司 粉丝  1119 广东启德教育服务有限公司深圳分公司 活动 176 粉丝 1119 +关注 当 AI 能做的越来越多，一个小而美的创业者，到底靠什么不可替代？ 09/20 周日 13:30 广东深圳 亚马逊云科技 User Group 粉丝  17702 亚马逊云科技 User Group 活动 251 粉丝 17702 +关注 走进腾讯｜AI如何真正进入业务？-腾讯云 × WorkBuddy 企业AI落地实践闭门会 明天 14:00 广东深圳 白鲸出海 粉丝  131831 白鲸出海 活动 650 粉丝 131831 +关注 「帧 · 境」2026 Seko短剧生态私享晚宴 10/23 周五 17:00 广东深圳 「鹿见橙心・短剧观察」 粉丝  960 「鹿见橙心・短剧观察」 活动 3 粉丝 960 +关注 【投资家网】2026 中国 · 智能硬件产业生态大会 10/28 周三 ~ 10/29 周四 广东深圳 投资家网 粉丝  120108 投资家网 活动 281 粉丝 120108 +关注 深圳站丨领航出海·英立潮头———B2B品牌全球化出海沙龙 今天 14:00 广东深圳 融创云学院 粉丝  2315 融创云学院 活动 41 粉丝 2315 +关注 解锁你的内在世界 | 自我探索体验沙龙 今天 19:00 广东深圳 心鹏友 粉丝  80 心鹏友 活动 6 粉丝 80 +关注 数字心理亲子沙龙——读懂孩子天性·告别育儿焦虑 09/27 周日 14:00 广东深圳 2792148*** 粉丝  79 2792148*** 活动 14 粉丝 79 +关注 深圳出海夜聊局｜跟一线操盘手聊聊出海的坑 明天 19:30 广东深圳 源码资本&码脑 粉丝  48 源码资本&码脑 活动 2 粉丝 48 +关注 Let's TikTok—TikTok+独立站开环打法增长实战闭门会 （深圳站） 后天 13:30 广东深圳 品牌方舟BrandArk 粉丝  16229 品牌方舟BrandArk 活动 273 粉丝 16229 +关注 逐浪韩国·酷澎领潮 - 2026韩国Coupang卖家私享会 今天 14:00 广东深圳 跨境雅舍 粉丝  8425 跨境雅舍 活动 52 粉丝 8425 +关注 边缘智算·场景共生 2026华强边缘AI产业生态交流会 今天 13:30 广东深圳 华强电子网 粉丝  20234 华强电子网 活动 111 粉丝 20234 +关注 【扫描活动页二维码直接报名！】多平台招商 · 千人卖家盛会 今天 13:30 广东深圳 雨果跨境 粉丝  72881 雨果跨境 活动 1415 粉丝 72881 +关注 3C电子DTC品牌出海论坛 10/21 周三 14:00 广东深圳 雨果跨境 粉丝  72881 雨果跨境 活动 1415 粉丝 72881 +关注 第34届中国(深圳) 国际礼品及家居用品展览会 10/20 周二 ~ 10/23 周五 广东深圳 雨果跨境 粉丝  72881 雨果跨境 活动 1415 粉丝 72881 +关注 新兴市场小众平台出海论坛 10/20 周二 13:30 广东深圳 雨果跨境 粉丝  72881 雨果跨境 活动 1415 粉丝 72881 +关注 阿里国际站 · 外贸出海私享交流会 后天 14:00 广东深圳 外贸加油站 粉丝  8486 外贸加油站 活动 144 粉丝 8486 +关注 外贸B端企业出海增长-AI赋能B2B 后天 14:00 广东深圳 外贸加油站 粉丝  8486 外贸加油站 活动 144 粉丝 8486 +关注,,,,https://www.huodongxing.com/event/9875918726000,,免费,活动行,广东省,深圳,活动行平台支付/报名
「帧 · 境」2026 Seko短剧生态私享晚宴,,网站导航 热门站点 全国站 北京站 上海站 广州站 深圳站 杭州站 武汉站 成都站 长沙站 精选推荐 首页 行业 生活 学习 找活动 找主办方 专题精选 人气榜 下载App 更多服务 找场地 活动百宝箱 主办方管理中心 主办方vip 活动行管家 大会解决方案 关注活动行 | 小程序 | 帮助中心 深圳 当前定位城市: 热门城市: 全国 北京 上海 广州 深圳 杭州 武汉 成都 长沙 南京 重庆 苏州 其它城市: 西安 郑州 厦门 天津 宁波 青岛 东莞 佛山 济南 珠海 合肥 福州 石家庄 昆明 查找更多城市 > 首页 分类 解决方案 场景方案 线上峰会/研讨会 从宣传推广、名单收集、直播互动、线下拍摄/导播、数据分析等一站式直播解决方案 活动行企业版 专为对品牌、数据安全要求较高的企业/商会协会/会展公司等打造的活动管理系统 数字云展厅 定制图文音视频展厅/元宇宙展厅，独立的展商详情页、商机收集等 私有化部署 快速私有化部署企业私有活动管理解决方案，支持阿里云、腾讯云、AWS等 免费创建 下载APP 业务合作 主办方中心 注册 / 登录 推荐 发现活动 人气榜 主办方 精选专题 意见反馈 回到顶部 城市: 全国 北京 上海 深圳 广州 杭州 成都 武汉 重庆 南京 苏州 长沙 西安 厦门 郑州 东莞 青岛 天津 宁波 昆明 香港 澳门 更多城市 分类: 时间: 全部 本周 本周末 1个月内 形式： 线下活动 线上活动 综合排序 最新发布 热门点击 最多参与 潮领全球 智胜未来 —— TikTok Shop 时尚服饰品类私享会 今天 14:00 广东深圳 Nativex 粉丝  1013 Nativex 活动 7 粉丝 1013 +关注 （已成）深圳小红书交流|自媒体，如何起号，运营，变现，技能互换，有效社交 今天 19:30 广东深圳 草莓小饼干 粉丝  658 草莓小饼干 活动 806 粉丝 658 +关注 澳洲阿德莱德大学见面会（深圳站） 10/17 周六 13:30 广东深圳 广东启德教育服务有限公司深圳分公司 粉丝  1119 广东启德教育服务有限公司深圳分公司 活动 176 粉丝 1119 +关注 当 AI 能做的越来越多，一个小而美的创业者，到底靠什么不可替代？ 09/20 周日 13:30 广东深圳 亚马逊云科技 User Group 粉丝  17702 亚马逊云科技 User Group 活动 251 粉丝 17702 +关注 走进腾讯｜AI如何真正进入业务？-腾讯云 × WorkBuddy 企业AI落地实践闭门会 明天 14:00 广东深圳 白鲸出海 粉丝  131831 白鲸出海 活动 650 粉丝 131831 +关注 「帧 · 境」2026 Seko短剧生态私享晚宴 10/23 周五 17:00 广东深圳 「鹿见橙心・短剧观察」 粉丝  960 「鹿见橙心・短剧观察」 活动 3 粉丝 960 +关注 【投资家网】2026 中国 · 智能硬件产业生态大会 10/28 周三 ~ 10/29 周四 广东深圳 投资家网 粉丝  120108 投资家网 活动 281 粉丝 120108 +关注 深圳站丨领航出海·英立潮头———B2B品牌全球化出海沙龙 今天 14:00 广东深圳 融创云学院 粉丝  2315 融创云学院 活动 41 粉丝 2315 +关注 解锁你的内在世界 | 自我探索体验沙龙 今天 19:00 广东深圳 心鹏友 粉丝  80 心鹏友 活动 6 粉丝 80 +关注 数字心理亲子沙龙——读懂孩子天性·告别育儿焦虑 09/27 周日 14:00 广东深圳 2792148*** 粉丝  79 2792148*** 活动 14 粉丝 79 +关注 深圳出海夜聊局｜跟一线操盘手聊聊出海的坑 明天 19:30 广东深圳 源码资本&码脑 粉丝  48 源码资本&码脑 活动 2 粉丝 48 +关注 Let's TikTok—TikTok+独立站开环打法增长实战闭门会 （深圳站） 后天 13:30 广东深圳 品牌方舟BrandArk 粉丝  16229 品牌方舟BrandArk 活动 273 粉丝 16229 +关注 逐浪韩国·酷澎领潮 - 2026韩国Coupang卖家私享会 今天 14:00 广东深圳 跨境雅舍 粉丝  8425 跨境雅舍 活动 52 粉丝 8425 +关注 边缘智算·场景共生 2026华强边缘AI产业生态交流会 今天 13:30 广东深圳 华强电子网 粉丝  20234 华强电子网 活动 111 粉丝 20234 +关注 【扫描活动页二维码直接报名！】多平台招商 · 千人卖家盛会 今天 13:30 广东深圳 雨果跨境 粉丝  72881 雨果跨境 活动 1415 粉丝 72881 +关注 3C电子DTC品牌出海论坛 10/21 周三 14:00 广东深圳 雨果跨境 粉丝  72881 雨果跨境 活动 1415 粉丝 72881 +关注 第34届中国(深圳) 国际礼品及家居用品展览会 10/20 周二 ~ 10/23 周五 广东深圳 雨果跨境 粉丝  72881 雨果跨境 活动 1415 粉丝 72881 +关注 新兴市场小众平台出海论坛 10/20 周二 13:30 广东深圳 雨果跨境 粉丝  72881 雨果跨境 活动 1415 粉丝 72881 +关注 阿里国际站 · 外贸出海私享交流会 后天 14:00 广东深圳 外贸加油站 粉丝  8486 外贸加油站 活动 144 粉丝 8486 +关注 外贸B端企业出海增长-AI赋能B2B 后天 14:00 广东深圳 外贸加油站 粉丝  8486 外贸加油站 活动 144 粉丝 8486 +关注,,,,https://www.huodongxing.com/event/8877609950300,,免费,活动行,广东省,深圳,活动行平台支付/报名
【投资家网】2026 中国 · 智能硬件产业生态大会,,网站导航 热门站点 全国站 北京站 上海站 广州站 深圳站 杭州站 武汉站 成都站 长沙站 精选推荐 首页 行业 生活 学习 找活动 找主办方 专题精选 人气榜 下载App 更多服务 找场地 活动百宝箱 主办方管理中心 主办方vip 活动行管家 大会解决方案 关注活动行 | 小程序 | 帮助中心 深圳 当前定位城市: 热门城市: 全国 北京 上海 广州 深圳 杭州 武汉 成都 长沙 南京 重庆 苏州 其它城市: 西安 郑州 厦门 天津 宁波 青岛 东莞 佛山 济南 珠海 合肥 福州 石家庄 昆明 查找更多城市 > 首页 分类 解决方案 场景方案 线上峰会/研讨会 从宣传推广、名单收集、直播互动、线下拍摄/导播、数据分析等一站式直播解决方案 活动行企业版 专为对品牌、数据安全要求较高的企业/商会协会/会展公司等打造的活动管理系统 数字云展厅 定制图文音视频展厅/元宇宙展厅，独立的展商详情页、商机收集等 私有化部署 快速私有化部署企业私有活动管理解决方案，支持阿里云、腾讯云、AWS等 免费创建 下载APP 业务合作 主办方中心 注册 / 登录 推荐 发现活动 人气榜 主办方 精选专题 意见反馈 回到顶部 城市: 全国 北京 上海 深圳 广州 杭州 成都 武汉 重庆 南京 苏州 长沙 西安 厦门 郑州 东莞 青岛 天津 宁波 昆明 香港 澳门 更多城市 分类: 时间: 全部 本周 本周末 1个月内 形式： 线下活动 线上活动 综合排序 最新发布 热门点击 最多参与 潮领全球 智胜未来 —— TikTok Shop 时尚服饰品类私享会 今天 14:00 广东深圳 Nativex 粉丝  1013 Nativex 活动 7 粉丝 1013 +关注 （已成）深圳小红书交流|自媒体，如何起号，运营，变现，技能互换，有效社交 今天 19:30 广东深圳 草莓小饼干 粉丝  658 草莓小饼干 活动 806 粉丝 658 +关注 澳洲阿德莱德大学见面会（深圳站） 10/17 周六 13:30 广东深圳 广东启德教育服务有限公司深圳分公司 粉丝  1119 广东启德教育服务有限公司深圳分公司 活动 176 粉丝 1119 +关注 当 AI 能做的越来越多，一个小而美的创业者，到底靠什么不可替代？ 09/20 周日 13:30 广东深圳 亚马逊云科技 User Group 粉丝  17702 亚马逊云科技 User Group 活动 251 粉丝 17702 +关注 走进腾讯｜AI如何真正进入业务？-腾讯云 × WorkBuddy 企业AI落地实践闭门会 明天 14:00 广东深圳 白鲸出海 粉丝  131831 白鲸出海 活动 650 粉丝 131831 +关注 「帧 · 境」2026 Seko短剧生态私享晚宴 10/23 周五 17:00 广东深圳 「鹿见橙心・短剧观察」 粉丝  960 「鹿见橙心・短剧观察」 活动 3 粉丝 960 +关注 【投资家网】2026 中国 · 智能硬件产业生态大会 10/28 周三 ~ 10/29 周四 广东深圳 投资家网 粉丝  120108 投资家网 活动 281 粉丝 120108 +关注 深圳站丨领航出海·英立潮头———B2B品牌全球化出海沙龙 今天 14:00 广东深圳 融创云学院 粉丝  2315 融创云学院 活动 41 粉丝 2315 +关注 解锁你的内在世界 | 自我探索体验沙龙 今天 19:00 广东深圳 心鹏友 粉丝  80 心鹏友 活动 6 粉丝 80 +关注 数字心理亲子沙龙——读懂孩子天性·告别育儿焦虑 09/27 周日 14:00 广东深圳 2792148*** 粉丝  79 2792148*** 活动 14 粉丝 79 +关注 深圳出海夜聊局｜跟一线操盘手聊聊出海的坑 明天 19:30 广东深圳 源码资本&码脑 粉丝  48 源码资本&码脑 活动 2 粉丝 48 +关注 Let's TikTok—TikTok+独立站开环打法增长实战闭门会 （深圳站） 后天 13:30 广东深圳 品牌方舟BrandArk 粉丝  16229 品牌方舟BrandArk 活动 273 粉丝 16229 +关注 逐浪韩国·酷澎领潮 - 2026韩国Coupang卖家私享会 今天 14:00 广东深圳 跨境雅舍 粉丝  8425 跨境雅舍 活动 52 粉丝 8425 +关注 边缘智算·场景共生 2026华强边缘AI产业生态交流会 今天 13:30 广东深圳 华强电子网 粉丝  20234 华强电子网 活动 111 粉丝 20234 +关注 【扫描活动页二维码直接报名！】多平台招商 · 千人卖家盛会 今天 13:30 广东深圳 雨果跨境 粉丝  72881 雨果跨境 活动 1415 粉丝 72881 +关注 3C电子DTC品牌出海论坛 10/21 周三 14:00 广东深圳 雨果跨境 粉丝  72881 雨果跨境 活动 1415 粉丝 72881 +关注 第34届中国(深圳) 国际礼品及家居用品展览会 10/20 周二 ~ 10/23 周五 广东深圳 雨果跨境 粉丝  72881 雨果跨境 活动 1415 粉丝 72881 +关注 新兴市场小众平台出海论坛 10/20 周二 13:30 广东深圳 雨果跨境 粉丝  72881 雨果跨境 活动 1415 粉丝 72881 +关注 阿里国际站 · 外贸出海私享交流会 后天 14:00 广东深圳 外贸加油站 粉丝  8486 外贸加油站 活动 144 粉丝 8486 +关注 外贸B端企业出海增长-AI赋能B2B 后天 14:00 广东深圳 外贸加油站 粉丝  8486 外贸加油站 活动 144 粉丝 8486 +关注,,,,https://www.huodongxing.com/event/5866699720900,,免费,活动行,广东省,深圳,活动行平台支付/报名
深圳站丨领航出海·英立潮头———B2B品牌全球化出海沙龙,,网站导航 热门站点 全国站 北京站 上海站 广州站 深圳站 杭州站 武汉站 成都站 长沙站 精选推荐 首页 行业 生活 学习 找活动 找主办方 专题精选 人气榜 下载App 更多服务 找场地 活动百宝箱 主办方管理中心 主办方vip 活动行管家 大会解决方案 关注活动行 | 小程序 | 帮助中心 深圳 当前定位城市: 热门城市: 全国 北京 上海 广州 深圳 杭州 武汉 成都 长沙 南京 重庆 苏州 其它城市: 西安 郑州 厦门 天津 宁波 青岛 东莞 佛山 济南 珠海 合肥 福州 石家庄 昆明 查找更多城市 > 首页 分类 解决方案 场景方案 线上峰会/研讨会 从宣传推广、名单收集、直播互动、线下拍摄/导播、数据分析等一站式直播解决方案 活动行企业版 专为对品牌、数据安全要求较高的企业/商会协会/会展公司等打造的活动管理系统 数字云展厅 定制图文音视频展厅/元宇宙展厅，独立的展商详情页、商机收集等 私有化部署 快速私有化部署企业私有活动管理解决方案，支持阿里云、腾讯云、AWS等 免费创建 下载APP 业务合作 主办方中心 注册 / 登录 推荐 发现活动 人气榜 主办方 精选专题 意见反馈 回到顶部 城市: 全国 北京 上海 深圳 广州 杭州 成都 武汉 重庆 南京 苏州 长沙 西安 厦门 郑州 东莞 青岛 天津 宁波 昆明 香港 澳门 更多城市 分类: 时间: 全部 本周 本周末 1个月内 形式： 线下活动 线上活动 综合排序 最新发布 热门点击 最多参与 潮领全球 智胜未来 —— TikTok Shop 时尚服饰品类私享会 今天 14:00 广东深圳 Nativex 粉丝  1013 Nativex 活动 7 粉丝 1013 +关注 （已成）深圳小红书交流|自媒体，如何起号，运营，变现，技能互换，有效社交 今天 19:30 广东深圳 草莓小饼干 粉丝  658 草莓小饼干 活动 806 粉丝 658 +关注 澳洲阿德莱德大学见面会（深圳站） 10/17 周六 13:30 广东深圳 广东启德教育服务有限公司深圳分公司 粉丝  1119 广东启德教育服务有限公司深圳分公司 活动 176 粉丝 1119 +关注 当 AI 能做的越来越多，一个小而美的创业者，到底靠什么不可替代？ 09/20 周日 13:30 广东深圳 亚马逊云科技 User Group 粉丝  17702 亚马逊云科技 User Group 活动 251 粉丝 17702 +关注 走进腾讯｜AI如何真正进入业务？-腾讯云 × WorkBuddy 企业AI落地实践闭门会 明天 14:00 广东深圳 白鲸出海 粉丝  131831 白鲸出海 活动 650 粉丝 131831 +关注 「帧 · 境」2026 Seko短剧生态私享晚宴 10/23 周五 17:00 广东深圳 「鹿见橙心・短剧观察」 粉丝  960 「鹿见橙心・短剧观察」 活动 3 粉丝 960 +关注 【投资家网】2026 中国 · 智能硬件产业生态大会 10/28 周三 ~ 10/29 周四 广东深圳 投资家网 粉丝  120108 投资家网 活动 281 粉丝 120108 +关注 深圳站丨领航出海·英立潮头———B2B品牌全球化出海沙龙 今天 14:00 广东深圳 融创云学院 粉丝  2315 融创云学院 活动 41 粉丝 2315 +关注 解锁你的内在世界 | 自我探索体验沙龙 今天 19:00 广东深圳 心鹏友 粉丝  80 心鹏友 活动 6 粉丝 80 +关注 数字心理亲子沙龙——读懂孩子天性·告别育儿焦虑 09/27 周日 14:00 广东深圳 2792148*** 粉丝  79 2792148*** 活动 14 粉丝 79 +关注 深圳出海夜聊局｜跟一线操盘手聊聊出海的坑 明天 19:30 广东深圳 源码资本&码脑 粉丝  48 源码资本&码脑 活动 2 粉丝 48 +关注 Let's TikTok—TikTok+独立站开环打法增长实战闭门会 （深圳站） 后天 13:30 广东深圳 品牌方舟BrandArk 粉丝  16229 品牌方舟BrandArk 活动 273 粉丝 16229 +关注 逐浪韩国·酷澎领潮 - 2026韩国Coupang卖家私享会 今天 14:00 广东深圳 跨境雅舍 粉丝  8425 跨境雅舍 活动 52 粉丝 8425 +关注 边缘智算·场景共生 2026华强边缘AI产业生态交流会 今天 13:30 广东深圳 华强电子网 粉丝  20234 华强电子网 活动 111 粉丝 20234 +关注 【扫描活动页二维码直接报名！】多平台招商 · 千人卖家盛会 今天 13:30 广东深圳 雨果跨境 粉丝  72881 雨果跨境 活动 1415 粉丝 72881 +关注 3C电子DTC品牌出海论坛 10/21 周三 14:00 广东深圳 雨果跨境 粉丝  72881 雨果跨境 活动 1415 粉丝 72881 +关注 第34届中国(深圳) 国际礼品及家居用品展览会 10/20 周二 ~ 10/23 周五 广东深圳 雨果跨境 粉丝  72881 雨果跨境 活动 1415 粉丝 72881 +关注 新兴市场小众平台出海论坛 10/20 周二 13:30 广东深圳 雨果跨境 粉丝  72881 雨果跨境 活动 1415 粉丝 72881 +关注 阿里国际站 · 外贸出海私享交流会 后天 14:00 广东深圳 外贸加油站 粉丝  8486 外贸加油站 活动 144 粉丝 8486 +关注 外贸B端企业出海增长-AI赋能B2B 后天 14:00 广东深圳 外贸加油站 粉丝  8486 外贸加油站 活动 144 粉丝 8486 +关注,,,,https://www.huodongxing.com/event/5866973941400,,免费,活动行,广东省,深圳,活动行平台支付/报名
解锁你的内在世界 | 自我探索体验沙龙,,网站导航 热门站点 全国站 北京站 上海站 广州站 深圳站 杭州站 武汉站 成都站 长沙站 精选推荐 首页 行业 生活 学习 找活动 找主办方 专题精选 人气榜 下载App 更多服务 找场地 活动百宝箱 主办方管理中心 主办方vip 活动行管家 大会解决方案 关注活动行 | 小程序 | 帮助中心 深圳 当前定位城市: 热门城市: 全国 北京 上海 广州 深圳 杭州 武汉 成都 长沙 南京 重庆 苏州 其它城市: 西安 郑州 厦门 天津 宁波 青岛 东莞 佛山 济南 珠海 合肥 福州 石家庄 昆明 查找更多城市 > 首页 分类 解决方案 场景方案 线上峰会/研讨会 从宣传推广、名单收集、直播互动、线下拍摄/导播、数据分析等一站式直播解决方案 活动行企业版 专为对品牌、数据安全要求较高的企业/商会协会/会展公司等打造的活动管理系统 数字云展厅 定制图文音视频展厅/元宇宙展厅，独立的展商详情页、商机收集等 私有化部署 快速私有化部署企业私有活动管理解决方案，支持阿里云、腾讯云、AWS等 免费创建 下载APP 业务合作 主办方中心 注册 / 登录 推荐 发现活动 人气榜 主办方 精选专题 意见反馈 回到顶部 城市: 全国 北京 上海 深圳 广州 杭州 成都 武汉 重庆 南京 苏州 长沙 西安 厦门 郑州 东莞 青岛 天津 宁波 昆明 香港 澳门 更多城市 分类: 时间: 全部 本周 本周末 1个月内 形式： 线下活动 线上活动 综合排序 最新发布 热门点击 最多参与 潮领全球 智胜未来 —— TikTok Shop 时尚服饰品类私享会 今天 14:00 广东深圳 Nativex 粉丝  1013 Nativex 活动 7 粉丝 1013 +关注 （已成）深圳小红书交流|自媒体，如何起号，运营，变现，技能互换，有效社交 今天 19:30 广东深圳 草莓小饼干 粉丝  658 草莓小饼干 活动 806 粉丝 658 +关注 澳洲阿德莱德大学见面会（深圳站） 10/17 周六 13:30 广东深圳 广东启德教育服务有限公司深圳分公司 粉丝  1119 广东启德教育服务有限公司深圳分公司 活动 176 粉丝 1119 +关注 当 AI 能做的越来越多，一个小而美的创业者，到底靠什么不可替代？ 09/20 周日 13:30 广东深圳 亚马逊云科技 User Group 粉丝  17702 亚马逊云科技 User Group 活动 251 粉丝 17702 +关注 走进腾讯｜AI如何真正进入业务？-腾讯云 × WorkBuddy 企业AI落地实践闭门会 明天 14:00 广东深圳 白鲸出海 粉丝  131831 白鲸出海 活动 650 粉丝 131831 +关注 「帧 · 境」2026 Seko短剧生态私享晚宴 10/23 周五 17:00 广东深圳 「鹿见橙心・短剧观察」 粉丝  960 「鹿见橙心・短剧观察」 活动 3 粉丝 960 +关注 【投资家网】2026 中国 · 智能硬件产业生态大会 10/28 周三 ~ 10/29 周四 广东深圳 投资家网 粉丝  120108 投资家网 活动 281 粉丝 120108 +关注 深圳站丨领航出海·英立潮头———B2B品牌全球化出海沙龙 今天 14:00 广东深圳 融创云学院 粉丝  2315 融创云学院 活动 41 粉丝 2315 +关注 解锁你的内在世界 | 自我探索体验沙龙 今天 19:00 广东深圳 心鹏友 粉丝  80 心鹏友 活动 6 粉丝 80 +关注 数字心理亲子沙龙——读懂孩子天性·告别育儿焦虑 09/27 周日 14:00 广东深圳 2792148*** 粉丝  79 2792148*** 活动 14 粉丝 79 +关注 深圳出海夜聊局｜跟一线操盘手聊聊出海的坑 明天 19:30 广东深圳 源码资本&码脑 粉丝  48 源码资本&码脑 活动 2 粉丝 48 +关注 Let's TikTok—TikTok+独立站开环打法增长实战闭门会 （深圳站） 后天 13:30 广东深圳 品牌方舟BrandArk 粉丝  16229 品牌方舟BrandArk 活动 273 粉丝 16229 +关注 逐浪韩国·酷澎领潮 - 2026韩国Coupang卖家私享会 今天 14:00 广东深圳 跨境雅舍 粉丝  8425 跨境雅舍 活动 52 粉丝 8425 +关注 边缘智算·场景共生 2026华强边缘AI产业生态交流会 今天 13:30 广东深圳 华强电子网 粉丝  20234 华强电子网 活动 111 粉丝 20234 +关注 【扫描活动页二维码直接报名！】多平台招商 · 千人卖家盛会 今天 13:30 广东深圳 雨果跨境 粉丝  72881 雨果跨境 活动 1415 粉丝 72881 +关注 3C电子DTC品牌出海论坛 10/21 周三 14:00 广东深圳 雨果跨境 粉丝  72881 雨果跨境 活动 1415 粉丝 72881 +关注 第34届中国(深圳) 国际礼品及家居用品展览会 10/20 周二 ~ 10/23 周五 广东深圳 雨果跨境 粉丝  72881 雨果跨境 活动 1415 粉丝 72881 +关注 新兴市场小众平台出海论坛 10/20 周二 13:30 广东深圳 雨果跨境 粉丝  72881 雨果跨境 活动 1415 粉丝 72881 +关注 阿里国际站 · 外贸出海私享交流会 后天 14:00 广东深圳 外贸加油站 粉丝  8486 外贸加油站 活动 144 粉丝 8486 +关注 外贸B端企业出海增长-AI赋能B2B 后天 14:00 广东深圳 外贸加油站 粉丝  8486 外贸加油站 活动 144 粉丝 8486 +关注,,,,https://www.huodongxing.com/event/7878469939500,,免费,活动行,广东省,深圳,活动行平台支付/报名
数字心理亲子沙龙——读懂孩子天性·告别育儿焦虑,,网站导航 热门站点 全国站 北京站 上海站 广州站 深圳站 杭州站 武汉站 成都站 长沙站 精选推荐 首页 行业 生活 学习 找活动 找主办方 专题精选 人气榜 下载App 更多服务 找场地 活动百宝箱 主办方管理中心 主办方vip 活动行管家 大会解决方案 关注活动行 | 小程序 | 帮助中心 深圳 当前定位城市: 热门城市: 全国 北京 上海 广州 深圳 杭州 武汉 成都 长沙 南京 重庆 苏州 其它城市: 西安 郑州 厦门 天津 宁波 青岛 东莞 佛山 济南 珠海 合肥 福州 石家庄 昆明 查找更多城市 > 首页 分类 解决方案 场景方案 线上峰会/研讨会 从宣传推广、名单收集、直播互动、线下拍摄/导播、数据分析等一站式直播解决方案 活动行企业版 专为对品牌、数据安全要求较高的企业/商会协会/会展公司等打造的活动管理系统 数字云展厅 定制图文音视频展厅/元宇宙展厅，独立的展商详情页、商机收集等 私有化部署 快速私有化部署企业私有活动管理解决方案，支持阿里云、腾讯云、AWS等 免费创建 下载APP 业务合作 主办方中心 注册 / 登录 推荐 发现活动 人气榜 主办方 精选专题 意见反馈 回到顶部 城市: 全国 北京 上海 深圳 广州 杭州 成都 武汉 重庆 南京 苏州 长沙 西安 厦门 郑州 东莞 青岛 天津 宁波 昆明 香港 澳门 更多城市 分类: 时间: 全部 本周 本周末 1个月内 形式： 线下活动 线上活动 综合排序 最新发布 热门点击 最多参与 潮领全球 智胜未来 —— TikTok Shop 时尚服饰品类私享会 今天 14:00 广东深圳 Nativex 粉丝  1013 Nativex 活动 7 粉丝 1013 +关注 （已成）深圳小红书交流|自媒体，如何起号，运营，变现，技能互换，有效社交 今天 19:30 广东深圳 草莓小饼干 粉丝  658 草莓小饼干 活动 806 粉丝 658 +关注 澳洲阿德莱德大学见面会（深圳站） 10/17 周六 13:30 广东深圳 广东启德教育服务有限公司深圳分公司 粉丝  1119 广东启德教育服务有限公司深圳分公司 活动 176 粉丝 1119 +关注 当 AI 能做的越来越多，一个小而美的创业者，到底靠什么不可替代？ 09/20 周日 13:30 广东深圳 亚马逊云科技 User Group 粉丝  17702 亚马逊云科技 User Group 活动 251 粉丝 17702 +关注 走进腾讯｜AI如何真正进入业务？-腾讯云 × WorkBuddy 企业AI落地实践闭门会 明天 14:00 广东深圳 白鲸出海 粉丝  131831 白鲸出海 活动 650 粉丝 131831 +关注 「帧 · 境」2026 Seko短剧生态私享晚宴 10/23 周五 17:00 广东深圳 「鹿见橙心・短剧观察」 粉丝  960 「鹿见橙心・短剧观察」 活动 3 粉丝 960 +关注 【投资家网】2026 中国 · 智能硬件产业生态大会 10/28 周三 ~ 10/29 周四 广东深圳 投资家网 粉丝  120108 投资家网 活动 281 粉丝 120108 +关注 深圳站丨领航出海·英立潮头———B2B品牌全球化出海沙龙 今天 14:00 广东深圳 融创云学院 粉丝  2315 融创云学院 活动 41 粉丝 2315 +关注 解锁你的内在世界 | 自我探索体验沙龙 今天 19:00 广东深圳 心鹏友 粉丝  80 心鹏友 活动 6 粉丝 80 +关注 数字心理亲子沙龙——读懂孩子天性·告别育儿焦虑 09/27 周日 14:00 广东深圳 2792148*** 粉丝  79 2792148*** 活动 14 粉丝 79 +关注 深圳出海夜聊局｜跟一线操盘手聊聊出海的坑 明天 19:30 广东深圳 源码资本&码脑 粉丝  48 源码资本&码脑 活动 2 粉丝 48 +关注 Let's TikTok—TikTok+独立站开环打法增长实战闭门会 （深圳站） 后天 13:30 广东深圳 品牌方舟BrandArk 粉丝  16229 品牌方舟BrandArk 活动 273 粉丝 16229 +关注 逐浪韩国·酷澎领潮 - 2026韩国Coupang卖家私享会 今天 14:00 广东深圳 跨境雅舍 粉丝  8425 跨境雅舍 活动 52 粉丝 8425 +关注 边缘智算·场景共生 2026华强边缘AI产业生态交流会 今天 13:30 广东深圳 华强电子网 粉丝  20234 华强电子网 活动 111 粉丝 20234 +关注 【扫描活动页二维码直接报名！】多平台招商 · 千人卖家盛会 今天 13:30 广东深圳 雨果跨境 粉丝  72881 雨果跨境 活动 1415 粉丝 72881 +关注 3C电子DTC品牌出海论坛 10/21 周三 14:00 广东深圳 雨果跨境 粉丝  72881 雨果跨境 活动 1415 粉丝 72881 +关注 第34届中国(深圳) 国际礼品及家居用品展览会 10/20 周二 ~ 10/23 周五 广东深圳 雨果跨境 粉丝  72881 雨果跨境 活动 1415 粉丝 72881 +关注 新兴市场小众平台出海论坛 10/20 周二 13:30 广东深圳 雨果跨境 粉丝  72881 雨果跨境 活动 1415 粉丝 72881 +关注 阿里国际站 · 外贸出海私享交流会 后天 14:00 广东深圳 外贸加油站 粉丝  8486 外贸加油站 活动 144 粉丝 8486 +关注 外贸B端企业出海增长-AI赋能B2B 后天 14:00 广东深圳 外贸加油站 粉丝  8486 外贸加油站 活动 144 粉丝 8486 +关注,,,,https://www.huodongxing.com/event/7876054951900,,免费,活动行,广东省,深圳,活动行平台支付/报名
深圳出海夜聊局｜跟一线操盘手聊聊出海的坑,,网站导航 热门站点 全国站 北京站 上海站 广州站 深圳站 杭州站 武汉站 成都站 长沙站 精选推荐 首页 行业 生活 学习 找活动 找主办方 专题精选 人气榜 下载App 更多服务 找场地 活动百宝箱 主办方管理中心 主办方vip 活动行管家 大会解决方案 关注活动行 | 小程序 | 帮助中心 深圳 当前定位城市: 热门城市: 全国 北京 上海 广州 深圳 杭州 武汉 成都 长沙 南京 重庆 苏州 其它城市: 西安 郑州 厦门 天津 宁波 青岛 东莞 佛山 济南 珠海 合肥 福州 石家庄 昆明 查找更多城市 > 首页 分类 解决方案 场景方案 线上峰会/研讨会 从宣传推广、名单收集、直播互动、线下拍摄/导播、数据分析等一站式直播解决方案 活动行企业版 专为对品牌、数据安全要求较高的企业/商会协会/会展公司等打造的活动管理系统 数字云展厅 定制图文音视频展厅/元宇宙展厅，独立的展商详情页、商机收集等 私有化部署 快速私有化部署企业私有活动管理解决方案，支持阿里云、腾讯云、AWS等 免费创建 下载APP 业务合作 主办方中心 注册 / 登录 推荐 发现活动 人气榜 主办方 精选专题 意见反馈 回到顶部 城市: 全国 北京 上海 深圳 广州 杭州 成都 武汉 重庆 南京 苏州 长沙 西安 厦门 郑州 东莞 青岛 天津 宁波 昆明 香港 澳门 更多城市 分类: 时间: 全部 本周 本周末 1个月内 形式： 线下活动 线上活动 综合排序 最新发布 热门点击 最多参与 潮领全球 智胜未来 —— TikTok Shop 时尚服饰品类私享会 今天 14:00 广东深圳 Nativex 粉丝  1013 Nativex 活动 7 粉丝 1013 +关注 （已成）深圳小红书交流|自媒体，如何起号，运营，变现，技能互换，有效社交 今天 19:30 广东深圳 草莓小饼干 粉丝  658 草莓小饼干 活动 806 粉丝 658 +关注 澳洲阿德莱德大学见面会（深圳站） 10/17 周六 13:30 广东深圳 广东启德教育服务有限公司深圳分公司 粉丝  1119 广东启德教育服务有限公司深圳分公司 活动 176 粉丝 1119 +关注 当 AI 能做的越来越多，一个小而美的创业者，到底靠什么不可替代？ 09/20 周日 13:30 广东深圳 亚马逊云科技 User Group 粉丝  17702 亚马逊云科技 User Group 活动 251 粉丝 17702 +关注 走进腾讯｜AI如何真正进入业务？-腾讯云 × WorkBuddy 企业AI落地实践闭门会 明天 14:00 广东深圳 白鲸出海 粉丝  131831 白鲸出海 活动 650 粉丝 131831 +关注 「帧 · 境」2026 Seko短剧生态私享晚宴 10/23 周五 17:00 广东深圳 「鹿见橙心・短剧观察」 粉丝  960 「鹿见橙心・短剧观察」 活动 3 粉丝 960 +关注 【投资家网】2026 中国 · 智能硬件产业生态大会 10/28 周三 ~ 10/29 周四 广东深圳 投资家网 粉丝  120108 投资家网 活动 281 粉丝 120108 +关注 深圳站丨领航出海·英立潮头———B2B品牌全球化出海沙龙 今天 14:00 广东深圳 融创云学院 粉丝  2315 融创云学院 活动 41 粉丝 2315 +关注 解锁你的内在世界 | 自我探索体验沙龙 今天 19:00 广东深圳 心鹏友 粉丝  80 心鹏友 活动 6 粉丝 80 +关注 数字心理亲子沙龙——读懂孩子天性·告别育儿焦虑 09/27 周日 14:00 广东深圳 2792148*** 粉丝  79 2792148*** 活动 14 粉丝 79 +关注 深圳出海夜聊局｜跟一线操盘手聊聊出海的坑 明天 19:30 广东深圳 源码资本&码脑 粉丝  48 源码资本&码脑 活动 2 粉丝 48 +关注 Let's TikTok—TikTok+独立站开环打法增长实战闭门会 （深圳站） 后天 13:30 广东深圳 品牌方舟BrandArk 粉丝  16229 品牌方舟BrandArk 活动 273 粉丝 16229 +关注 逐浪韩国·酷澎领潮 - 2026韩国Coupang卖家私享会 今天 14:00 广东深圳 跨境雅舍 粉丝  8425 跨境雅舍 活动 52 粉丝 8425 +关注 边缘智算·场景共生 2026华强边缘AI产业生态交流会 今天 13:30 广东深圳 华强电子网 粉丝  20234 华强电子网 活动 111 粉丝 20234 +关注 【扫描活动页二维码直接报名！】多平台招商 · 千人卖家盛会 今天 13:30 广东深圳 雨果跨境 粉丝  72881 雨果跨境 活动 1415 粉丝 72881 +关注 3C电子DTC品牌出海论坛 10/21 周三 14:00 广东深圳 雨果跨境 粉丝  72881 雨果跨境 活动 1415 粉丝 72881 +关注 第34届中国(深圳) 国际礼品及家居用品展览会 10/20 周二 ~ 10/23 周五 广东深圳 雨果跨境 粉丝  72881 雨果跨境 活动 1415 粉丝 72881 +关注 新兴市场小众平台出海论坛 10/20 周二 13:30 广东深圳 雨果跨境 粉丝  72881 雨果跨境 活动 1415 粉丝 72881 +关注 阿里国际站 · 外贸出海私享交流会 后天 14:00 广东深圳 外贸加油站 粉丝  8486 外贸加油站 活动 144 粉丝 8486 +关注 外贸B端企业出海增长-AI赋能B2B 后天 14:00 广东深圳 外贸加油站 粉丝  8486 外贸加油站 活动 144 粉丝 8486 +关注,,,,https://www.huodongxing.com/event/4877754118100,,免费,活动行,广东省,深圳,活动行平台支付/报名
Let's TikTok—TikTok+独立站开环打法增长实战闭门会 （深圳站）,,网站导航 热门站点 全国站 北京站 上海站 广州站 深圳站 杭州站 武汉站 成都站 长沙站 精选推荐 首页 行业 生活 学习 找活动 找主办方 专题精选 人气榜 下载App 更多服务 找场地 活动百宝箱 主办方管理中心 主办方vip 活动行管家 大会解决方案 关注活动行 | 小程序 | 帮助中心 深圳 当前定位城市: 热门城市: 全国 北京 上海 广州 深圳 杭州 武汉 成都 长沙 南京 重庆 苏州 其它城市: 西安 郑州 厦门 天津 宁波 青岛 东莞 佛山 济南 珠海 合肥 福州 石家庄 昆明 查找更多城市 > 首页 分类 解决方案 场景方案 线上峰会/研讨会 从宣传推广、名单收集、直播互动、线下拍摄/导播、数据分析等一站式直播解决方案 活动行企业版 专为对品牌、数据安全要求较高的企业/商会协会/会展公司等打造的活动管理系统 数字云展厅 定制图文音视频展厅/元宇宙展厅，独立的展商详情页、商机收集等 私有化部署 快速私有化部署企业私有活动管理解决方案，支持阿里云、腾讯云、AWS等 免费创建 下载APP 业务合作 主办方中心 注册 / 登录 推荐 发现活动 人气榜 主办方 精选专题 意见反馈 回到顶部 城市: 全国 北京 上海 深圳 广州 杭州 成都 武汉 重庆 南京 苏州 长沙 西安 厦门 郑州 东莞 青岛 天津 宁波 昆明 香港 澳门 更多城市 分类: 时间: 全部 本周 本周末 1个月内 形式： 线下活动 线上活动 综合排序 最新发布 热门点击 最多参与 潮领全球 智胜未来 —— TikTok Shop 时尚服饰品类私享会 今天 14:00 广东深圳 Nativex 粉丝  1013 Nativex 活动 7 粉丝 1013 +关注 （已成）深圳小红书交流|自媒体，如何起号，运营，变现，技能互换，有效社交 今天 19:30 广东深圳 草莓小饼干 粉丝  658 草莓小饼干 活动 806 粉丝 658 +关注 澳洲阿德莱德大学见面会（深圳站） 10/17 周六 13:30 广东深圳 广东启德教育服务有限公司深圳分公司 粉丝  1119 广东启德教育服务有限公司深圳分公司 活动 176 粉丝 1119 +关注 当 AI 能做的越来越多，一个小而美的创业者，到底靠什么不可替代？ 09/20 周日 13:30 广东深圳 亚马逊云科技 User Group 粉丝  17702 亚马逊云科技 User Group 活动 251 粉丝 17702 +关注 走进腾讯｜AI如何真正进入业务？-腾讯云 × WorkBuddy 企业AI落地实践闭门会 明天 14:00 广东深圳 白鲸出海 粉丝  131831 白鲸出海 活动 650 粉丝 131831 +关注 「帧 · 境」2026 Seko短剧生态私享晚宴 10/23 周五 17:00 广东深圳 「鹿见橙心・短剧观察」 粉丝  960 「鹿见橙心・短剧观察」 活动 3 粉丝 960 +关注 【投资家网】2026 中国 · 智能硬件产业生态大会 10/28 周三 ~ 10/29 周四 广东深圳 投资家网 粉丝  120108 投资家网 活动 281 粉丝 120108 +关注 深圳站丨领航出海·英立潮头———B2B品牌全球化出海沙龙 今天 14:00 广东深圳 融创云学院 粉丝  2315 融创云学院 活动 41 粉丝 2315 +关注 解锁你的内在世界 | 自我探索体验沙龙 今天 19:00 广东深圳 心鹏友 粉丝  80 心鹏友 活动 6 粉丝 80 +关注 数字心理亲子沙龙——读懂孩子天性·告别育儿焦虑 09/27 周日 14:00 广东深圳 2792148*** 粉丝  79 2792148*** 活动 14 粉丝 79 +关注 深圳出海夜聊局｜跟一线操盘手聊聊出海的坑 明天 19:30 广东深圳 源码资本&码脑 粉丝  48 源码资本&码脑 活动 2 粉丝 48 +关注 Let's TikTok—TikTok+独立站开环打法增长实战闭门会 （深圳站） 后天 13:30 广东深圳 品牌方舟BrandArk 粉丝  16229 品牌方舟BrandArk 活动 273 粉丝 16229 +关注 逐浪韩国·酷澎领潮 - 2026韩国Coupang卖家私享会 今天 14:00 广东深圳 跨境雅舍 粉丝  8425 跨境雅舍 活动 52 粉丝 8425 +关注 边缘智算·场景共生 2026华强边缘AI产业生态交流会 今天 13:30 广东深圳 华强电子网 粉丝  20234 华强电子网 活动 111 粉丝 20234 +关注 【扫描活动页二维码直接报名！】多平台招商 · 千人卖家盛会 今天 13:30 广东深圳 雨果跨境 粉丝  72881 雨果跨境 活动 1415 粉丝 72881 +关注 3C电子DTC品牌出海论坛 10/21 周三 14:00 广东深圳 雨果跨境 粉丝  72881 雨果跨境 活动 1415 粉丝 72881 +关注 第34届中国(深圳) 国际礼品及家居用品展览会 10/20 周二 ~ 10/23 周五 广东深圳 雨果跨境 粉丝  72881 雨果跨境 活动 1415 粉丝 72881 +关注 新兴市场小众平台出海论坛 10/20 周二 13:30 广东深圳 雨果跨境 粉丝  72881 雨果跨境 活动 1415 粉丝 72881 +关注 阿里国际站 · 外贸出海私享交流会 后天 14:00 广东深圳 外贸加油站 粉丝  8486 外贸加油站 活动 144 粉丝 8486 +关注 外贸B端企业出海增长-AI赋能B2B 后天 14:00 广东深圳 外贸加油站 粉丝  8486 外贸加油站 活动 144 粉丝 8486 +关注,,,,https://www.huodongxing.com/event/2875477776911,,免费,活动行,广东省,深圳,活动行平台支付/报名
逐浪韩国·酷澎领潮 - 2026韩国Coupang卖家私享会,,网站导航 热门站点 全国站 北京站 上海站 广州站 深圳站 杭州站 武汉站 成都站 长沙站 精选推荐 首页 行业 生活 学习 找活动 找主办方 专题精选 人气榜 下载App 更多服务 找场地 活动百宝箱 主办方管理中心 主办方vip 活动行管家 大会解决方案 关注活动行 | 小程序 | 帮助中心 深圳 当前定位城市: 热门城市: 全国 北京 上海 广州 深圳 杭州 武汉 成都 长沙 南京 重庆 苏州 其它城市: 西安 郑州 厦门 天津 宁波 青岛 东莞 佛山 济南 珠海 合肥 福州 石家庄 昆明 查找更多城市 > 首页 分类 解决方案 场景方案 线上峰会/研讨会 从宣传推广、名单收集、直播互动、线下拍摄/导播、数据分析等一站式直播解决方案 活动行企业版 专为对品牌、数据安全要求较高的企业/商会协会/会展公司等打造的活动管理系统 数字云展厅 定制图文音视频展厅/元宇宙展厅，独立的展商详情页、商机收集等 私有化部署 快速私有化部署企业私有活动管理解决方案，支持阿里云、腾讯云、AWS等 免费创建 下载APP 业务合作 主办方中心 注册 / 登录 推荐 发现活动 人气榜 主办方 精选专题 意见反馈 回到顶部 城市: 全国 北京 上海 深圳 广州 杭州 成都 武汉 重庆 南京 苏州 长沙 西安 厦门 郑州 东莞 青岛 天津 宁波 昆明 香港 澳门 更多城市 分类: 时间: 全部 本周 本周末 1个月内 形式： 线下活动 线上活动 综合排序 最新发布 热门点击 最多参与 潮领全球 智胜未来 —— TikTok Shop 时尚服饰品类私享会 今天 14:00 广东深圳 Nativex 粉丝  1013 Nativex 活动 7 粉丝 1013 +关注 （已成）深圳小红书交流|自媒体，如何起号，运营，变现，技能互换，有效社交 今天 19:30 广东深圳 草莓小饼干 粉丝  658 草莓小饼干 活动 806 粉丝 658 +关注 澳洲阿德莱德大学见面会（深圳站） 10/17 周六 13:30 广东深圳 广东启德教育服务有限公司深圳分公司 粉丝  1119 广东启德教育服务有限公司深圳分公司 活动 176 粉丝 1119 +关注 当 AI 能做的越来越多，一个小而美的创业者，到底靠什么不可替代？ 09/20 周日 13:30 广东深圳 亚马逊云科技 User Group 粉丝  17702 亚马逊云科技 User Group 活动 251 粉丝 17702 +关注 走进腾讯｜AI如何真正进入业务？-腾讯云 × WorkBuddy 企业AI落地实践闭门会 明天 14:00 广东深圳 白鲸出海 粉丝  131831 白鲸出海 活动 650 粉丝 131831 +关注 「帧 · 境」2026 Seko短剧生态私享晚宴 10/23 周五 17:00 广东深圳 「鹿见橙心・短剧观察」 粉丝  960 「鹿见橙心・短剧观察」 活动 3 粉丝 960 +关注 【投资家网】2026 中国 · 智能硬件产业生态大会 10/28 周三 ~ 10/29 周四 广东深圳 投资家网 粉丝  120108 投资家网 活动 281 粉丝 120108 +关注 深圳站丨领航出海·英立潮头———B2B品牌全球化出海沙龙 今天 14:00 广东深圳 融创云学院 粉丝  2315 融创云学院 活动 41 粉丝 2315 +关注 解锁你的内在世界 | 自我探索体验沙龙 今天 19:00 广东深圳 心鹏友 粉丝  80 心鹏友 活动 6 粉丝 80 +关注 数字心理亲子沙龙——读懂孩子天性·告别育儿焦虑 09/27 周日 14:00 广东深圳 2792148*** 粉丝  79 2792148*** 活动 14 粉丝 79 +关注 深圳出海夜聊局｜跟一线操盘手聊聊出海的坑 明天 19:30 广东深圳 源码资本&码脑 粉丝  48 源码资本&码脑 活动 2 粉丝 48 +关注 Let's TikTok—TikTok+独立站开环打法增长实战闭门会 （深圳站） 后天 13:30 广东深圳 品牌方舟BrandArk 粉丝  16229 品牌方舟BrandArk 活动 273 粉丝 16229 +关注 逐浪韩国·酷澎领潮 - 2026韩国Coupang卖家私享会 今天 14:00 广东深圳 跨境雅舍 粉丝  8425 跨境雅舍 活动 52 粉丝 8425 +关注 边缘智算·场景共生 2026华强边缘AI产业生态交流会 今天 13:30 广东深圳 华强电子网 粉丝  20234 华强电子网 活动 111 粉丝 20234 +关注 【扫描活动页二维码直接报名！】多平台招商 · 千人卖家盛会 今天 13:30 广东深圳 雨果跨境 粉丝  72881 雨果跨境 活动 1415 粉丝 72881 +关注 3C电子DTC品牌出海论坛 10/21 周三 14:00 广东深圳 雨果跨境 粉丝  72881 雨果跨境 活动 1415 粉丝 72881 +关注 第34届中国(深圳) 国际礼品及家居用品展览会 10/20 周二 ~ 10/23 周五 广东深圳 雨果跨境 粉丝  72881 雨果跨境 活动 1415 粉丝 72881 +关注 新兴市场小众平台出海论坛 10/20 周二 13:30 广东深圳 雨果跨境 粉丝  72881 雨果跨境 活动 1415 粉丝 72881 +关注 阿里国际站 · 外贸出海私享交流会 后天 14:00 广东深圳 外贸加油站 粉丝  8486 外贸加油站 活动 144 粉丝 8486 +关注 外贸B端企业出海增长-AI赋能B2B 后天 14:00 广东深圳 外贸加油站 粉丝  8486 外贸加油站 活动 144 粉丝 8486 +关注,,,,https://www.huodongxing.com/event/7877737114200,,免费,活动行,广东省,深圳,活动行平台支付/报名
边缘智算·场景共生 2026华强边缘AI产业生态交流会,,网站导航 热门站点 全国站 北京站 上海站 广州站 深圳站 杭州站 武汉站 成都站 长沙站 精选推荐 首页 行业 生活 学习 找活动 找主办方 专题精选 人气榜 下载App 更多服务 找场地 活动百宝箱 主办方管理中心 主办方vip 活动行管家 大会解决方案 关注活动行 | 小程序 | 帮助中心 深圳 当前定位城市: 热门城市: 全国 北京 上海 广州 深圳 杭州 武汉 成都 长沙 南京 重庆 苏州 其它城市: 西安 郑州 厦门 天津 宁波 青岛 东莞 佛山 济南 珠海 合肥 福州 石家庄 昆明 查找更多城市 > 首页 分类 解决方案 场景方案 线上峰会/研讨会 从宣传推广、名单收集、直播互动、线下拍摄/导播、数据分析等一站式直播解决方案 活动行企业版 专为对品牌、数据安全要求较高的企业/商会协会/会展公司等打造的活动管理系统 数字云展厅 定制图文音视频展厅/元宇宙展厅，独立的展商详情页、商机收集等 私有化部署 快速私有化部署企业私有活动管理解决方案，支持阿里云、腾讯云、AWS等 免费创建 下载APP 业务合作 主办方中心 注册 / 登录 推荐 发现活动 人气榜 主办方 精选专题 意见反馈 回到顶部 城市: 全国 北京 上海 深圳 广州 杭州 成都 武汉 重庆 南京 苏州 长沙 西安 厦门 郑州 东莞 青岛 天津 宁波 昆明 香港 澳门 更多城市 分类: 时间: 全部 本周 本周末 1个月内 形式： 线下活动 线上活动 综合排序 最新发布 热门点击 最多参与 潮领全球 智胜未来 —— TikTok Shop 时尚服饰品类私享会 今天 14:00 广东深圳 Nativex 粉丝  1013 Nativex 活动 7 粉丝 1013 +关注 （已成）深圳小红书交流|自媒体，如何起号，运营，变现，技能互换，有效社交 今天 19:30 广东深圳 草莓小饼干 粉丝  658 草莓小饼干 活动 806 粉丝 658 +关注 澳洲阿德莱德大学见面会（深圳站） 10/17 周六 13:30 广东深圳 广东启德教育服务有限公司深圳分公司 粉丝  1119 广东启德教育服务有限公司深圳分公司 活动 176 粉丝 1119 +关注 当 AI 能做的越来越多，一个小而美的创业者，到底靠什么不可替代？ 09/20 周日 13:30 广东深圳 亚马逊云科技 User Group 粉丝  17702 亚马逊云科技 User Group 活动 251 粉丝 17702 +关注 走进腾讯｜AI如何真正进入业务？-腾讯云 × WorkBuddy 企业AI落地实践闭门会 明天 14:00 广东深圳 白鲸出海 粉丝  131831 白鲸出海 活动 650 粉丝 131831 +关注 「帧 · 境」2026 Seko短剧生态私享晚宴 10/23 周五 17:00 广东深圳 「鹿见橙心・短剧观察」 粉丝  960 「鹿见橙心・短剧观察」 活动 3 粉丝 960 +关注 【投资家网】2026 中国 · 智能硬件产业生态大会 10/28 周三 ~ 10/29 周四 广东深圳 投资家网 粉丝  120108 投资家网 活动 281 粉丝 120108 +关注 深圳站丨领航出海·英立潮头———B2B品牌全球化出海沙龙 今天 14:00 广东深圳 融创云学院 粉丝  2315 融创云学院 活动 41 粉丝 2315 +关注 解锁你的内在世界 | 自我探索体验沙龙 今天 19:00 广东深圳 心鹏友 粉丝  80 心鹏友 活动 6 粉丝 80 +关注 数字心理亲子沙龙——读懂孩子天性·告别育儿焦虑 09/27 周日 14:00 广东深圳 2792148*** 粉丝  79 2792148*** 活动 14 粉丝 79 +关注 深圳出海夜聊局｜跟一线操盘手聊聊出海的坑 明天 19:30 广东深圳 源码资本&码脑 粉丝  48 源码资本&码脑 活动 2 粉丝 48 +关注 Let's TikTok—TikTok+独立站开环打法增长实战闭门会 （深圳站） 后天 13:30 广东深圳 品牌方舟BrandArk 粉丝  16229 品牌方舟BrandArk 活动 273 粉丝 16229 +关注 逐浪韩国·酷澎领潮 - 2026韩国Coupang卖家私享会 今天 14:00 广东深圳 跨境雅舍 粉丝  8425 跨境雅舍 活动 52 粉丝 8425 +关注 边缘智算·场景共生 2026华强边缘AI产业生态交流会 今天 13:30 广东深圳 华强电子网 粉丝  20234 华强电子网 活动 111 粉丝 20234 +关注 【扫描活动页二维码直接报名！】多平台招商 · 千人卖家盛会 今天 13:30 广东深圳 雨果跨境 粉丝  72881 雨果跨境 活动 1415 粉丝 72881 +关注 3C电子DTC品牌出海论坛 10/21 周三 14:00 广东深圳 雨果跨境 粉丝  72881 雨果跨境 活动 1415 粉丝 72881 +关注 第34届中国(深圳) 国际礼品及家居用品展览会 10/20 周二 ~ 10/23 周五 广东深圳 雨果跨境 粉丝  72881 雨果跨境 活动 1415 粉丝 72881 +关注 新兴市场小众平台出海论坛 10/20 周二 13:30 广东深圳 雨果跨境 粉丝  72881 雨果跨境 活动 1415 粉丝 72881 +关注 阿里国际站 · 外贸出海私享交流会 后天 14:00 广东深圳 外贸加油站 粉丝  8486 外贸加油站 活动 144 粉丝 8486 +关注 外贸B端企业出海增长-AI赋能B2B 后天 14:00 广东深圳 外贸加油站 粉丝  8486 外贸加油站 活动 144 粉丝 8486 +关注,,,,https://www.huodongxing.com/event/9875193341600,,免费,活动行,广东省,深圳,活动行平台支付/报名
【扫描活动页二维码直接报名！】多平台招商 · 千人卖家盛会,,网站导航 热门站点 全国站 北京站 上海站 广州站 深圳站 杭州站 武汉站 成都站 长沙站 精选推荐 首页 行业 生活 学习 找活动 找主办方 专题精选 人气榜 下载App 更多服务 找场地 活动百宝箱 主办方管理中心 主办方vip 活动行管家 大会解决方案 关注活动行 | 小程序 | 帮助中心 深圳 当前定位城市: 热门城市: 全国 北京 上海 广州 深圳 杭州 武汉 成都 长沙 南京 重庆 苏州 其它城市: 西安 郑州 厦门 天津 宁波 青岛 东莞 佛山 济南 珠海 合肥 福州 石家庄 昆明 查找更多城市 > 首页 分类 解决方案 场景方案 线上峰会/研讨会 从宣传推广、名单收集、直播互动、线下拍摄/导播、数据分析等一站式直播解决方案 活动行企业版 专为对品牌、数据安全要求较高的企业/商会协会/会展公司等打造的活动管理系统 数字云展厅 定制图文音视频展厅/元宇宙展厅，独立的展商详情页、商机收集等 私有化部署 快速私有化部署企业私有活动管理解决方案，支持阿里云、腾讯云、AWS等 免费创建 下载APP 业务合作 主办方中心 注册 / 登录 推荐 发现活动 人气榜 主办方 精选专题 意见反馈 回到顶部 城市: 全国 北京 上海 深圳 广州 杭州 成都 武汉 重庆 南京 苏州 长沙 西安 厦门 郑州 东莞 青岛 天津 宁波 昆明 香港 澳门 更多城市 分类: 时间: 全部 本周 本周末 1个月内 形式： 线下活动 线上活动 综合排序 最新发布 热门点击 最多参与 潮领全球 智胜未来 —— TikTok Shop 时尚服饰品类私享会 今天 14:00 广东深圳 Nativex 粉丝  1013 Nativex 活动 7 粉丝 1013 +关注 （已成）深圳小红书交流|自媒体，如何起号，运营，变现，技能互换，有效社交 今天 19:30 广东深圳 草莓小饼干 粉丝  658 草莓小饼干 活动 806 粉丝 658 +关注 澳洲阿德莱德大学见面会（深圳站） 10/17 周六 13:30 广东深圳 广东启德教育服务有限公司深圳分公司 粉丝  1119 广东启德教育服务有限公司深圳分公司 活动 176 粉丝 1119 +关注 当 AI 能做的越来越多，一个小而美的创业者，到底靠什么不可替代？ 09/20 周日 13:30 广东深圳 亚马逊云科技 User Group 粉丝  17702 亚马逊云科技 User Group 活动 251 粉丝 17702 +关注 走进腾讯｜AI如何真正进入业务？-腾讯云 × WorkBuddy 企业AI落地实践闭门会 明天 14:00 广东深圳 白鲸出海 粉丝  131831 白鲸出海 活动 650 粉丝 131831 +关注 「帧 · 境」2026 Seko短剧生态私享晚宴 10/23 周五 17:00 广东深圳 「鹿见橙心・短剧观察」 粉丝  960 「鹿见橙心・短剧观察」 活动 3 粉丝 960 +关注 【投资家网】2026 中国 · 智能硬件产业生态大会 10/28 周三 ~ 10/29 周四 广东深圳 投资家网 粉丝  120108 投资家网 活动 281 粉丝 120108 +关注 深圳站丨领航出海·英立潮头———B2B品牌全球化出海沙龙 今天 14:00 广东深圳 融创云学院 粉丝  2315 融创云学院 活动 41 粉丝 2315 +关注 解锁你的内在世界 | 自我探索体验沙龙 今天 19:00 广东深圳 心鹏友 粉丝  80 心鹏友 活动 6 粉丝 80 +关注 数字心理亲子沙龙——读懂孩子天性·告别育儿焦虑 09/27 周日 14:00 广东深圳 2792148*** 粉丝  79 2792148*** 活动 14 粉丝 79 +关注 深圳出海夜聊局｜跟一线操盘手聊聊出海的坑 明天 19:30 广东深圳 源码资本&码脑 粉丝  48 源码资本&码脑 活动 2 粉丝 48 +关注 Let's TikTok—TikTok+独立站开环打法增长实战闭门会 （深圳站） 后天 13:30 广东深圳 品牌方舟BrandArk 粉丝  16229 品牌方舟BrandArk 活动 273 粉丝 16229 +关注 逐浪韩国·酷澎领潮 - 2026韩国Coupang卖家私享会 今天 14:00 广东深圳 跨境雅舍 粉丝  8425 跨境雅舍 活动 52 粉丝 8425 +关注 边缘智算·场景共生 2026华强边缘AI产业生态交流会 今天 13:30 广东深圳 华强电子网 粉丝  20234 华强电子网 活动 111 粉丝 20234 +关注 【扫描活动页二维码直接报名！】多平台招商 · 千人卖家盛会 今天 13:30 广东深圳 雨果跨境 粉丝  72881 雨果跨境 活动 1415 粉丝 72881 +关注 3C电子DTC品牌出海论坛 10/21 周三 14:00 广东深圳 雨果跨境 粉丝  72881 雨果跨境 活动 1415 粉丝 72881 +关注 第34届中国(深圳) 国际礼品及家居用品展览会 10/20 周二 ~ 10/23 周五 广东深圳 雨果跨境 粉丝  72881 雨果跨境 活动 1415 粉丝 72881 +关注 新兴市场小众平台出海论坛 10/20 周二 13:30 广东深圳 雨果跨境 粉丝  72881 雨果跨境 活动 1415 粉丝 72881 +关注 阿里国际站 · 外贸出海私享交流会 后天 14:00 广东深圳 外贸加油站 粉丝  8486 外贸加油站 活动 144 粉丝 8486 +关注 外贸B端企业出海增长-AI赋能B2B 后天 14:00 广东深圳 外贸加油站 粉丝  8486 外贸加油站 活动 144 粉丝 8486 +关注,,,,https://www.huodongxing.com/event/8875466414100,,免费,活动行,广东省,深圳,活动行平台支付/报名
3C电子DTC品牌出海论坛,,网站导航 热门站点 全国站 北京站 上海站 广州站 深圳站 杭州站 武汉站 成都站 长沙站 精选推荐 首页 行业 生活 学习 找活动 找主办方 专题精选 人气榜 下载App 更多服务 找场地 活动百宝箱 主办方管理中心 主办方vip 活动行管家 大会解决方案 关注活动行 | 小程序 | 帮助中心 深圳 当前定位城市: 热门城市: 全国 北京 上海 广州 深圳 杭州 武汉 成都 长沙 南京 重庆 苏州 其它城市: 西安 郑州 厦门 天津 宁波 青岛 东莞 佛山 济南 珠海 合肥 福州 石家庄 昆明 查找更多城市 > 首页 分类 解决方案 场景方案 线上峰会/研讨会 从宣传推广、名单收集、直播互动、线下拍摄/导播、数据分析等一站式直播解决方案 活动行企业版 专为对品牌、数据安全要求较高的企业/商会协会/会展公司等打造的活动管理系统 数字云展厅 定制图文音视频展厅/元宇宙展厅，独立的展商详情页、商机收集等 私有化部署 快速私有化部署企业私有活动管理解决方案，支持阿里云、腾讯云、AWS等 免费创建 下载APP 业务合作 主办方中心 注册 / 登录 推荐 发现活动 人气榜 主办方 精选专题 意见反馈 回到顶部 城市: 全国 北京 上海 深圳 广州 杭州 成都 武汉 重庆 南京 苏州 长沙 西安 厦门 郑州 东莞 青岛 天津 宁波 昆明 香港 澳门 更多城市 分类: 时间: 全部 本周 本周末 1个月内 形式： 线下活动 线上活动 综合排序 最新发布 热门点击 最多参与 潮领全球 智胜未来 —— TikTok Shop 时尚服饰品类私享会 今天 14:00 广东深圳 Nativex 粉丝  1013 Nativex 活动 7 粉丝 1013 +关注 （已成）深圳小红书交流|自媒体，如何起号，运营，变现，技能互换，有效社交 今天 19:30 广东深圳 草莓小饼干 粉丝  658 草莓小饼干 活动 806 粉丝 658 +关注 澳洲阿德莱德大学见面会（深圳站） 10/17 周六 13:30 广东深圳 广东启德教育服务有限公司深圳分公司 粉丝  1119 广东启德教育服务有限公司深圳分公司 活动 176 粉丝 1119 +关注 当 AI 能做的越来越多，一个小而美的创业者，到底靠什么不可替代？ 09/20 周日 13:30 广东深圳 亚马逊云科技 User Group 粉丝  17702 亚马逊云科技 User Group 活动 251 粉丝 17702 +关注 走进腾讯｜AI如何真正进入业务？-腾讯云 × WorkBuddy 企业AI落地实践闭门会 明天 14:00 广东深圳 白鲸出海 粉丝  131831 白鲸出海 活动 650 粉丝 131831 +关注 「帧 · 境」2026 Seko短剧生态私享晚宴 10/23 周五 17:00 广东深圳 「鹿见橙心・短剧观察」 粉丝  960 「鹿见橙心・短剧观察」 活动 3 粉丝 960 +关注 【投资家网】2026 中国 · 智能硬件产业生态大会 10/28 周三 ~ 10/29 周四 广东深圳 投资家网 粉丝  120108 投资家网 活动 281 粉丝 120108 +关注 深圳站丨领航出海·英立潮头———B2B品牌全球化出海沙龙 今天 14:00 广东深圳 融创云学院 粉丝  2315 融创云学院 活动 41 粉丝 2315 +关注 解锁你的内在世界 | 自我探索体验沙龙 今天 19:00 广东深圳 心鹏友 粉丝  80 心鹏友 活动 6 粉丝 80 +关注 数字心理亲子沙龙——读懂孩子天性·告别育儿焦虑 09/27 周日 14:00 广东深圳 2792148*** 粉丝  79 2792148*** 活动 14 粉丝 79 +关注 深圳出海夜聊局｜跟一线操盘手聊聊出海的坑 明天 19:30 广东深圳 源码资本&码脑 粉丝  48 源码资本&码脑 活动 2 粉丝 48 +关注 Let's TikTok—TikTok+独立站开环打法增长实战闭门会 （深圳站） 后天 13:30 广东深圳 品牌方舟BrandArk 粉丝  16229 品牌方舟BrandArk 活动 273 粉丝 16229 +关注 逐浪韩国·酷澎领潮 - 2026韩国Coupang卖家私享会 今天 14:00 广东深圳 跨境雅舍 粉丝  8425 跨境雅舍 活动 52 粉丝 8425 +关注 边缘智算·场景共生 2026华强边缘AI产业生态交流会 今天 13:30 广东深圳 华强电子网 粉丝  20234 华强电子网 活动 111 粉丝 20234 +关注 【扫描活动页二维码直接报名！】多平台招商 · 千人卖家盛会 今天 13:30 广东深圳 雨果跨境 粉丝  72881 雨果跨境 活动 1415 粉丝 72881 +关注 3C电子DTC品牌出海论坛 10/21 周三 14:00 广东深圳 雨果跨境 粉丝  72881 雨果跨境 活动 1415 粉丝 72881 +关注 第34届中国(深圳) 国际礼品及家居用品展览会 10/20 周二 ~ 10/23 周五 广东深圳 雨果跨境 粉丝  72881 雨果跨境 活动 1415 粉丝 72881 +关注 新兴市场小众平台出海论坛 10/20 周二 13:30 广东深圳 雨果跨境 粉丝  72881 雨果跨境 活动 1415 粉丝 72881 +关注 阿里国际站 · 外贸出海私享交流会 后天 14:00 广东深圳 外贸加油站 粉丝  8486 外贸加油站 活动 144 粉丝 8486 +关注 外贸B端企业出海增长-AI赋能B2B 后天 14:00 广东深圳 外贸加油站 粉丝  8486 外贸加油站 活动 144 粉丝 8486 +关注,,,,https://www.huodongxing.com/event/2873741621300,,免费,活动行,广东省,深圳,活动行平台支付/报名
第34届中国(深圳) 国际礼品及家居用品展览会,,网站导航 热门站点 全国站 北京站 上海站 广州站 深圳站 杭州站 武汉站 成都站 长沙站 精选推荐 首页 行业 生活 学习 找活动 找主办方 专题精选 人气榜 下载App 更多服务 找场地 活动百宝箱 主办方管理中心 主办方vip 活动行管家 大会解决方案 关注活动行 | 小程序 | 帮助中心 深圳 当前定位城市: 热门城市: 全国 北京 上海 广州 深圳 杭州 武汉 成都 长沙 南京 重庆 苏州 其它城市: 西安 郑州 厦门 天津 宁波 青岛 东莞 佛山 济南 珠海 合肥 福州 石家庄 昆明 查找更多城市 > 首页 分类 解决方案 场景方案 线上峰会/研讨会 从宣传推广、名单收集、直播互动、线下拍摄/导播、数据分析等一站式直播解决方案 活动行企业版 专为对品牌、数据安全要求较高的企业/商会协会/会展公司等打造的活动管理系统 数字云展厅 定制图文音视频展厅/元宇宙展厅，独立的展商详情页、商机收集等 私有化部署 快速私有化部署企业私有活动管理解决方案，支持阿里云、腾讯云、AWS等 免费创建 下载APP 业务合作 主办方中心 注册 / 登录 推荐 发现活动 人气榜 主办方 精选专题 意见反馈 回到顶部 城市: 全国 北京 上海 深圳 广州 杭州 成都 武汉 重庆 南京 苏州 长沙 西安 厦门 郑州 东莞 青岛 天津 宁波 昆明 香港 澳门 更多城市 分类: 时间: 全部 本周 本周末 1个月内 形式： 线下活动 线上活动 综合排序 最新发布 热门点击 最多参与 潮领全球 智胜未来 —— TikTok Shop 时尚服饰品类私享会 今天 14:00 广东深圳 Nativex 粉丝  1013 Nativex 活动 7 粉丝 1013 +关注 （已成）深圳小红书交流|自媒体，如何起号，运营，变现，技能互换，有效社交 今天 19:30 广东深圳 草莓小饼干 粉丝  658 草莓小饼干 活动 806 粉丝 658 +关注 澳洲阿德莱德大学见面会（深圳站） 10/17 周六 13:30 广东深圳 广东启德教育服务有限公司深圳分公司 粉丝  1119 广东启德教育服务有限公司深圳分公司 活动 176 粉丝 1119 +关注 当 AI 能做的越来越多，一个小而美的创业者，到底靠什么不可替代？ 09/20 周日 13:30 广东深圳 亚马逊云科技 User Group 粉丝  17702 亚马逊云科技 User Group 活动 251 粉丝 17702 +关注 走进腾讯｜AI如何真正进入业务？-腾讯云 × WorkBuddy 企业AI落地实践闭门会 明天 14:00 广东深圳 白鲸出海 粉丝  131831 白鲸出海 活动 650 粉丝 131831 +关注 「帧 · 境」2026 Seko短剧生态私享晚宴 10/23 周五 17:00 广东深圳 「鹿见橙心・短剧观察」 粉丝  960 「鹿见橙心・短剧观察」 活动 3 粉丝 960 +关注 【投资家网】2026 中国 · 智能硬件产业生态大会 10/28 周三 ~ 10/29 周四 广东深圳 投资家网 粉丝  120108 投资家网 活动 281 粉丝 120108 +关注 深圳站丨领航出海·英立潮头———B2B品牌全球化出海沙龙 今天 14:00 广东深圳 融创云学院 粉丝  2315 融创云学院 活动 41 粉丝 2315 +关注 解锁你的内在世界 | 自我探索体验沙龙 今天 19:00 广东深圳 心鹏友 粉丝  80 心鹏友 活动 6 粉丝 80 +关注 数字心理亲子沙龙——读懂孩子天性·告别育儿焦虑 09/27 周日 14:00 广东深圳 2792148*** 粉丝  79 2792148*** 活动 14 粉丝 79 +关注 深圳出海夜聊局｜跟一线操盘手聊聊出海的坑 明天 19:30 广东深圳 源码资本&码脑 粉丝  48 源码资本&码脑 活动 2 粉丝 48 +关注 Let's TikTok—TikTok+独立站开环打法增长实战闭门会 （深圳站） 后天 13:30 广东深圳 品牌方舟BrandArk 粉丝  16229 品牌方舟BrandArk 活动 273 粉丝 16229 +关注 逐浪韩国·酷澎领潮 - 2026韩国Coupang卖家私享会 今天 14:00 广东深圳 跨境雅舍 粉丝  8425 跨境雅舍 活动 52 粉丝 8425 +关注 边缘智算·场景共生 2026华强边缘AI产业生态交流会 今天 13:30 广东深圳 华强电子网 粉丝  20234 华强电子网 活动 111 粉丝 20234 +关注 【扫描活动页二维码直接报名！】多平台招商 · 千人卖家盛会 今天 13:30 广东深圳 雨果跨境 粉丝  72881 雨果跨境 活动 1415 粉丝 72881 +关注 3C电子DTC品牌出海论坛 10/21 周三 14:00 广东深圳 雨果跨境 粉丝  72881 雨果跨境 活动 1415 粉丝 72881 +关注 第34届中国(深圳) 国际礼品及家居用品展览会 10/20 周二 ~ 10/23 周五 广东深圳 雨果跨境 粉丝  72881 雨果跨境 活动 1415 粉丝 72881 +关注 新兴市场小众平台出海论坛 10/20 周二 13:30 广东深圳 雨果跨境 粉丝  72881 雨果跨境 活动 1415 粉丝 72881 +关注 阿里国际站 · 外贸出海私享交流会 后天 14:00 广东深圳 外贸加油站 粉丝  8486 外贸加油站 活动 144 粉丝 8486 +关注 外贸B端企业出海增长-AI赋能B2B 后天 14:00 广东深圳 外贸加油站 粉丝  8486 外贸加油站 活动 144 粉丝 8486 +关注,,,,https://www.huodongxing.com/event/6873573049300,,免费,活动行,广东省,深圳,活动行平台支付/报名
新兴市场小众平台出海论坛,,网站导航 热门站点 全国站 北京站 上海站 广州站 深圳站 杭州站 武汉站 成都站 长沙站 精选推荐 首页 行业 生活 学习 找活动 找主办方 专题精选 人气榜 下载App 更多服务 找场地 活动百宝箱 主办方管理中心 主办方vip 活动行管家 大会解决方案 关注活动行 | 小程序 | 帮助中心 深圳 当前定位城市: 热门城市: 全国 北京 上海 广州 深圳 杭州 武汉 成都 长沙 南京 重庆 苏州 其它城市: 西安 郑州 厦门 天津 宁波 青岛 东莞 佛山 济南 珠海 合肥 福州 石家庄 昆明 查找更多城市 > 首页 分类 解决方案 场景方案 线上峰会/研讨会 从宣传推广、名单收集、直播互动、线下拍摄/导播、数据分析等一站式直播解决方案 活动行企业版 专为对品牌、数据安全要求较高的企业/商会协会/会展公司等打造的活动管理系统 数字云展厅 定制图文音视频展厅/元宇宙展厅，独立的展商详情页、商机收集等 私有化部署 快速私有化部署企业私有活动管理解决方案，支持阿里云、腾讯云、AWS等 免费创建 下载APP 业务合作 主办方中心 注册 / 登录 推荐 发现活动 人气榜 主办方 精选专题 意见反馈 回到顶部 城市: 全国 北京 上海 深圳 广州 杭州 成都 武汉 重庆 南京 苏州 长沙 西安 厦门 郑州 东莞 青岛 天津 宁波 昆明 香港 澳门 更多城市 分类: 时间: 全部 本周 本周末 1个月内 形式： 线下活动 线上活动 综合排序 最新发布 热门点击 最多参与 潮领全球 智胜未来 —— TikTok Shop 时尚服饰品类私享会 今天 14:00 广东深圳 Nativex 粉丝  1013 Nativex 活动 7 粉丝 1013 +关注 （已成）深圳小红书交流|自媒体，如何起号，运营，变现，技能互换，有效社交 今天 19:30 广东深圳 草莓小饼干 粉丝  658 草莓小饼干 活动 806 粉丝 658 +关注 澳洲阿德莱德大学见面会（深圳站） 10/17 周六 13:30 广东深圳 广东启德教育服务有限公司深圳分公司 粉丝  1119 广东启德教育服务有限公司深圳分公司 活动 176 粉丝 1119 +关注 当 AI 能做的越来越多，一个小而美的创业者，到底靠什么不可替代？ 09/20 周日 13:30 广东深圳 亚马逊云科技 User Group 粉丝  17702 亚马逊云科技 User Group 活动 251 粉丝 17702 +关注 走进腾讯｜AI如何真正进入业务？-腾讯云 × WorkBuddy 企业AI落地实践闭门会 明天 14:00 广东深圳 白鲸出海 粉丝  131831 白鲸出海 活动 650 粉丝 131831 +关注 「帧 · 境」2026 Seko短剧生态私享晚宴 10/23 周五 17:00 广东深圳 「鹿见橙心・短剧观察」 粉丝  960 「鹿见橙心・短剧观察」 活动 3 粉丝 960 +关注 【投资家网】2026 中国 · 智能硬件产业生态大会 10/28 周三 ~ 10/29 周四 广东深圳 投资家网 粉丝  120108 投资家网 活动 281 粉丝 120108 +关注 深圳站丨领航出海·英立潮头———B2B品牌全球化出海沙龙 今天 14:00 广东深圳 融创云学院 粉丝  2315 融创云学院 活动 41 粉丝 2315 +关注 解锁你的内在世界 | 自我探索体验沙龙 今天 19:00 广东深圳 心鹏友 粉丝  80 心鹏友 活动 6 粉丝 80 +关注 数字心理亲子沙龙——读懂孩子天性·告别育儿焦虑 09/27 周日 14:00 广东深圳 2792148*** 粉丝  79 2792148*** 活动 14 粉丝 79 +关注 深圳出海夜聊局｜跟一线操盘手聊聊出海的坑 明天 19:30 广东深圳 源码资本&码脑 粉丝  48 源码资本&码脑 活动 2 粉丝 48 +关注 Let's TikTok—TikTok+独立站开环打法增长实战闭门会 （深圳站） 后天 13:30 广东深圳 品牌方舟BrandArk 粉丝  16229 品牌方舟BrandArk 活动 273 粉丝 16229 +关注 逐浪韩国·酷澎领潮 - 2026韩国Coupang卖家私享会 今天 14:00 广东深圳 跨境雅舍 粉丝  8425 跨境雅舍 活动 52 粉丝 8425 +关注 边缘智算·场景共生 2026华强边缘AI产业生态交流会 今天 13:30 广东深圳 华强电子网 粉丝  20234 华强电子网 活动 111 粉丝 20234 +关注 【扫描活动页二维码直接报名！】多平台招商 · 千人卖家盛会 今天 13:30 广东深圳 雨果跨境 粉丝  72881 雨果跨境 活动 1415 粉丝 72881 +关注 3C电子DTC品牌出海论坛 10/21 周三 14:00 广东深圳 雨果跨境 粉丝  72881 雨果跨境 活动 1415 粉丝 72881 +关注 第34届中国(深圳) 国际礼品及家居用品展览会 10/20 周二 ~ 10/23 周五 广东深圳 雨果跨境 粉丝  72881 雨果跨境 活动 1415 粉丝 72881 +关注 新兴市场小众平台出海论坛 10/20 周二 13:30 广东深圳 雨果跨境 粉丝  72881 雨果跨境 活动 1415 粉丝 72881 +关注 阿里国际站 · 外贸出海私享交流会 后天 14:00 广东深圳 外贸加油站 粉丝  8486 外贸加油站 活动 144 粉丝 8486 +关注 外贸B端企业出海增长-AI赋能B2B 后天 14:00 广东深圳 外贸加油站 粉丝  8486 外贸加油站 活动 144 粉丝 8486 +关注,,,,https://www.huodongxing.com/event/6873858708100,,免费,活动行,广东省,深圳,活动行平台支付/报名
阿里国际站 · 外贸出海私享交流会,,网站导航 热门站点 全国站 北京站 上海站 广州站 深圳站 杭州站 武汉站 成都站 长沙站 精选推荐 首页 行业 生活 学习 找活动 找主办方 专题精选 人气榜 下载App 更多服务 找场地 活动百宝箱 主办方管理中心 主办方vip 活动行管家 大会解决方案 关注活动行 | 小程序 | 帮助中心 深圳 当前定位城市: 热门城市: 全国 北京 上海 广州 深圳 杭州 武汉 成都 长沙 南京 重庆 苏州 其它城市: 西安 郑州 厦门 天津 宁波 青岛 东莞 佛山 济南 珠海 合肥 福州 石家庄 昆明 查找更多城市 > 首页 分类 解决方案 场景方案 线上峰会/研讨会 从宣传推广、名单收集、直播互动、线下拍摄/导播、数据分析等一站式直播解决方案 活动行企业版 专为对品牌、数据安全要求较高的企业/商会协会/会展公司等打造的活动管理系统 数字云展厅 定制图文音视频展厅/元宇宙展厅，独立的展商详情页、商机收集等 私有化部署 快速私有化部署企业私有活动管理解决方案，支持阿里云、腾讯云、AWS等 免费创建 下载APP 业务合作 主办方中心 注册 / 登录 推荐 发现活动 人气榜 主办方 精选专题 意见反馈 回到顶部 城市: 全国 北京 上海 深圳 广州 杭州 成都 武汉 重庆 南京 苏州 长沙 西安 厦门 郑州 东莞 青岛 天津 宁波 昆明 香港 澳门 更多城市 分类: 时间: 全部 本周 本周末 1个月内 形式： 线下活动 线上活动 综合排序 最新发布 热门点击 最多参与 潮领全球 智胜未来 —— TikTok Shop 时尚服饰品类私享会 今天 14:00 广东深圳 Nativex 粉丝  1013 Nativex 活动 7 粉丝 1013 +关注 （已成）深圳小红书交流|自媒体，如何起号，运营，变现，技能互换，有效社交 今天 19:30 广东深圳 草莓小饼干 粉丝  658 草莓小饼干 活动 806 粉丝 658 +关注 澳洲阿德莱德大学见面会（深圳站） 10/17 周六 13:30 广东深圳 广东启德教育服务有限公司深圳分公司 粉丝  1119 广东启德教育服务有限公司深圳分公司 活动 176 粉丝 1119 +关注 当 AI 能做的越来越多，一个小而美的创业者，到底靠什么不可替代？ 09/20 周日 13:30 广东深圳 亚马逊云科技 User Group 粉丝  17702 亚马逊云科技 User Group 活动 251 粉丝 17702 +关注 走进腾讯｜AI如何真正进入业务？-腾讯云 × WorkBuddy 企业AI落地实践闭门会 明天 14:00 广东深圳 白鲸出海 粉丝  131831 白鲸出海 活动 650 粉丝 131831 +关注 「帧 · 境」2026 Seko短剧生态私享晚宴 10/23 周五 17:00 广东深圳 「鹿见橙心・短剧观察」 粉丝  960 「鹿见橙心・短剧观察」 活动 3 粉丝 960 +关注 【投资家网】2026 中国 · 智能硬件产业生态大会 10/28 周三 ~ 10/29 周四 广东深圳 投资家网 粉丝  120108 投资家网 活动 281 粉丝 120108 +关注 深圳站丨领航出海·英立潮头———B2B品牌全球化出海沙龙 今天 14:00 广东深圳 融创云学院 粉丝  2315 融创云学院 活动 41 粉丝 2315 +关注 解锁你的内在世界 | 自我探索体验沙龙 今天 19:00 广东深圳 心鹏友 粉丝  80 心鹏友 活动 6 粉丝 80 +关注 数字心理亲子沙龙——读懂孩子天性·告别育儿焦虑 09/27 周日 14:00 广东深圳 2792148*** 粉丝  79 2792148*** 活动 14 粉丝 79 +关注 深圳出海夜聊局｜跟一线操盘手聊聊出海的坑 明天 19:30 广东深圳 源码资本&码脑 粉丝  48 源码资本&码脑 活动 2 粉丝 48 +关注 Let's TikTok—TikTok+独立站开环打法增长实战闭门会 （深圳站） 后天 13:30 广东深圳 品牌方舟BrandArk 粉丝  16229 品牌方舟BrandArk 活动 273 粉丝 16229 +关注 逐浪韩国·酷澎领潮 - 2026韩国Coupang卖家私享会 今天 14:00 广东深圳 跨境雅舍 粉丝  8425 跨境雅舍 活动 52 粉丝 8425 +关注 边缘智算·场景共生 2026华强边缘AI产业生态交流会 今天 13:30 广东深圳 华强电子网 粉丝  20234 华强电子网 活动 111 粉丝 20234 +关注 【扫描活动页二维码直接报名！】多平台招商 · 千人卖家盛会 今天 13:30 广东深圳 雨果跨境 粉丝  72881 雨果跨境 活动 1415 粉丝 72881 +关注 3C电子DTC品牌出海论坛 10/21 周三 14:00 广东深圳 雨果跨境 粉丝  72881 雨果跨境 活动 1415 粉丝 72881 +关注 第34届中国(深圳) 国际礼品及家居用品展览会 10/20 周二 ~ 10/23 周五 广东深圳 雨果跨境 粉丝  72881 雨果跨境 活动 1415 粉丝 72881 +关注 新兴市场小众平台出海论坛 10/20 周二 13:30 广东深圳 雨果跨境 粉丝  72881 雨果跨境 活动 1415 粉丝 72881 +关注 阿里国际站 · 外贸出海私享交流会 后天 14:00 广东深圳 外贸加油站 粉丝  8486 外贸加油站 活动 144 粉丝 8486 +关注 外贸B端企业出海增长-AI赋能B2B 后天 14:00 广东深圳 外贸加油站 粉丝  8486 外贸加油站 活动 144 粉丝 8486 +关注,,,,https://www.huodongxing.com/event/6860025201500,,免费,活动行,广东省,深圳,活动行平台支付/报名
外贸B端企业出海增长-AI赋能B2B,,网站导航 热门站点 全国站 北京站 上海站 广州站 深圳站 杭州站 武汉站 成都站 长沙站 精选推荐 首页 行业 生活 学习 找活动 找主办方 专题精选 人气榜 下载App 更多服务 找场地 活动百宝箱 主办方管理中心 主办方vip 活动行管家 大会解决方案 关注活动行 | 小程序 | 帮助中心 深圳 当前定位城市: 热门城市: 全国 北京 上海 广州 深圳 杭州 武汉 成都 长沙 南京 重庆 苏州 其它城市: 西安 郑州 厦门 天津 宁波 青岛 东莞 佛山 济南 珠海 合肥 福州 石家庄 昆明 查找更多城市 > 首页 分类 解决方案 场景方案 线上峰会/研讨会 从宣传推广、名单收集、直播互动、线下拍摄/导播、数据分析等一站式直播解决方案 活动行企业版 专为对品牌、数据安全要求较高的企业/商会协会/会展公司等打造的活动管理系统 数字云展厅 定制图文音视频展厅/元宇宙展厅，独立的展商详情页、商机收集等 私有化部署 快速私有化部署企业私有活动管理解决方案，支持阿里云、腾讯云、AWS等 免费创建 下载APP 业务合作 主办方中心 注册 / 登录 推荐 发现活动 人气榜 主办方 精选专题 意见反馈 回到顶部 城市: 全国 北京 上海 深圳 广州 杭州 成都 武汉 重庆 南京 苏州 长沙 西安 厦门 郑州 东莞 青岛 天津 宁波 昆明 香港 澳门 更多城市 分类: 时间: 全部 本周 本周末 1个月内 形式： 线下活动 线上活动 综合排序 最新发布 热门点击 最多参与 潮领全球 智胜未来 —— TikTok Shop 时尚服饰品类私享会 今天 14:00 广东深圳 Nativex 粉丝  1013 Nativex 活动 7 粉丝 1013 +关注 （已成）深圳小红书交流|自媒体，如何起号，运营，变现，技能互换，有效社交 今天 19:30 广东深圳 草莓小饼干 粉丝  658 草莓小饼干 活动 806 粉丝 658 +关注 澳洲阿德莱德大学见面会（深圳站） 10/17 周六 13:30 广东深圳 广东启德教育服务有限公司深圳分公司 粉丝  1119 广东启德教育服务有限公司深圳分公司 活动 176 粉丝 1119 +关注 当 AI 能做的越来越多，一个小而美的创业者，到底靠什么不可替代？ 09/20 周日 13:30 广东深圳 亚马逊云科技 User Group 粉丝  17702 亚马逊云科技 User Group 活动 251 粉丝 17702 +关注 走进腾讯｜AI如何真正进入业务？-腾讯云 × WorkBuddy 企业AI落地实践闭门会 明天 14:00 广东深圳 白鲸出海 粉丝  131831 白鲸出海 活动 650 粉丝 131831 +关注 「帧 · 境」2026 Seko短剧生态私享晚宴 10/23 周五 17:00 广东深圳 「鹿见橙心・短剧观察」 粉丝  960 「鹿见橙心・短剧观察」 活动 3 粉丝 960 +关注 【投资家网】2026 中国 · 智能硬件产业生态大会 10/28 周三 ~ 10/29 周四 广东深圳 投资家网 粉丝  120108 投资家网 活动 281 粉丝 120108 +关注 深圳站丨领航出海·英立潮头———B2B品牌全球化出海沙龙 今天 14:00 广东深圳 融创云学院 粉丝  2315 融创云学院 活动 41 粉丝 2315 +关注 解锁你的内在世界 | 自我探索体验沙龙 今天 19:00 广东深圳 心鹏友 粉丝  80 心鹏友 活动 6 粉丝 80 +关注 数字心理亲子沙龙——读懂孩子天性·告别育儿焦虑 09/27 周日 14:00 广东深圳 2792148*** 粉丝  79 2792148*** 活动 14 粉丝 79 +关注 深圳出海夜聊局｜跟一线操盘手聊聊出海的坑 明天 19:30 广东深圳 源码资本&码脑 粉丝  48 源码资本&码脑 活动 2 粉丝 48 +关注 Let's TikTok—TikTok+独立站开环打法增长实战闭门会 （深圳站） 后天 13:30 广东深圳 品牌方舟BrandArk 粉丝  16229 品牌方舟BrandArk 活动 273 粉丝 16229 +关注 逐浪韩国·酷澎领潮 - 2026韩国Coupang卖家私享会 今天 14:00 广东深圳 跨境雅舍 粉丝  8425 跨境雅舍 活动 52 粉丝 8425 +关注 边缘智算·场景共生 2026华强边缘AI产业生态交流会 今天 13:30 广东深圳 华强电子网 粉丝  20234 华强电子网 活动 111 粉丝 20234 +关注 【扫描活动页二维码直接报名！】多平台招商 · 千人卖家盛会 今天 13:30 广东深圳 雨果跨境 粉丝  72881 雨果跨境 活动 1415 粉丝 72881 +关注 3C电子DTC品牌出海论坛 10/21 周三 14:00 广东深圳 雨果跨境 粉丝  72881 雨果跨境 活动 1415 粉丝 72881 +关注 第34届中国(深圳) 国际礼品及家居用品展览会 10/20 周二 ~ 10/23 周五 广东深圳 雨果跨境 粉丝  72881 雨果跨境 活动 1415 粉丝 72881 +关注 新兴市场小众平台出海论坛 10/20 周二 13:30 广东深圳 雨果跨境 粉丝  72881 雨果跨境 活动 1415 粉丝 72881 +关注 阿里国际站 · 外贸出海私享交流会 后天 14:00 广东深圳 外贸加油站 粉丝  8486 外贸加油站 活动 144 粉丝 8486 +关注 外贸B端企业出海增长-AI赋能B2B 后天 14:00 广东深圳 外贸加油站 粉丝  8486 外贸加油站 活动 144 粉丝 8486 +关注,,,,https://www.huodongxing.com/event/6862338733011,,免费,活动行,广东省,深圳,活动行平台支付/报名
项目全过程管理控制与实践（¥4800元/人）,,网站导航 热门站点 全国站 北京站 上海站 广州站 深圳站 杭州站 武汉站 成都站 长沙站 精选推荐 首页 行业 生活 学习 找活动 找主办方 专题精选 人气榜 下载App 更多服务 找场地 活动百宝箱 主办方管理中心 主办方vip 活动行管家 大会解决方案 关注活动行 | 小程序 | 帮助中心 深圳 当前定位城市: 热门城市: 全国 北京 上海 广州 深圳 杭州 武汉 成都 长沙 南京 重庆 苏州 其它城市: 西安 郑州 厦门 天津 宁波 青岛 东莞 佛山 济南 珠海 合肥 福州 石家庄 昆明 查找更多城市 > 首页 分类 解决方案 场景方案 线上峰会/研讨会 从宣传推广、名单收集、直播互动、线下拍摄/导播、数据分析等一站式直播解决方案 活动行企业版 专为对品牌、数据安全要求较高的企业/商会协会/会展公司等打造的活动管理系统 数字云展厅 定制图文音视频展厅/元宇宙展厅，独立的展商详情页、商机收集等 私有化部署 快速私有化部署企业私有活动管理解决方案，支持阿里云、腾讯云、AWS等 免费创建 下载APP 业务合作 主办方中心 注册 / 登录 推荐 发现活动 人气榜 主办方 精选专题 意见反馈 回到顶部 城市: 全国 北京 上海 深圳 广州 杭州 成都 武汉 重庆 南京 苏州 长沙 西安 厦门 郑州 东莞 青岛 天津 宁波 昆明 香港 澳门 更多城市 分类: 时间: 全部 本周 本周末 1个月内 形式： 线下活动 线上活动 综合排序 最新发布 热门点击 最多参与 项目全过程管理控制与实践（¥4800元/人） 11/17 周二 ~ 11/18 周三 广东深圳 行课网 粉丝  4 行课网 活动 6 粉丝 4 +关注 第20届中国(深圳)国际物流与供应链博览会 12/02 周三 ~ 12/04 周五 广东深圳 TikTok 卖家门户网TKFFF 粉丝  12372 TikTok 卖家门户网TKFFF 活动 365 粉丝 12372 +关注 北科生物深圳综合细胞库 开放参观日 09/06 周日 ~ 10/06 周二 广东深圳 深圳综合细胞库 粉丝  6100 深圳综合细胞库 活动 76 粉丝 6100 +关注 北科生物深圳综合细胞库21周年庆开放日参观 09/16 周三 ~ 10/16 周五 广东深圳 深圳综合细胞库 粉丝  6100 深圳综合细胞库 活动 76 粉丝 6100 +关注 备战黑五 筹备网一 —— 深圳DTC品牌操盘手社群中秋聚会 09/24 周四 18:00 广东深圳 霞光社 粉丝  17711 霞光社 活动 88 粉丝 17711 +关注 深圳千万资产局单身交友活动 09/26 周六 14:30 广东深圳 Seekr@微信小程序 粉丝  1037 Seekr@微信小程序 活动 37 粉丝 1037 +关注 安克移动影院 X1 Pro 中国线下首发 09/19 周六 14:00 广东深圳 INNO100 粉丝  2265 INNO100 活动 22 粉丝 2265 +关注 深圳宝安周六大健康创业沙龙 09/26 周六 14:30 广东深圳 一道生活18007167248 粉丝  426 一道生活18007167248 活动 22 粉丝 426 +关注 外贸B端企业出海增长-AI赋能B2B 后天 14:00 广东深圳 外贸加油站 粉丝  8486 外贸加油站 活动 144 粉丝 8486 +关注 AI交易者之家招募场地/募资/二级交易者伙伴｜深圳南山·福田 08/24 周一 ~ 09/30 周三 广东深圳 大湾区AI产业应用俱乐部 粉丝  3515 大湾区AI产业应用俱乐部 活动 96 粉丝 3515 +关注 深圳首场《 AI赋能鸿蒙应用开发与迁移》 欢迎参加！ 09/15 周二 ~ 09/16 周三 广东深圳 智汇云校 粉丝  3337 智汇云校 活动 371 粉丝 3337 +关注 财富翻转训练营 09/15 周二 ~ 09/16 周三 广东深圳 明道 粉丝  0 明道 活动 36 粉丝 0 +关注 2026深圳制药工业展 09/16 周三 ~ 09/18 周五 广东深圳 CPHI世界制药原料中国展 粉丝  3965 CPHI世界制药原料中国展 活动 96 粉丝 3965 +关注 深圳医美科技与功效革新展&粤港澳科学护肤与医美科技产业大会 09/16 周三 ~ 09/18 周五 广东深圳 CPHI世界制药原料中国展 粉丝  3965 CPHI世界制药原料中国展 活动 96 粉丝 3965 +关注 【深圳站】2026海淀区“两区”建设珠三角推介会 今天 09:00 广东深圳 火花世界 粉丝  417 火花世界 活动 11 粉丝 417 +关注 CPHI深圳2026制药高质量发展大会暨第五届天然产物合成和药物先进制造方法国际研讨会 09/16 周三 ~ 09/17 周四 广东深圳 CPHI世界制药原料中国展 粉丝  3965 CPHI世界制药原料中国展 活动 96 粉丝 3965 +关注 2026天然原料创新与健康应用大会（华南） 09/16 周三 ~ 09/18 周五 广东深圳 CPHI世界制药原料中国展 粉丝  3965 CPHI世界制药原料中国展 活动 96 粉丝 3965 +关注 医美产业全球法规与生态构建分论坛 今天 09:30 广东深圳 CPHI世界制药原料中国展 粉丝  3965 CPHI世界制药原料中国展 活动 96 粉丝 3965 +关注 CPHI医药产业出海研讨会 今天 09:30 广东深圳 CPHI世界制药原料中国展 粉丝  3965 CPHI世界制药原料中国展 活动 96 粉丝 3965 +关注 每周三固定｜羽毛球循环局🏸｜羽动成长社 今天 10:00 广东深圳 叶艳华-临床营养治疗师 粉丝  39 叶艳华-临床营养治疗师 活动 30 粉丝 39 +关注,,,,https://www.huodongxing.com/event/7876016477700,,免费,活动行,广东省,深圳,活动行平台支付/报名
备战黑五 筹备网一 —— 深圳DTC品牌操盘手社群中秋聚会,,网站导航 热门站点 全国站 北京站 上海站 广州站 深圳站 杭州站 武汉站 成都站 长沙站 精选推荐 首页 行业 生活 学习 找活动 找主办方 专题精选 人气榜 下载App 更多服务 找场地 活动百宝箱 主办方管理中心 主办方vip 活动行管家 大会解决方案 关注活动行 | 小程序 | 帮助中心 深圳 当前定位城市: 热门城市: 全国 北京 上海 广州 深圳 杭州 武汉 成都 长沙 南京 重庆 苏州 其它城市: 西安 郑州 厦门 天津 宁波 青岛 东莞 佛山 济南 珠海 合肥 福州 石家庄 昆明 查找更多城市 > 首页 分类 解决方案 场景方案 线上峰会/研讨会 从宣传推广、名单收集、直播互动、线下拍摄/导播、数据分析等一站式直播解决方案 活动行企业版 专为对品牌、数据安全要求较高的企业/商会协会/会展公司等打造的活动管理系统 数字云展厅 定制图文音视频展厅/元宇宙展厅，独立的展商详情页、商机收集等 私有化部署 快速私有化部署企业私有活动管理解决方案，支持阿里云、腾讯云、AWS等 免费创建 下载APP 业务合作 主办方中心 注册 / 登录 推荐 发现活动 人气榜 主办方 精选专题 意见反馈 回到顶部 城市: 全国 北京 上海 深圳 广州 杭州 成都 武汉 重庆 南京 苏州 长沙 西安 厦门 郑州 东莞 青岛 天津 宁波 昆明 香港 澳门 更多城市 分类: 时间: 全部 本周 本周末 1个月内 形式： 线下活动 线上活动 综合排序 最新发布 热门点击 最多参与 项目全过程管理控制与实践（¥4800元/人） 11/17 周二 ~ 11/18 周三 广东深圳 行课网 粉丝  4 行课网 活动 6 粉丝 4 +关注 第20届中国(深圳)国际物流与供应链博览会 12/02 周三 ~ 12/04 周五 广东深圳 TikTok 卖家门户网TKFFF 粉丝  12372 TikTok 卖家门户网TKFFF 活动 365 粉丝 12372 +关注 北科生物深圳综合细胞库 开放参观日 09/06 周日 ~ 10/06 周二 广东深圳 深圳综合细胞库 粉丝  6100 深圳综合细胞库 活动 76 粉丝 6100 +关注 北科生物深圳综合细胞库21周年庆开放日参观 09/16 周三 ~ 10/16 周五 广东深圳 深圳综合细胞库 粉丝  6100 深圳综合细胞库 活动 76 粉丝 6100 +关注 备战黑五 筹备网一 —— 深圳DTC品牌操盘手社群中秋聚会 09/24 周四 18:00 广东深圳 霞光社 粉丝  17711 霞光社 活动 88 粉丝 17711 +关注 深圳千万资产局单身交友活动 09/26 周六 14:30 广东深圳 Seekr@微信小程序 粉丝  1037 Seekr@微信小程序 活动 37 粉丝 1037 +关注 安克移动影院 X1 Pro 中国线下首发 09/19 周六 14:00 广东深圳 INNO100 粉丝  2265 INNO100 活动 22 粉丝 2265 +关注 深圳宝安周六大健康创业沙龙 09/26 周六 14:30 广东深圳 一道生活18007167248 粉丝  426 一道生活18007167248 活动 22 粉丝 426 +关注 外贸B端企业出海增长-AI赋能B2B 后天 14:00 广东深圳 外贸加油站 粉丝  8486 外贸加油站 活动 144 粉丝 8486 +关注 AI交易者之家招募场地/募资/二级交易者伙伴｜深圳南山·福田 08/24 周一 ~ 09/30 周三 广东深圳 大湾区AI产业应用俱乐部 粉丝  3515 大湾区AI产业应用俱乐部 活动 96 粉丝 3515 +关注 深圳首场《 AI赋能鸿蒙应用开发与迁移》 欢迎参加！ 09/15 周二 ~ 09/16 周三 广东深圳 智汇云校 粉丝  3337 智汇云校 活动 371 粉丝 3337 +关注 财富翻转训练营 09/15 周二 ~ 09/16 周三 广东深圳 明道 粉丝  0 明道 活动 36 粉丝 0 +关注 2026深圳制药工业展 09/16 周三 ~ 09/18 周五 广东深圳 CPHI世界制药原料中国展 粉丝  3965 CPHI世界制药原料中国展 活动 96 粉丝 3965 +关注 深圳医美科技与功效革新展&粤港澳科学护肤与医美科技产业大会 09/16 周三 ~ 09/18 周五 广东深圳 CPHI世界制药原料中国展 粉丝  3965 CPHI世界制药原料中国展 活动 96 粉丝 3965 +关注 【深圳站】2026海淀区“两区”建设珠三角推介会 今天 09:00 广东深圳 火花世界 粉丝  417 火花世界 活动 11 粉丝 417 +关注 CPHI深圳2026制药高质量发展大会暨第五届天然产物合成和药物先进制造方法国际研讨会 09/16 周三 ~ 09/17 周四 广东深圳 CPHI世界制药原料中国展 粉丝  3965 CPHI世界制药原料中国展 活动 96 粉丝 3965 +关注 2026天然原料创新与健康应用大会（华南） 09/16 周三 ~ 09/18 周五 广东深圳 CPHI世界制药原料中国展 粉丝  3965 CPHI世界制药原料中国展 活动 96 粉丝 3965 +关注 医美产业全球法规与生态构建分论坛 今天 09:30 广东深圳 CPHI世界制药原料中国展 粉丝  3965 CPHI世界制药原料中国展 活动 96 粉丝 3965 +关注 CPHI医药产业出海研讨会 今天 09:30 广东深圳 CPHI世界制药原料中国展 粉丝  3965 CPHI世界制药原料中国展 活动 96 粉丝 3965 +关注 每周三固定｜羽毛球循环局🏸｜羽动成长社 今天 10:00 广东深圳 叶艳华-临床营养治疗师 粉丝  39 叶艳华-临床营养治疗师 活动 30 粉丝 39 +关注,,,,https://www.huodongxing.com/event/4876066373511,,免费,活动行,广东省,深圳,活动行平台支付/报名
深圳千万资产局单身交友活动,,网站导航 热门站点 全国站 北京站 上海站 广州站 深圳站 杭州站 武汉站 成都站 长沙站 精选推荐 首页 行业 生活 学习 找活动 找主办方 专题精选 人气榜 下载App 更多服务 找场地 活动百宝箱 主办方管理中心 主办方vip 活动行管家 大会解决方案 关注活动行 | 小程序 | 帮助中心 深圳 当前定位城市: 热门城市: 全国 北京 上海 广州 深圳 杭州 武汉 成都 长沙 南京 重庆 苏州 其它城市: 西安 郑州 厦门 天津 宁波 青岛 东莞 佛山 济南 珠海 合肥 福州 石家庄 昆明 查找更多城市 > 首页 分类 解决方案 场景方案 线上峰会/研讨会 从宣传推广、名单收集、直播互动、线下拍摄/导播、数据分析等一站式直播解决方案 活动行企业版 专为对品牌、数据安全要求较高的企业/商会协会/会展公司等打造的活动管理系统 数字云展厅 定制图文音视频展厅/元宇宙展厅，独立的展商详情页、商机收集等 私有化部署 快速私有化部署企业私有活动管理解决方案，支持阿里云、腾讯云、AWS等 免费创建 下载APP 业务合作 主办方中心 注册 / 登录 推荐 发现活动 人气榜 主办方 精选专题 意见反馈 回到顶部 城市: 全国 北京 上海 深圳 广州 杭州 成都 武汉 重庆 南京 苏州 长沙 西安 厦门 郑州 东莞 青岛 天津 宁波 昆明 香港 澳门 更多城市 分类: 时间: 全部 本周 本周末 1个月内 形式： 线下活动 线上活动 综合排序 最新发布 热门点击 最多参与 项目全过程管理控制与实践（¥4800元/人） 11/17 周二 ~ 11/18 周三 广东深圳 行课网 粉丝  4 行课网 活动 6 粉丝 4 +关注 第20届中国(深圳)国际物流与供应链博览会 12/02 周三 ~ 12/04 周五 广东深圳 TikTok 卖家门户网TKFFF 粉丝  12372 TikTok 卖家门户网TKFFF 活动 365 粉丝 12372 +关注 北科生物深圳综合细胞库 开放参观日 09/06 周日 ~ 10/06 周二 广东深圳 深圳综合细胞库 粉丝  6100 深圳综合细胞库 活动 76 粉丝 6100 +关注 北科生物深圳综合细胞库21周年庆开放日参观 09/16 周三 ~ 10/16 周五 广东深圳 深圳综合细胞库 粉丝  6100 深圳综合细胞库 活动 76 粉丝 6100 +关注 备战黑五 筹备网一 —— 深圳DTC品牌操盘手社群中秋聚会 09/24 周四 18:00 广东深圳 霞光社 粉丝  17711 霞光社 活动 88 粉丝 17711 +关注 深圳千万资产局单身交友活动 09/26 周六 14:30 广东深圳 Seekr@微信小程序 粉丝  1037 Seekr@微信小程序 活动 37 粉丝 1037 +关注 安克移动影院 X1 Pro 中国线下首发 09/19 周六 14:00 广东深圳 INNO100 粉丝  2265 INNO100 活动 22 粉丝 2265 +关注 深圳宝安周六大健康创业沙龙 09/26 周六 14:30 广东深圳 一道生活18007167248 粉丝  426 一道生活18007167248 活动 22 粉丝 426 +关注 外贸B端企业出海增长-AI赋能B2B 后天 14:00 广东深圳 外贸加油站 粉丝  8486 外贸加油站 活动 144 粉丝 8486 +关注 AI交易者之家招募场地/募资/二级交易者伙伴｜深圳南山·福田 08/24 周一 ~ 09/30 周三 广东深圳 大湾区AI产业应用俱乐部 粉丝  3515 大湾区AI产业应用俱乐部 活动 96 粉丝 3515 +关注 深圳首场《 AI赋能鸿蒙应用开发与迁移》 欢迎参加！ 09/15 周二 ~ 09/16 周三 广东深圳 智汇云校 粉丝  3337 智汇云校 活动 371 粉丝 3337 +关注 财富翻转训练营 09/15 周二 ~ 09/16 周三 广东深圳 明道 粉丝  0 明道 活动 36 粉丝 0 +关注 2026深圳制药工业展 09/16 周三 ~ 09/18 周五 广东深圳 CPHI世界制药原料中国展 粉丝  3965 CPHI世界制药原料中国展 活动 96 粉丝 3965 +关注 深圳医美科技与功效革新展&粤港澳科学护肤与医美科技产业大会 09/16 周三 ~ 09/18 周五 广东深圳 CPHI世界制药原料中国展 粉丝  3965 CPHI世界制药原料中国展 活动 96 粉丝 3965 +关注 【深圳站】2026海淀区“两区”建设珠三角推介会 今天 09:00 广东深圳 火花世界 粉丝  417 火花世界 活动 11 粉丝 417 +关注 CPHI深圳2026制药高质量发展大会暨第五届天然产物合成和药物先进制造方法国际研讨会 09/16 周三 ~ 09/17 周四 广东深圳 CPHI世界制药原料中国展 粉丝  3965 CPHI世界制药原料中国展 活动 96 粉丝 3965 +关注 2026天然原料创新与健康应用大会（华南） 09/16 周三 ~ 09/18 周五 广东深圳 CPHI世界制药原料中国展 粉丝  3965 CPHI世界制药原料中国展 活动 96 粉丝 3965 +关注 医美产业全球法规与生态构建分论坛 今天 09:30 广东深圳 CPHI世界制药原料中国展 粉丝  3965 CPHI世界制药原料中国展 活动 96 粉丝 3965 +关注 CPHI医药产业出海研讨会 今天 09:30 广东深圳 CPHI世界制药原料中国展 粉丝  3965 CPHI世界制药原料中国展 活动 96 粉丝 3965 +关注 每周三固定｜羽毛球循环局🏸｜羽动成长社 今天 10:00 广东深圳 叶艳华-临床营养治疗师 粉丝  39 叶艳华-临床营养治疗师 活动 30 粉丝 39 +关注,,,,https://www.huodongxing.com/event/5873278315412,,免费,活动行,广东省,深圳,活动行平台支付/报名
AI交易者之家招募场地/募资/二级交易者伙伴｜深圳南山·福田,,网站导航 热门站点 全国站 北京站 上海站 广州站 深圳站 杭州站 武汉站 成都站 长沙站 精选推荐 首页 行业 生活 学习 找活动 找主办方 专题精选 人气榜 下载App 更多服务 找场地 活动百宝箱 主办方管理中心 主办方vip 活动行管家 大会解决方案 关注活动行 | 小程序 | 帮助中心 深圳 当前定位城市: 热门城市: 全国 北京 上海 广州 深圳 杭州 武汉 成都 长沙 南京 重庆 苏州 其它城市: 西安 郑州 厦门 天津 宁波 青岛 东莞 佛山 济南 珠海 合肥 福州 石家庄 昆明 查找更多城市 > 首页 分类 解决方案 场景方案 线上峰会/研讨会 从宣传推广、名单收集、直播互动、线下拍摄/导播、数据分析等一站式直播解决方案 活动行企业版 专为对品牌、数据安全要求较高的企业/商会协会/会展公司等打造的活动管理系统 数字云展厅 定制图文音视频展厅/元宇宙展厅，独立的展商详情页、商机收集等 私有化部署 快速私有化部署企业私有活动管理解决方案，支持阿里云、腾讯云、AWS等 免费创建 下载APP 业务合作 主办方中心 注册 / 登录 推荐 发现活动 人气榜 主办方 精选专题 意见反馈 回到顶部 城市: 全国 北京 上海 深圳 广州 杭州 成都 武汉 重庆 南京 苏州 长沙 西安 厦门 郑州 东莞 青岛 天津 宁波 昆明 香港 澳门 更多城市 分类: 时间: 全部 本周 本周末 1个月内 形式： 线下活动 线上活动 综合排序 最新发布 热门点击 最多参与 项目全过程管理控制与实践（¥4800元/人） 11/17 周二 ~ 11/18 周三 广东深圳 行课网 粉丝  4 行课网 活动 6 粉丝 4 +关注 第20届中国(深圳)国际物流与供应链博览会 12/02 周三 ~ 12/04 周五 广东深圳 TikTok 卖家门户网TKFFF 粉丝  12372 TikTok 卖家门户网TKFFF 活动 365 粉丝 12372 +关注 北科生物深圳综合细胞库 开放参观日 09/06 周日 ~ 10/06 周二 广东深圳 深圳综合细胞库 粉丝  6100 深圳综合细胞库 活动 76 粉丝 6100 +关注 北科生物深圳综合细胞库21周年庆开放日参观 09/16 周三 ~ 10/16 周五 广东深圳 深圳综合细胞库 粉丝  6100 深圳综合细胞库 活动 76 粉丝 6100 +关注 备战黑五 筹备网一 —— 深圳DTC品牌操盘手社群中秋聚会 09/24 周四 18:00 广东深圳 霞光社 粉丝  17711 霞光社 活动 88 粉丝 17711 +关注 深圳千万资产局单身交友活动 09/26 周六 14:30 广东深圳 Seekr@微信小程序 粉丝  1037 Seekr@微信小程序 活动 37 粉丝 1037 +关注 安克移动影院 X1 Pro 中国线下首发 09/19 周六 14:00 广东深圳 INNO100 粉丝  2265 INNO100 活动 22 粉丝 2265 +关注 深圳宝安周六大健康创业沙龙 09/26 周六 14:30 广东深圳 一道生活18007167248 粉丝  426 一道生活18007167248 活动 22 粉丝 426 +关注 外贸B端企业出海增长-AI赋能B2B 后天 14:00 广东深圳 外贸加油站 粉丝  8486 外贸加油站 活动 144 粉丝 8486 +关注 AI交易者之家招募场地/募资/二级交易者伙伴｜深圳南山·福田 08/24 周一 ~ 09/30 周三 广东深圳 大湾区AI产业应用俱乐部 粉丝  3515 大湾区AI产业应用俱乐部 活动 96 粉丝 3515 +关注 深圳首场《 AI赋能鸿蒙应用开发与迁移》 欢迎参加！ 09/15 周二 ~ 09/16 周三 广东深圳 智汇云校 粉丝  3337 智汇云校 活动 371 粉丝 3337 +关注 财富翻转训练营 09/15 周二 ~ 09/16 周三 广东深圳 明道 粉丝  0 明道 活动 36 粉丝 0 +关注 2026深圳制药工业展 09/16 周三 ~ 09/18 周五 广东深圳 CPHI世界制药原料中国展 粉丝  3965 CPHI世界制药原料中国展 活动 96 粉丝 3965 +关注 深圳医美科技与功效革新展&粤港澳科学护肤与医美科技产业大会 09/16 周三 ~ 09/18 周五 广东深圳 CPHI世界制药原料中国展 粉丝  3965 CPHI世界制药原料中国展 活动 96 粉丝 3965 +关注 【深圳站】2026海淀区“两区”建设珠三角推介会 今天 09:00 广东深圳 火花世界 粉丝  417 火花世界 活动 11 粉丝 417 +关注 CPHI深圳2026制药高质量发展大会暨第五届天然产物合成和药物先进制造方法国际研讨会 09/16 周三 ~ 09/17 周四 广东深圳 CPHI世界制药原料中国展 粉丝  3965 CPHI世界制药原料中国展 活动 96 粉丝 3965 +关注 2026天然原料创新与健康应用大会（华南） 09/16 周三 ~ 09/18 周五 广东深圳 CPHI世界制药原料中国展 粉丝  3965 CPHI世界制药原料中国展 活动 96 粉丝 3965 +关注 医美产业全球法规与生态构建分论坛 今天 09:30 广东深圳 CPHI世界制药原料中国展 粉丝  3965 CPHI世界制药原料中国展 活动 96 粉丝 3965 +关注 CPHI医药产业出海研讨会 今天 09:30 广东深圳 CPHI世界制药原料中国展 粉丝  3965 CPHI世界制药原料中国展 活动 96 粉丝 3965 +关注 每周三固定｜羽毛球循环局🏸｜羽动成长社 今天 10:00 广东深圳 叶艳华-临床营养治疗师 粉丝  39 叶艳华-临床营养治疗师 活动 30 粉丝 39 +关注,,,,https://www.huodongxing.com/event/5874754387600,,免费,活动行,广东省,深圳,活动行平台支付/报名
深圳首场《 AI赋能鸿蒙应用开发与迁移》 欢迎参加！,,网站导航 热门站点 全国站 北京站 上海站 广州站 深圳站 杭州站 武汉站 成都站 长沙站 精选推荐 首页 行业 生活 学习 找活动 找主办方 专题精选 人气榜 下载App 更多服务 找场地 活动百宝箱 主办方管理中心 主办方vip 活动行管家 大会解决方案 关注活动行 | 小程序 | 帮助中心 深圳 当前定位城市: 热门城市: 全国 北京 上海 广州 深圳 杭州 武汉 成都 长沙 南京 重庆 苏州 其它城市: 西安 郑州 厦门 天津 宁波 青岛 东莞 佛山 济南 珠海 合肥 福州 石家庄 昆明 查找更多城市 > 首页 分类 解决方案 场景方案 线上峰会/研讨会 从宣传推广、名单收集、直播互动、线下拍摄/导播、数据分析等一站式直播解决方案 活动行企业版 专为对品牌、数据安全要求较高的企业/商会协会/会展公司等打造的活动管理系统 数字云展厅 定制图文音视频展厅/元宇宙展厅，独立的展商详情页、商机收集等 私有化部署 快速私有化部署企业私有活动管理解决方案，支持阿里云、腾讯云、AWS等 免费创建 下载APP 业务合作 主办方中心 注册 / 登录 推荐 发现活动 人气榜 主办方 精选专题 意见反馈 回到顶部 城市: 全国 北京 上海 深圳 广州 杭州 成都 武汉 重庆 南京 苏州 长沙 西安 厦门 郑州 东莞 青岛 天津 宁波 昆明 香港 澳门 更多城市 分类: 时间: 全部 本周 本周末 1个月内 形式： 线下活动 线上活动 综合排序 最新发布 热门点击 最多参与 项目全过程管理控制与实践（¥4800元/人） 11/17 周二 ~ 11/18 周三 广东深圳 行课网 粉丝  4 行课网 活动 6 粉丝 4 +关注 第20届中国(深圳)国际物流与供应链博览会 12/02 周三 ~ 12/04 周五 广东深圳 TikTok 卖家门户网TKFFF 粉丝  12372 TikTok 卖家门户网TKFFF 活动 365 粉丝 12372 +关注 北科生物深圳综合细胞库 开放参观日 09/06 周日 ~ 10/06 周二 广东深圳 深圳综合细胞库 粉丝  6100 深圳综合细胞库 活动 76 粉丝 6100 +关注 北科生物深圳综合细胞库21周年庆开放日参观 09/16 周三 ~ 10/16 周五 广东深圳 深圳综合细胞库 粉丝  6100 深圳综合细胞库 活动 76 粉丝 6100 +关注 备战黑五 筹备网一 —— 深圳DTC品牌操盘手社群中秋聚会 09/24 周四 18:00 广东深圳 霞光社 粉丝  17711 霞光社 活动 88 粉丝 17711 +关注 深圳千万资产局单身交友活动 09/26 周六 14:30 广东深圳 Seekr@微信小程序 粉丝  1037 Seekr@微信小程序 活动 37 粉丝 1037 +关注 安克移动影院 X1 Pro 中国线下首发 09/19 周六 14:00 广东深圳 INNO100 粉丝  2265 INNO100 活动 22 粉丝 2265 +关注 深圳宝安周六大健康创业沙龙 09/26 周六 14:30 广东深圳 一道生活18007167248 粉丝  426 一道生活18007167248 活动 22 粉丝 426 +关注 外贸B端企业出海增长-AI赋能B2B 后天 14:00 广东深圳 外贸加油站 粉丝  8486 外贸加油站 活动 144 粉丝 8486 +关注 AI交易者之家招募场地/募资/二级交易者伙伴｜深圳南山·福田 08/24 周一 ~ 09/30 周三 广东深圳 大湾区AI产业应用俱乐部 粉丝  3515 大湾区AI产业应用俱乐部 活动 96 粉丝 3515 +关注 深圳首场《 AI赋能鸿蒙应用开发与迁移》 欢迎参加！ 09/15 周二 ~ 09/16 周三 广东深圳 智汇云校 粉丝  3337 智汇云校 活动 371 粉丝 3337 +关注 财富翻转训练营 09/15 周二 ~ 09/16 周三 广东深圳 明道 粉丝  0 明道 活动 36 粉丝 0 +关注 2026深圳制药工业展 09/16 周三 ~ 09/18 周五 广东深圳 CPHI世界制药原料中国展 粉丝  3965 CPHI世界制药原料中国展 活动 96 粉丝 3965 +关注 深圳医美科技与功效革新展&粤港澳科学护肤与医美科技产业大会 09/16 周三 ~ 09/18 周五 广东深圳 CPHI世界制药原料中国展 粉丝  3965 CPHI世界制药原料中国展 活动 96 粉丝 3965 +关注 【深圳站】2026海淀区“两区”建设珠三角推介会 今天 09:00 广东深圳 火花世界 粉丝  417 火花世界 活动 11 粉丝 417 +关注 CPHI深圳2026制药高质量发展大会暨第五届天然产物合成和药物先进制造方法国际研讨会 09/16 周三 ~ 09/17 周四 广东深圳 CPHI世界制药原料中国展 粉丝  3965 CPHI世界制药原料中国展 活动 96 粉丝 3965 +关注 2026天然原料创新与健康应用大会（华南） 09/16 周三 ~ 09/18 周五 广东深圳 CPHI世界制药原料中国展 粉丝  3965 CPHI世界制药原料中国展 活动 96 粉丝 3965 +关注 医美产业全球法规与生态构建分论坛 今天 09:30 广东深圳 CPHI世界制药原料中国展 粉丝  3965 CPHI世界制药原料中国展 活动 96 粉丝 3965 +关注 CPHI医药产业出海研讨会 今天 09:30 广东深圳 CPHI世界制药原料中国展 粉丝  3965 CPHI世界制药原料中国展 活动 96 粉丝 3965 +关注 每周三固定｜羽毛球循环局🏸｜羽动成长社 今天 10:00 广东深圳 叶艳华-临床营养治疗师 粉丝  39 叶艳华-临床营养治疗师 活动 30 粉丝 39 +关注,,,,https://www.huodongxing.com/event/8875861976900,,免费,活动行,广东省,深圳,活动行平台支付/报名
财富翻转训练营,,网站导航 热门站点 全国站 北京站 上海站 广州站 深圳站 杭州站 武汉站 成都站 长沙站 精选推荐 首页 行业 生活 学习 找活动 找主办方 专题精选 人气榜 下载App 更多服务 找场地 活动百宝箱 主办方管理中心 主办方vip 活动行管家 大会解决方案 关注活动行 | 小程序 | 帮助中心 深圳 当前定位城市: 热门城市: 全国 北京 上海 广州 深圳 杭州 武汉 成都 长沙 南京 重庆 苏州 其它城市: 西安 郑州 厦门 天津 宁波 青岛 东莞 佛山 济南 珠海 合肥 福州 石家庄 昆明 查找更多城市 > 首页 分类 解决方案 场景方案 线上峰会/研讨会 从宣传推广、名单收集、直播互动、线下拍摄/导播、数据分析等一站式直播解决方案 活动行企业版 专为对品牌、数据安全要求较高的企业/商会协会/会展公司等打造的活动管理系统 数字云展厅 定制图文音视频展厅/元宇宙展厅，独立的展商详情页、商机收集等 私有化部署 快速私有化部署企业私有活动管理解决方案，支持阿里云、腾讯云、AWS等 免费创建 下载APP 业务合作 主办方中心 注册 / 登录 推荐 发现活动 人气榜 主办方 精选专题 意见反馈 回到顶部 城市: 全国 北京 上海 深圳 广州 杭州 成都 武汉 重庆 南京 苏州 长沙 西安 厦门 郑州 东莞 青岛 天津 宁波 昆明 香港 澳门 更多城市 分类: 时间: 全部 本周 本周末 1个月内 形式： 线下活动 线上活动 综合排序 最新发布 热门点击 最多参与 项目全过程管理控制与实践（¥4800元/人） 11/17 周二 ~ 11/18 周三 广东深圳 行课网 粉丝  4 行课网 活动 6 粉丝 4 +关注 第20届中国(深圳)国际物流与供应链博览会 12/02 周三 ~ 12/04 周五 广东深圳 TikTok 卖家门户网TKFFF 粉丝  12372 TikTok 卖家门户网TKFFF 活动 365 粉丝 12372 +关注 北科生物深圳综合细胞库 开放参观日 09/06 周日 ~ 10/06 周二 广东深圳 深圳综合细胞库 粉丝  6100 深圳综合细胞库 活动 76 粉丝 6100 +关注 北科生物深圳综合细胞库21周年庆开放日参观 09/16 周三 ~ 10/16 周五 广东深圳 深圳综合细胞库 粉丝  6100 深圳综合细胞库 活动 76 粉丝 6100 +关注 备战黑五 筹备网一 —— 深圳DTC品牌操盘手社群中秋聚会 09/24 周四 18:00 广东深圳 霞光社 粉丝  17711 霞光社 活动 88 粉丝 17711 +关注 深圳千万资产局单身交友活动 09/26 周六 14:30 广东深圳 Seekr@微信小程序 粉丝  1037 Seekr@微信小程序 活动 37 粉丝 1037 +关注 安克移动影院 X1 Pro 中国线下首发 09/19 周六 14:00 广东深圳 INNO100 粉丝  2265 INNO100 活动 22 粉丝 2265 +关注 深圳宝安周六大健康创业沙龙 09/26 周六 14:30 广东深圳 一道生活18007167248 粉丝  426 一道生活18007167248 活动 22 粉丝 426 +关注 外贸B端企业出海增长-AI赋能B2B 后天 14:00 广东深圳 外贸加油站 粉丝  8486 外贸加油站 活动 144 粉丝 8486 +关注 AI交易者之家招募场地/募资/二级交易者伙伴｜深圳南山·福田 08/24 周一 ~ 09/30 周三 广东深圳 大湾区AI产业应用俱乐部 粉丝  3515 大湾区AI产业应用俱乐部 活动 96 粉丝 3515 +关注 深圳首场《 AI赋能鸿蒙应用开发与迁移》 欢迎参加！ 09/15 周二 ~ 09/16 周三 广东深圳 智汇云校 粉丝  3337 智汇云校 活动 371 粉丝 3337 +关注 财富翻转训练营 09/15 周二 ~ 09/16 周三 广东深圳 明道 粉丝  0 明道 活动 36 粉丝 0 +关注 2026深圳制药工业展 09/16 周三 ~ 09/18 周五 广东深圳 CPHI世界制药原料中国展 粉丝  3965 CPHI世界制药原料中国展 活动 96 粉丝 3965 +关注 深圳医美科技与功效革新展&粤港澳科学护肤与医美科技产业大会 09/16 周三 ~ 09/18 周五 广东深圳 CPHI世界制药原料中国展 粉丝  3965 CPHI世界制药原料中国展 活动 96 粉丝 3965 +关注 【深圳站】2026海淀区“两区”建设珠三角推介会 今天 09:00 广东深圳 火花世界 粉丝  417 火花世界 活动 11 粉丝 417 +关注 CPHI深圳2026制药高质量发展大会暨第五届天然产物合成和药物先进制造方法国际研讨会 09/16 周三 ~ 09/17 周四 广东深圳 CPHI世界制药原料中国展 粉丝  3965 CPHI世界制药原料中国展 活动 96 粉丝 3965 +关注 2026天然原料创新与健康应用大会（华南） 09/16 周三 ~ 09/18 周五 广东深圳 CPHI世界制药原料中国展 粉丝  3965 CPHI世界制药原料中国展 活动 96 粉丝 3965 +关注 医美产业全球法规与生态构建分论坛 今天 09:30 广东深圳 CPHI世界制药原料中国展 粉丝  3965 CPHI世界制药原料中国展 活动 96 粉丝 3965 +关注 CPHI医药产业出海研讨会 今天 09:30 广东深圳 CPHI世界制药原料中国展 粉丝  3965 CPHI世界制药原料中国展 活动 96 粉丝 3965 +关注 每周三固定｜羽毛球循环局🏸｜羽动成长社 今天 10:00 广东深圳 叶艳华-临床营养治疗师 粉丝  39 叶艳华-临床营养治疗师 活动 30 粉丝 39 +关注,,,,https://www.huodongxing.com/event/3877055354000,,免费,活动行,广东省,深圳,活动行平台支付/报名
2026深圳制药工业展,,网站导航 热门站点 全国站 北京站 上海站 广州站 深圳站 杭州站 武汉站 成都站 长沙站 精选推荐 首页 行业 生活 学习 找活动 找主办方 专题精选 人气榜 下载App 更多服务 找场地 活动百宝箱 主办方管理中心 主办方vip 活动行管家 大会解决方案 关注活动行 | 小程序 | 帮助中心 深圳 当前定位城市: 热门城市: 全国 北京 上海 广州 深圳 杭州 武汉 成都 长沙 南京 重庆 苏州 其它城市: 西安 郑州 厦门 天津 宁波 青岛 东莞 佛山 济南 珠海 合肥 福州 石家庄 昆明 查找更多城市 > 首页 分类 解决方案 场景方案 线上峰会/研讨会 从宣传推广、名单收集、直播互动、线下拍摄/导播、数据分析等一站式直播解决方案 活动行企业版 专为对品牌、数据安全要求较高的企业/商会协会/会展公司等打造的活动管理系统 数字云展厅 定制图文音视频展厅/元宇宙展厅，独立的展商详情页、商机收集等 私有化部署 快速私有化部署企业私有活动管理解决方案，支持阿里云、腾讯云、AWS等 免费创建 下载APP 业务合作 主办方中心 注册 / 登录 推荐 发现活动 人气榜 主办方 精选专题 意见反馈 回到顶部 城市: 全国 北京 上海 深圳 广州 杭州 成都 武汉 重庆 南京 苏州 长沙 西安 厦门 郑州 东莞 青岛 天津 宁波 昆明 香港 澳门 更多城市 分类: 时间: 全部 本周 本周末 1个月内 形式： 线下活动 线上活动 综合排序 最新发布 热门点击 最多参与 项目全过程管理控制与实践（¥4800元/人） 11/17 周二 ~ 11/18 周三 广东深圳 行课网 粉丝  4 行课网 活动 6 粉丝 4 +关注 第20届中国(深圳)国际物流与供应链博览会 12/02 周三 ~ 12/04 周五 广东深圳 TikTok 卖家门户网TKFFF 粉丝  12372 TikTok 卖家门户网TKFFF 活动 365 粉丝 12372 +关注 北科生物深圳综合细胞库 开放参观日 09/06 周日 ~ 10/06 周二 广东深圳 深圳综合细胞库 粉丝  6100 深圳综合细胞库 活动 76 粉丝 6100 +关注 北科生物深圳综合细胞库21周年庆开放日参观 09/16 周三 ~ 10/16 周五 广东深圳 深圳综合细胞库 粉丝  6100 深圳综合细胞库 活动 76 粉丝 6100 +关注 备战黑五 筹备网一 —— 深圳DTC品牌操盘手社群中秋聚会 09/24 周四 18:00 广东深圳 霞光社 粉丝  17711 霞光社 活动 88 粉丝 17711 +关注 深圳千万资产局单身交友活动 09/26 周六 14:30 广东深圳 Seekr@微信小程序 粉丝  1037 Seekr@微信小程序 活动 37 粉丝 1037 +关注 安克移动影院 X1 Pro 中国线下首发 09/19 周六 14:00 广东深圳 INNO100 粉丝  2265 INNO100 活动 22 粉丝 2265 +关注 深圳宝安周六大健康创业沙龙 09/26 周六 14:30 广东深圳 一道生活18007167248 粉丝  426 一道生活18007167248 活动 22 粉丝 426 +关注 外贸B端企业出海增长-AI赋能B2B 后天 14:00 广东深圳 外贸加油站 粉丝  8486 外贸加油站 活动 144 粉丝 8486 +关注 AI交易者之家招募场地/募资/二级交易者伙伴｜深圳南山·福田 08/24 周一 ~ 09/30 周三 广东深圳 大湾区AI产业应用俱乐部 粉丝  3515 大湾区AI产业应用俱乐部 活动 96 粉丝 3515 +关注 深圳首场《 AI赋能鸿蒙应用开发与迁移》 欢迎参加！ 09/15 周二 ~ 09/16 周三 广东深圳 智汇云校 粉丝  3337 智汇云校 活动 371 粉丝 3337 +关注 财富翻转训练营 09/15 周二 ~ 09/16 周三 广东深圳 明道 粉丝  0 明道 活动 36 粉丝 0 +关注 2026深圳制药工业展 09/16 周三 ~ 09/18 周五 广东深圳 CPHI世界制药原料中国展 粉丝  3965 CPHI世界制药原料中国展 活动 96 粉丝 3965 +关注 深圳医美科技与功效革新展&粤港澳科学护肤与医美科技产业大会 09/16 周三 ~ 09/18 周五 广东深圳 CPHI世界制药原料中国展 粉丝  3965 CPHI世界制药原料中国展 活动 96 粉丝 3965 +关注 【深圳站】2026海淀区“两区”建设珠三角推介会 今天 09:00 广东深圳 火花世界 粉丝  417 火花世界 活动 11 粉丝 417 +关注 CPHI深圳2026制药高质量发展大会暨第五届天然产物合成和药物先进制造方法国际研讨会 09/16 周三 ~ 09/17 周四 广东深圳 CPHI世界制药原料中国展 粉丝  3965 CPHI世界制药原料中国展 活动 96 粉丝 3965 +关注 2026天然原料创新与健康应用大会（华南） 09/16 周三 ~ 09/18 周五 广东深圳 CPHI世界制药原料中国展 粉丝  3965 CPHI世界制药原料中国展 活动 96 粉丝 3965 +关注 医美产业全球法规与生态构建分论坛 今天 09:30 广东深圳 CPHI世界制药原料中国展 粉丝  3965 CPHI世界制药原料中国展 活动 96 粉丝 3965 +关注 CPHI医药产业出海研讨会 今天 09:30 广东深圳 CPHI世界制药原料中国展 粉丝  3965 CPHI世界制药原料中国展 活动 96 粉丝 3965 +关注 每周三固定｜羽毛球循环局🏸｜羽动成长社 今天 10:00 广东深圳 叶艳华-临床营养治疗师 粉丝  39 叶艳华-临床营养治疗师 活动 30 粉丝 39 +关注,,,,https://www.huodongxing.com/event/3872456323600,,免费,活动行,广东省,深圳,活动行平台支付/报名
深圳医美科技与功效革新展&粤港澳科学护肤与医美科技产业大会,,网站导航 热门站点 全国站 北京站 上海站 广州站 深圳站 杭州站 武汉站 成都站 长沙站 精选推荐 首页 行业 生活 学习 找活动 找主办方 专题精选 人气榜 下载App 更多服务 找场地 活动百宝箱 主办方管理中心 主办方vip 活动行管家 大会解决方案 关注活动行 | 小程序 | 帮助中心 深圳 当前定位城市: 热门城市: 全国 北京 上海 广州 深圳 杭州 武汉 成都 长沙 南京 重庆 苏州 其它城市: 西安 郑州 厦门 天津 宁波 青岛 东莞 佛山 济南 珠海 合肥 福州 石家庄 昆明 查找更多城市 > 首页 分类 解决方案 场景方案 线上峰会/研讨会 从宣传推广、名单收集、直播互动、线下拍摄/导播、数据分析等一站式直播解决方案 活动行企业版 专为对品牌、数据安全要求较高的企业/商会协会/会展公司等打造的活动管理系统 数字云展厅 定制图文音视频展厅/元宇宙展厅，独立的展商详情页、商机收集等 私有化部署 快速私有化部署企业私有活动管理解决方案，支持阿里云、腾讯云、AWS等 免费创建 下载APP 业务合作 主办方中心 注册 / 登录 推荐 发现活动 人气榜 主办方 精选专题 意见反馈 回到顶部 城市: 全国 北京 上海 深圳 广州 杭州 成都 武汉 重庆 南京 苏州 长沙 西安 厦门 郑州 东莞 青岛 天津 宁波 昆明 香港 澳门 更多城市 分类: 时间: 全部 本周 本周末 1个月内 形式： 线下活动 线上活动 综合排序 最新发布 热门点击 最多参与 项目全过程管理控制与实践（¥4800元/人） 11/17 周二 ~ 11/18 周三 广东深圳 行课网 粉丝  4 行课网 活动 6 粉丝 4 +关注 第20届中国(深圳)国际物流与供应链博览会 12/02 周三 ~ 12/04 周五 广东深圳 TikTok 卖家门户网TKFFF 粉丝  12372 TikTok 卖家门户网TKFFF 活动 365 粉丝 12372 +关注 北科生物深圳综合细胞库 开放参观日 09/06 周日 ~ 10/06 周二 广东深圳 深圳综合细胞库 粉丝  6100 深圳综合细胞库 活动 76 粉丝 6100 +关注 北科生物深圳综合细胞库21周年庆开放日参观 09/16 周三 ~ 10/16 周五 广东深圳 深圳综合细胞库 粉丝  6100 深圳综合细胞库 活动 76 粉丝 6100 +关注 备战黑五 筹备网一 —— 深圳DTC品牌操盘手社群中秋聚会 09/24 周四 18:00 广东深圳 霞光社 粉丝  17711 霞光社 活动 88 粉丝 17711 +关注 深圳千万资产局单身交友活动 09/26 周六 14:30 广东深圳 Seekr@微信小程序 粉丝  1037 Seekr@微信小程序 活动 37 粉丝 1037 +关注 安克移动影院 X1 Pro 中国线下首发 09/19 周六 14:00 广东深圳 INNO100 粉丝  2265 INNO100 活动 22 粉丝 2265 +关注 深圳宝安周六大健康创业沙龙 09/26 周六 14:30 广东深圳 一道生活18007167248 粉丝  426 一道生活18007167248 活动 22 粉丝 426 +关注 外贸B端企业出海增长-AI赋能B2B 后天 14:00 广东深圳 外贸加油站 粉丝  8486 外贸加油站 活动 144 粉丝 8486 +关注 AI交易者之家招募场地/募资/二级交易者伙伴｜深圳南山·福田 08/24 周一 ~ 09/30 周三 广东深圳 大湾区AI产业应用俱乐部 粉丝  3515 大湾区AI产业应用俱乐部 活动 96 粉丝 3515 +关注 深圳首场《 AI赋能鸿蒙应用开发与迁移》 欢迎参加！ 09/15 周二 ~ 09/16 周三 广东深圳 智汇云校 粉丝  3337 智汇云校 活动 371 粉丝 3337 +关注 财富翻转训练营 09/15 周二 ~ 09/16 周三 广东深圳 明道 粉丝  0 明道 活动 36 粉丝 0 +关注 2026深圳制药工业展 09/16 周三 ~ 09/18 周五 广东深圳 CPHI世界制药原料中国展 粉丝  3965 CPHI世界制药原料中国展 活动 96 粉丝 3965 +关注 深圳医美科技与功效革新展&粤港澳科学护肤与医美科技产业大会 09/16 周三 ~ 09/18 周五 广东深圳 CPHI世界制药原料中国展 粉丝  3965 CPHI世界制药原料中国展 活动 96 粉丝 3965 +关注 【深圳站】2026海淀区“两区”建设珠三角推介会 今天 09:00 广东深圳 火花世界 粉丝  417 火花世界 活动 11 粉丝 417 +关注 CPHI深圳2026制药高质量发展大会暨第五届天然产物合成和药物先进制造方法国际研讨会 09/16 周三 ~ 09/17 周四 广东深圳 CPHI世界制药原料中国展 粉丝  3965 CPHI世界制药原料中国展 活动 96 粉丝 3965 +关注 2026天然原料创新与健康应用大会（华南） 09/16 周三 ~ 09/18 周五 广东深圳 CPHI世界制药原料中国展 粉丝  3965 CPHI世界制药原料中国展 活动 96 粉丝 3965 +关注 医美产业全球法规与生态构建分论坛 今天 09:30 广东深圳 CPHI世界制药原料中国展 粉丝  3965 CPHI世界制药原料中国展 活动 96 粉丝 3965 +关注 CPHI医药产业出海研讨会 今天 09:30 广东深圳 CPHI世界制药原料中国展 粉丝  3965 CPHI世界制药原料中国展 活动 96 粉丝 3965 +关注 每周三固定｜羽毛球循环局🏸｜羽动成长社 今天 10:00 广东深圳 叶艳华-临床营养治疗师 粉丝  39 叶艳华-临床营养治疗师 活动 30 粉丝 39 +关注,,,,https://www.huodongxing.com/event/3877746713400,,免费,活动行,广东省,深圳,活动行平台支付/报名
【深圳站】2026海淀区“两区”建设珠三角推介会,,网站导航 热门站点 全国站 北京站 上海站 广州站 深圳站 杭州站 武汉站 成都站 长沙站 精选推荐 首页 行业 生活 学习 找活动 找主办方 专题精选 人气榜 下载App 更多服务 找场地 活动百宝箱 主办方管理中心 主办方vip 活动行管家 大会解决方案 关注活动行 | 小程序 | 帮助中心 深圳 当前定位城市: 热门城市: 全国 北京 上海 广州 深圳 杭州 武汉 成都 长沙 南京 重庆 苏州 其它城市: 西安 郑州 厦门 天津 宁波 青岛 东莞 佛山 济南 珠海 合肥 福州 石家庄 昆明 查找更多城市 > 首页 分类 解决方案 场景方案 线上峰会/研讨会 从宣传推广、名单收集、直播互动、线下拍摄/导播、数据分析等一站式直播解决方案 活动行企业版 专为对品牌、数据安全要求较高的企业/商会协会/会展公司等打造的活动管理系统 数字云展厅 定制图文音视频展厅/元宇宙展厅，独立的展商详情页、商机收集等 私有化部署 快速私有化部署企业私有活动管理解决方案，支持阿里云、腾讯云、AWS等 免费创建 下载APP 业务合作 主办方中心 注册 / 登录 推荐 发现活动 人气榜 主办方 精选专题 意见反馈 回到顶部 城市: 全国 北京 上海 深圳 广州 杭州 成都 武汉 重庆 南京 苏州 长沙 西安 厦门 郑州 东莞 青岛 天津 宁波 昆明 香港 澳门 更多城市 分类: 时间: 全部 本周 本周末 1个月内 形式： 线下活动 线上活动 综合排序 最新发布 热门点击 最多参与 项目全过程管理控制与实践（¥4800元/人） 11/17 周二 ~ 11/18 周三 广东深圳 行课网 粉丝  4 行课网 活动 6 粉丝 4 +关注 第20届中国(深圳)国际物流与供应链博览会 12/02 周三 ~ 12/04 周五 广东深圳 TikTok 卖家门户网TKFFF 粉丝  12372 TikTok 卖家门户网TKFFF 活动 365 粉丝 12372 +关注 北科生物深圳综合细胞库 开放参观日 09/06 周日 ~ 10/06 周二 广东深圳 深圳综合细胞库 粉丝  6100 深圳综合细胞库 活动 76 粉丝 6100 +关注 北科生物深圳综合细胞库21周年庆开放日参观 09/16 周三 ~ 10/16 周五 广东深圳 深圳综合细胞库 粉丝  6100 深圳综合细胞库 活动 76 粉丝 6100 +关注 备战黑五 筹备网一 —— 深圳DTC品牌操盘手社群中秋聚会 09/24 周四 18:00 广东深圳 霞光社 粉丝  17711 霞光社 活动 88 粉丝 17711 +关注 深圳千万资产局单身交友活动 09/26 周六 14:30 广东深圳 Seekr@微信小程序 粉丝  1037 Seekr@微信小程序 活动 37 粉丝 1037 +关注 安克移动影院 X1 Pro 中国线下首发 09/19 周六 14:00 广东深圳 INNO100 粉丝  2265 INNO100 活动 22 粉丝 2265 +关注 深圳宝安周六大健康创业沙龙 09/26 周六 14:30 广东深圳 一道生活18007167248 粉丝  426 一道生活18007167248 活动 22 粉丝 426 +关注 外贸B端企业出海增长-AI赋能B2B 后天 14:00 广东深圳 外贸加油站 粉丝  8486 外贸加油站 活动 144 粉丝 8486 +关注 AI交易者之家招募场地/募资/二级交易者伙伴｜深圳南山·福田 08/24 周一 ~ 09/30 周三 广东深圳 大湾区AI产业应用俱乐部 粉丝  3515 大湾区AI产业应用俱乐部 活动 96 粉丝 3515 +关注 深圳首场《 AI赋能鸿蒙应用开发与迁移》 欢迎参加！ 09/15 周二 ~ 09/16 周三 广东深圳 智汇云校 粉丝  3337 智汇云校 活动 371 粉丝 3337 +关注 财富翻转训练营 09/15 周二 ~ 09/16 周三 广东深圳 明道 粉丝  0 明道 活动 36 粉丝 0 +关注 2026深圳制药工业展 09/16 周三 ~ 09/18 周五 广东深圳 CPHI世界制药原料中国展 粉丝  3965 CPHI世界制药原料中国展 活动 96 粉丝 3965 +关注 深圳医美科技与功效革新展&粤港澳科学护肤与医美科技产业大会 09/16 周三 ~ 09/18 周五 广东深圳 CPHI世界制药原料中国展 粉丝  3965 CPHI世界制药原料中国展 活动 96 粉丝 3965 +关注 【深圳站】2026海淀区“两区”建设珠三角推介会 今天 09:00 广东深圳 火花世界 粉丝  417 火花世界 活动 11 粉丝 417 +关注 CPHI深圳2026制药高质量发展大会暨第五届天然产物合成和药物先进制造方法国际研讨会 09/16 周三 ~ 09/17 周四 广东深圳 CPHI世界制药原料中国展 粉丝  3965 CPHI世界制药原料中国展 活动 96 粉丝 3965 +关注 2026天然原料创新与健康应用大会（华南） 09/16 周三 ~ 09/18 周五 广东深圳 CPHI世界制药原料中国展 粉丝  3965 CPHI世界制药原料中国展 活动 96 粉丝 3965 +关注 医美产业全球法规与生态构建分论坛 今天 09:30 广东深圳 CPHI世界制药原料中国展 粉丝  3965 CPHI世界制药原料中国展 活动 96 粉丝 3965 +关注 CPHI医药产业出海研讨会 今天 09:30 广东深圳 CPHI世界制药原料中国展 粉丝  3965 CPHI世界制药原料中国展 活动 96 粉丝 3965 +关注 每周三固定｜羽毛球循环局🏸｜羽动成长社 今天 10:00 广东深圳 叶艳华-临床营养治疗师 粉丝  39 叶艳华-临床营养治疗师 活动 30 粉丝 39 +关注,,,,https://www.huodongxing.com/event/8876365006300,,免费,活动行,广东省,深圳,活动行平台支付/报名
CPHI深圳2026制药高质量发展大会暨第五届天然产物合成和药物先进制造方法国际研讨会,,网站导航 热门站点 全国站 北京站 上海站 广州站 深圳站 杭州站 武汉站 成都站 长沙站 精选推荐 首页 行业 生活 学习 找活动 找主办方 专题精选 人气榜 下载App 更多服务 找场地 活动百宝箱 主办方管理中心 主办方vip 活动行管家 大会解决方案 关注活动行 | 小程序 | 帮助中心 深圳 当前定位城市: 热门城市: 全国 北京 上海 广州 深圳 杭州 武汉 成都 长沙 南京 重庆 苏州 其它城市: 西安 郑州 厦门 天津 宁波 青岛 东莞 佛山 济南 珠海 合肥 福州 石家庄 昆明 查找更多城市 > 首页 分类 解决方案 场景方案 线上峰会/研讨会 从宣传推广、名单收集、直播互动、线下拍摄/导播、数据分析等一站式直播解决方案 活动行企业版 专为对品牌、数据安全要求较高的企业/商会协会/会展公司等打造的活动管理系统 数字云展厅 定制图文音视频展厅/元宇宙展厅，独立的展商详情页、商机收集等 私有化部署 快速私有化部署企业私有活动管理解决方案，支持阿里云、腾讯云、AWS等 免费创建 下载APP 业务合作 主办方中心 注册 / 登录 推荐 发现活动 人气榜 主办方 精选专题 意见反馈 回到顶部 城市: 全国 北京 上海 深圳 广州 杭州 成都 武汉 重庆 南京 苏州 长沙 西安 厦门 郑州 东莞 青岛 天津 宁波 昆明 香港 澳门 更多城市 分类: 时间: 全部 本周 本周末 1个月内 形式： 线下活动 线上活动 综合排序 最新发布 热门点击 最多参与 项目全过程管理控制与实践（¥4800元/人） 11/17 周二 ~ 11/18 周三 广东深圳 行课网 粉丝  4 行课网 活动 6 粉丝 4 +关注 第20届中国(深圳)国际物流与供应链博览会 12/02 周三 ~ 12/04 周五 广东深圳 TikTok 卖家门户网TKFFF 粉丝  12372 TikTok 卖家门户网TKFFF 活动 365 粉丝 12372 +关注 北科生物深圳综合细胞库 开放参观日 09/06 周日 ~ 10/06 周二 广东深圳 深圳综合细胞库 粉丝  6100 深圳综合细胞库 活动 76 粉丝 6100 +关注 北科生物深圳综合细胞库21周年庆开放日参观 09/16 周三 ~ 10/16 周五 广东深圳 深圳综合细胞库 粉丝  6100 深圳综合细胞库 活动 76 粉丝 6100 +关注 备战黑五 筹备网一 —— 深圳DTC品牌操盘手社群中秋聚会 09/24 周四 18:00 广东深圳 霞光社 粉丝  17711 霞光社 活动 88 粉丝 17711 +关注 深圳千万资产局单身交友活动 09/26 周六 14:30 广东深圳 Seekr@微信小程序 粉丝  1037 Seekr@微信小程序 活动 37 粉丝 1037 +关注 安克移动影院 X1 Pro 中国线下首发 09/19 周六 14:00 广东深圳 INNO100 粉丝  2265 INNO100 活动 22 粉丝 2265 +关注 深圳宝安周六大健康创业沙龙 09/26 周六 14:30 广东深圳 一道生活18007167248 粉丝  426 一道生活18007167248 活动 22 粉丝 426 +关注 外贸B端企业出海增长-AI赋能B2B 后天 14:00 广东深圳 外贸加油站 粉丝  8486 外贸加油站 活动 144 粉丝 8486 +关注 AI交易者之家招募场地/募资/二级交易者伙伴｜深圳南山·福田 08/24 周一 ~ 09/30 周三 广东深圳 大湾区AI产业应用俱乐部 粉丝  3515 大湾区AI产业应用俱乐部 活动 96 粉丝 3515 +关注 深圳首场《 AI赋能鸿蒙应用开发与迁移》 欢迎参加！ 09/15 周二 ~ 09/16 周三 广东深圳 智汇云校 粉丝  3337 智汇云校 活动 371 粉丝 3337 +关注 财富翻转训练营 09/15 周二 ~ 09/16 周三 广东深圳 明道 粉丝  0 明道 活动 36 粉丝 0 +关注 2026深圳制药工业展 09/16 周三 ~ 09/18 周五 广东深圳 CPHI世界制药原料中国展 粉丝  3965 CPHI世界制药原料中国展 活动 96 粉丝 3965 +关注 深圳医美科技与功效革新展&粤港澳科学护肤与医美科技产业大会 09/16 周三 ~ 09/18 周五 广东深圳 CPHI世界制药原料中国展 粉丝  3965 CPHI世界制药原料中国展 活动 96 粉丝 3965 +关注 【深圳站】2026海淀区“两区”建设珠三角推介会 今天 09:00 广东深圳 火花世界 粉丝  417 火花世界 活动 11 粉丝 417 +关注 CPHI深圳2026制药高质量发展大会暨第五届天然产物合成和药物先进制造方法国际研讨会 09/16 周三 ~ 09/17 周四 广东深圳 CPHI世界制药原料中国展 粉丝  3965 CPHI世界制药原料中国展 活动 96 粉丝 3965 +关注 2026天然原料创新与健康应用大会（华南） 09/16 周三 ~ 09/18 周五 广东深圳 CPHI世界制药原料中国展 粉丝  3965 CPHI世界制药原料中国展 活动 96 粉丝 3965 +关注 医美产业全球法规与生态构建分论坛 今天 09:30 广东深圳 CPHI世界制药原料中国展 粉丝  3965 CPHI世界制药原料中国展 活动 96 粉丝 3965 +关注 CPHI医药产业出海研讨会 今天 09:30 广东深圳 CPHI世界制药原料中国展 粉丝  3965 CPHI世界制药原料中国展 活动 96 粉丝 3965 +关注 每周三固定｜羽毛球循环局🏸｜羽动成长社 今天 10:00 广东深圳 叶艳华-临床营养治疗师 粉丝  39 叶艳华-临床营养治疗师 活动 30 粉丝 39 +关注,,,,https://www.huodongxing.com/event/8876476766700,,免费,活动行,广东省,深圳,活动行平台支付/报名
2026天然原料创新与健康应用大会（华南）,,网站导航 热门站点 全国站 北京站 上海站 广州站 深圳站 杭州站 武汉站 成都站 长沙站 精选推荐 首页 行业 生活 学习 找活动 找主办方 专题精选 人气榜 下载App 更多服务 找场地 活动百宝箱 主办方管理中心 主办方vip 活动行管家 大会解决方案 关注活动行 | 小程序 | 帮助中心 深圳 当前定位城市: 热门城市: 全国 北京 上海 广州 深圳 杭州 武汉 成都 长沙 南京 重庆 苏州 其它城市: 西安 郑州 厦门 天津 宁波 青岛 东莞 佛山 济南 珠海 合肥 福州 石家庄 昆明 查找更多城市 > 首页 分类 解决方案 场景方案 线上峰会/研讨会 从宣传推广、名单收集、直播互动、线下拍摄/导播、数据分析等一站式直播解决方案 活动行企业版 专为对品牌、数据安全要求较高的企业/商会协会/会展公司等打造的活动管理系统 数字云展厅 定制图文音视频展厅/元宇宙展厅，独立的展商详情页、商机收集等 私有化部署 快速私有化部署企业私有活动管理解决方案，支持阿里云、腾讯云、AWS等 免费创建 下载APP 业务合作 主办方中心 注册 / 登录 推荐 发现活动 人气榜 主办方 精选专题 意见反馈 回到顶部 城市: 全国 北京 上海 深圳 广州 杭州 成都 武汉 重庆 南京 苏州 长沙 西安 厦门 郑州 东莞 青岛 天津 宁波 昆明 香港 澳门 更多城市 分类: 时间: 全部 本周 本周末 1个月内 形式： 线下活动 线上活动 综合排序 最新发布 热门点击 最多参与 项目全过程管理控制与实践（¥4800元/人） 11/17 周二 ~ 11/18 周三 广东深圳 行课网 粉丝  4 行课网 活动 6 粉丝 4 +关注 第20届中国(深圳)国际物流与供应链博览会 12/02 周三 ~ 12/04 周五 广东深圳 TikTok 卖家门户网TKFFF 粉丝  12372 TikTok 卖家门户网TKFFF 活动 365 粉丝 12372 +关注 北科生物深圳综合细胞库 开放参观日 09/06 周日 ~ 10/06 周二 广东深圳 深圳综合细胞库 粉丝  6100 深圳综合细胞库 活动 76 粉丝 6100 +关注 北科生物深圳综合细胞库21周年庆开放日参观 09/16 周三 ~ 10/16 周五 广东深圳 深圳综合细胞库 粉丝  6100 深圳综合细胞库 活动 76 粉丝 6100 +关注 备战黑五 筹备网一 —— 深圳DTC品牌操盘手社群中秋聚会 09/24 周四 18:00 广东深圳 霞光社 粉丝  17711 霞光社 活动 88 粉丝 17711 +关注 深圳千万资产局单身交友活动 09/26 周六 14:30 广东深圳 Seekr@微信小程序 粉丝  1037 Seekr@微信小程序 活动 37 粉丝 1037 +关注 安克移动影院 X1 Pro 中国线下首发 09/19 周六 14:00 广东深圳 INNO100 粉丝  2265 INNO100 活动 22 粉丝 2265 +关注 深圳宝安周六大健康创业沙龙 09/26 周六 14:30 广东深圳 一道生活18007167248 粉丝  426 一道生活18007167248 活动 22 粉丝 426 +关注 外贸B端企业出海增长-AI赋能B2B 后天 14:00 广东深圳 外贸加油站 粉丝  8486 外贸加油站 活动 144 粉丝 8486 +关注 AI交易者之家招募场地/募资/二级交易者伙伴｜深圳南山·福田 08/24 周一 ~ 09/30 周三 广东深圳 大湾区AI产业应用俱乐部 粉丝  3515 大湾区AI产业应用俱乐部 活动 96 粉丝 3515 +关注 深圳首场《 AI赋能鸿蒙应用开发与迁移》 欢迎参加！ 09/15 周二 ~ 09/16 周三 广东深圳 智汇云校 粉丝  3337 智汇云校 活动 371 粉丝 3337 +关注 财富翻转训练营 09/15 周二 ~ 09/16 周三 广东深圳 明道 粉丝  0 明道 活动 36 粉丝 0 +关注 2026深圳制药工业展 09/16 周三 ~ 09/18 周五 广东深圳 CPHI世界制药原料中国展 粉丝  3965 CPHI世界制药原料中国展 活动 96 粉丝 3965 +关注 深圳医美科技与功效革新展&粤港澳科学护肤与医美科技产业大会 09/16 周三 ~ 09/18 周五 广东深圳 CPHI世界制药原料中国展 粉丝  3965 CPHI世界制药原料中国展 活动 96 粉丝 3965 +关注 【深圳站】2026海淀区“两区”建设珠三角推介会 今天 09:00 广东深圳 火花世界 粉丝  417 火花世界 活动 11 粉丝 417 +关注 CPHI深圳2026制药高质量发展大会暨第五届天然产物合成和药物先进制造方法国际研讨会 09/16 周三 ~ 09/17 周四 广东深圳 CPHI世界制药原料中国展 粉丝  3965 CPHI世界制药原料中国展 活动 96 粉丝 3965 +关注 2026天然原料创新与健康应用大会（华南） 09/16 周三 ~ 09/18 周五 广东深圳 CPHI世界制药原料中国展 粉丝  3965 CPHI世界制药原料中国展 活动 96 粉丝 3965 +关注 医美产业全球法规与生态构建分论坛 今天 09:30 广东深圳 CPHI世界制药原料中国展 粉丝  3965 CPHI世界制药原料中国展 活动 96 粉丝 3965 +关注 CPHI医药产业出海研讨会 今天 09:30 广东深圳 CPHI世界制药原料中国展 粉丝  3965 CPHI世界制药原料中国展 活动 96 粉丝 3965 +关注 每周三固定｜羽毛球循环局🏸｜羽动成长社 今天 10:00 广东深圳 叶艳华-临床营养治疗师 粉丝  39 叶艳华-临床营养治疗师 活动 30 粉丝 39 +关注,,,,https://www.huodongxing.com/event/7876023936111,,免费,活动行,广东省,深圳,活动行平台支付/报名
医美产业全球法规与生态构建分论坛,,网站导航 热门站点 全国站 北京站 上海站 广州站 深圳站 杭州站 武汉站 成都站 长沙站 精选推荐 首页 行业 生活 学习 找活动 找主办方 专题精选 人气榜 下载App 更多服务 找场地 活动百宝箱 主办方管理中心 主办方vip 活动行管家 大会解决方案 关注活动行 | 小程序 | 帮助中心 深圳 当前定位城市: 热门城市: 全国 北京 上海 广州 深圳 杭州 武汉 成都 长沙 南京 重庆 苏州 其它城市: 西安 郑州 厦门 天津 宁波 青岛 东莞 佛山 济南 珠海 合肥 福州 石家庄 昆明 查找更多城市 > 首页 分类 解决方案 场景方案 线上峰会/研讨会 从宣传推广、名单收集、直播互动、线下拍摄/导播、数据分析等一站式直播解决方案 活动行企业版 专为对品牌、数据安全要求较高的企业/商会协会/会展公司等打造的活动管理系统 数字云展厅 定制图文音视频展厅/元宇宙展厅，独立的展商详情页、商机收集等 私有化部署 快速私有化部署企业私有活动管理解决方案，支持阿里云、腾讯云、AWS等 免费创建 下载APP 业务合作 主办方中心 注册 / 登录 推荐 发现活动 人气榜 主办方 精选专题 意见反馈 回到顶部 城市: 全国 北京 上海 深圳 广州 杭州 成都 武汉 重庆 南京 苏州 长沙 西安 厦门 郑州 东莞 青岛 天津 宁波 昆明 香港 澳门 更多城市 分类: 时间: 全部 本周 本周末 1个月内 形式： 线下活动 线上活动 综合排序 最新发布 热门点击 最多参与 项目全过程管理控制与实践（¥4800元/人） 11/17 周二 ~ 11/18 周三 广东深圳 行课网 粉丝  4 行课网 活动 6 粉丝 4 +关注 第20届中国(深圳)国际物流与供应链博览会 12/02 周三 ~ 12/04 周五 广东深圳 TikTok 卖家门户网TKFFF 粉丝  12372 TikTok 卖家门户网TKFFF 活动 365 粉丝 12372 +关注 北科生物深圳综合细胞库 开放参观日 09/06 周日 ~ 10/06 周二 广东深圳 深圳综合细胞库 粉丝  6100 深圳综合细胞库 活动 76 粉丝 6100 +关注 北科生物深圳综合细胞库21周年庆开放日参观 09/16 周三 ~ 10/16 周五 广东深圳 深圳综合细胞库 粉丝  6100 深圳综合细胞库 活动 76 粉丝 6100 +关注 备战黑五 筹备网一 —— 深圳DTC品牌操盘手社群中秋聚会 09/24 周四 18:00 广东深圳 霞光社 粉丝  17711 霞光社 活动 88 粉丝 17711 +关注 深圳千万资产局单身交友活动 09/26 周六 14:30 广东深圳 Seekr@微信小程序 粉丝  1037 Seekr@微信小程序 活动 37 粉丝 1037 +关注 安克移动影院 X1 Pro 中国线下首发 09/19 周六 14:00 广东深圳 INNO100 粉丝  2265 INNO100 活动 22 粉丝 2265 +关注 深圳宝安周六大健康创业沙龙 09/26 周六 14:30 广东深圳 一道生活18007167248 粉丝  426 一道生活18007167248 活动 22 粉丝 426 +关注 外贸B端企业出海增长-AI赋能B2B 后天 14:00 广东深圳 外贸加油站 粉丝  8486 外贸加油站 活动 144 粉丝 8486 +关注 AI交易者之家招募场地/募资/二级交易者伙伴｜深圳南山·福田 08/24 周一 ~ 09/30 周三 广东深圳 大湾区AI产业应用俱乐部 粉丝  3515 大湾区AI产业应用俱乐部 活动 96 粉丝 3515 +关注 深圳首场《 AI赋能鸿蒙应用开发与迁移》 欢迎参加！ 09/15 周二 ~ 09/16 周三 广东深圳 智汇云校 粉丝  3337 智汇云校 活动 371 粉丝 3337 +关注 财富翻转训练营 09/15 周二 ~ 09/16 周三 广东深圳 明道 粉丝  0 明道 活动 36 粉丝 0 +关注 2026深圳制药工业展 09/16 周三 ~ 09/18 周五 广东深圳 CPHI世界制药原料中国展 粉丝  3965 CPHI世界制药原料中国展 活动 96 粉丝 3965 +关注 深圳医美科技与功效革新展&粤港澳科学护肤与医美科技产业大会 09/16 周三 ~ 09/18 周五 广东深圳 CPHI世界制药原料中国展 粉丝  3965 CPHI世界制药原料中国展 活动 96 粉丝 3965 +关注 【深圳站】2026海淀区“两区”建设珠三角推介会 今天 09:00 广东深圳 火花世界 粉丝  417 火花世界 活动 11 粉丝 417 +关注 CPHI深圳2026制药高质量发展大会暨第五届天然产物合成和药物先进制造方法国际研讨会 09/16 周三 ~ 09/17 周四 广东深圳 CPHI世界制药原料中国展 粉丝  3965 CPHI世界制药原料中国展 活动 96 粉丝 3965 +关注 2026天然原料创新与健康应用大会（华南） 09/16 周三 ~ 09/18 周五 广东深圳 CPHI世界制药原料中国展 粉丝  3965 CPHI世界制药原料中国展 活动 96 粉丝 3965 +关注 医美产业全球法规与生态构建分论坛 今天 09:30 广东深圳 CPHI世界制药原料中国展 粉丝  3965 CPHI世界制药原料中国展 活动 96 粉丝 3965 +关注 CPHI医药产业出海研讨会 今天 09:30 广东深圳 CPHI世界制药原料中国展 粉丝  3965 CPHI世界制药原料中国展 活动 96 粉丝 3965 +关注 每周三固定｜羽毛球循环局🏸｜羽动成长社 今天 10:00 广东深圳 叶艳华-临床营养治疗师 粉丝  39 叶艳华-临床营养治疗师 活动 30 粉丝 39 +关注,,,,https://www.huodongxing.com/event/6876070773911,,免费,活动行,广东省,深圳,活动行平台支付/报名
CPHI医药产业出海研讨会,,网站导航 热门站点 全国站 北京站 上海站 广州站 深圳站 杭州站 武汉站 成都站 长沙站 精选推荐 首页 行业 生活 学习 找活动 找主办方 专题精选 人气榜 下载App 更多服务 找场地 活动百宝箱 主办方管理中心 主办方vip 活动行管家 大会解决方案 关注活动行 | 小程序 | 帮助中心 深圳 当前定位城市: 热门城市: 全国 北京 上海 广州 深圳 杭州 武汉 成都 长沙 南京 重庆 苏州 其它城市: 西安 郑州 厦门 天津 宁波 青岛 东莞 佛山 济南 珠海 合肥 福州 石家庄 昆明 查找更多城市 > 首页 分类 解决方案 场景方案 线上峰会/研讨会 从宣传推广、名单收集、直播互动、线下拍摄/导播、数据分析等一站式直播解决方案 活动行企业版 专为对品牌、数据安全要求较高的企业/商会协会/会展公司等打造的活动管理系统 数字云展厅 定制图文音视频展厅/元宇宙展厅，独立的展商详情页、商机收集等 私有化部署 快速私有化部署企业私有活动管理解决方案，支持阿里云、腾讯云、AWS等 免费创建 下载APP 业务合作 主办方中心 注册 / 登录 推荐 发现活动 人气榜 主办方 精选专题 意见反馈 回到顶部 城市: 全国 北京 上海 深圳 广州 杭州 成都 武汉 重庆 南京 苏州 长沙 西安 厦门 郑州 东莞 青岛 天津 宁波 昆明 香港 澳门 更多城市 分类: 时间: 全部 本周 本周末 1个月内 形式： 线下活动 线上活动 综合排序 最新发布 热门点击 最多参与 项目全过程管理控制与实践（¥4800元/人） 11/17 周二 ~ 11/18 周三 广东深圳 行课网 粉丝  4 行课网 活动 6 粉丝 4 +关注 第20届中国(深圳)国际物流与供应链博览会 12/02 周三 ~ 12/04 周五 广东深圳 TikTok 卖家门户网TKFFF 粉丝  12372 TikTok 卖家门户网TKFFF 活动 365 粉丝 12372 +关注 北科生物深圳综合细胞库 开放参观日 09/06 周日 ~ 10/06 周二 广东深圳 深圳综合细胞库 粉丝  6100 深圳综合细胞库 活动 76 粉丝 6100 +关注 北科生物深圳综合细胞库21周年庆开放日参观 09/16 周三 ~ 10/16 周五 广东深圳 深圳综合细胞库 粉丝  6100 深圳综合细胞库 活动 76 粉丝 6100 +关注 备战黑五 筹备网一 —— 深圳DTC品牌操盘手社群中秋聚会 09/24 周四 18:00 广东深圳 霞光社 粉丝  17711 霞光社 活动 88 粉丝 17711 +关注 深圳千万资产局单身交友活动 09/26 周六 14:30 广东深圳 Seekr@微信小程序 粉丝  1037 Seekr@微信小程序 活动 37 粉丝 1037 +关注 安克移动影院 X1 Pro 中国线下首发 09/19 周六 14:00 广东深圳 INNO100 粉丝  2265 INNO100 活动 22 粉丝 2265 +关注 深圳宝安周六大健康创业沙龙 09/26 周六 14:30 广东深圳 一道生活18007167248 粉丝  426 一道生活18007167248 活动 22 粉丝 426 +关注 外贸B端企业出海增长-AI赋能B2B 后天 14:00 广东深圳 外贸加油站 粉丝  8486 外贸加油站 活动 144 粉丝 8486 +关注 AI交易者之家招募场地/募资/二级交易者伙伴｜深圳南山·福田 08/24 周一 ~ 09/30 周三 广东深圳 大湾区AI产业应用俱乐部 粉丝  3515 大湾区AI产业应用俱乐部 活动 96 粉丝 3515 +关注 深圳首场《 AI赋能鸿蒙应用开发与迁移》 欢迎参加！ 09/15 周二 ~ 09/16 周三 广东深圳 智汇云校 粉丝  3337 智汇云校 活动 371 粉丝 3337 +关注 财富翻转训练营 09/15 周二 ~ 09/16 周三 广东深圳 明道 粉丝  0 明道 活动 36 粉丝 0 +关注 2026深圳制药工业展 09/16 周三 ~ 09/18 周五 广东深圳 CPHI世界制药原料中国展 粉丝  3965 CPHI世界制药原料中国展 活动 96 粉丝 3965 +关注 深圳医美科技与功效革新展&粤港澳科学护肤与医美科技产业大会 09/16 周三 ~ 09/18 周五 广东深圳 CPHI世界制药原料中国展 粉丝  3965 CPHI世界制药原料中国展 活动 96 粉丝 3965 +关注 【深圳站】2026海淀区“两区”建设珠三角推介会 今天 09:00 广东深圳 火花世界 粉丝  417 火花世界 活动 11 粉丝 417 +关注 CPHI深圳2026制药高质量发展大会暨第五届天然产物合成和药物先进制造方法国际研讨会 09/16 周三 ~ 09/17 周四 广东深圳 CPHI世界制药原料中国展 粉丝  3965 CPHI世界制药原料中国展 活动 96 粉丝 3965 +关注 2026天然原料创新与健康应用大会（华南） 09/16 周三 ~ 09/18 周五 广东深圳 CPHI世界制药原料中国展 粉丝  3965 CPHI世界制药原料中国展 活动 96 粉丝 3965 +关注 医美产业全球法规与生态构建分论坛 今天 09:30 广东深圳 CPHI世界制药原料中国展 粉丝  3965 CPHI世界制药原料中国展 活动 96 粉丝 3965 +关注 CPHI医药产业出海研讨会 今天 09:30 广东深圳 CPHI世界制药原料中国展 粉丝  3965 CPHI世界制药原料中国展 活动 96 粉丝 3965 +关注 每周三固定｜羽毛球循环局🏸｜羽动成长社 今天 10:00 广东深圳 叶艳华-临床营养治疗师 粉丝  39 叶艳华-临床营养治疗师 活动 30 粉丝 39 +关注,,,,https://www.huodongxing.com/event/5877751797700,,免费,活动行,广东省,深圳,活动行平台支付/报名
每周三固定｜羽毛球循环局🏸｜羽动成长社,,网站导航 热门站点 全国站 北京站 上海站 广州站 深圳站 杭州站 武汉站 成都站 长沙站 精选推荐 首页 行业 生活 学习 找活动 找主办方 专题精选 人气榜 下载App 更多服务 找场地 活动百宝箱 主办方管理中心 主办方vip 活动行管家 大会解决方案 关注活动行 | 小程序 | 帮助中心 深圳 当前定位城市: 热门城市: 全国 北京 上海 广州 深圳 杭州 武汉 成都 长沙 南京 重庆 苏州 其它城市: 西安 郑州 厦门 天津 宁波 青岛 东莞 佛山 济南 珠海 合肥 福州 石家庄 昆明 查找更多城市 > 首页 分类 解决方案 场景方案 线上峰会/研讨会 从宣传推广、名单收集、直播互动、线下拍摄/导播、数据分析等一站式直播解决方案 活动行企业版 专为对品牌、数据安全要求较高的企业/商会协会/会展公司等打造的活动管理系统 数字云展厅 定制图文音视频展厅/元宇宙展厅，独立的展商详情页、商机收集等 私有化部署 快速私有化部署企业私有活动管理解决方案，支持阿里云、腾讯云、AWS等 免费创建 下载APP 业务合作 主办方中心 注册 / 登录 推荐 发现活动 人气榜 主办方 精选专题 意见反馈 回到顶部 城市: 全国 北京 上海 深圳 广州 杭州 成都 武汉 重庆 南京 苏州 长沙 西安 厦门 郑州 东莞 青岛 天津 宁波 昆明 香港 澳门 更多城市 分类: 时间: 全部 本周 本周末 1个月内 形式： 线下活动 线上活动 综合排序 最新发布 热门点击 最多参与 项目全过程管理控制与实践（¥4800元/人） 11/17 周二 ~ 11/18 周三 广东深圳 行课网 粉丝  4 行课网 活动 6 粉丝 4 +关注 第20届中国(深圳)国际物流与供应链博览会 12/02 周三 ~ 12/04 周五 广东深圳 TikTok 卖家门户网TKFFF 粉丝  12372 TikTok 卖家门户网TKFFF 活动 365 粉丝 12372 +关注 北科生物深圳综合细胞库 开放参观日 09/06 周日 ~ 10/06 周二 广东深圳 深圳综合细胞库 粉丝  6100 深圳综合细胞库 活动 76 粉丝 6100 +关注 北科生物深圳综合细胞库21周年庆开放日参观 09/16 周三 ~ 10/16 周五 广东深圳 深圳综合细胞库 粉丝  6100 深圳综合细胞库 活动 76 粉丝 6100 +关注 备战黑五 筹备网一 —— 深圳DTC品牌操盘手社群中秋聚会 09/24 周四 18:00 广东深圳 霞光社 粉丝  17711 霞光社 活动 88 粉丝 17711 +关注 深圳千万资产局单身交友活动 09/26 周六 14:30 广东深圳 Seekr@微信小程序 粉丝  1037 Seekr@微信小程序 活动 37 粉丝 1037 +关注 安克移动影院 X1 Pro 中国线下首发 09/19 周六 14:00 广东深圳 INNO100 粉丝  2265 INNO100 活动 22 粉丝 2265 +关注 深圳宝安周六大健康创业沙龙 09/26 周六 14:30 广东深圳 一道生活18007167248 粉丝  426 一道生活18007167248 活动 22 粉丝 426 +关注 外贸B端企业出海增长-AI赋能B2B 后天 14:00 广东深圳 外贸加油站 粉丝  8486 外贸加油站 活动 144 粉丝 8486 +关注 AI交易者之家招募场地/募资/二级交易者伙伴｜深圳南山·福田 08/24 周一 ~ 09/30 周三 广东深圳 大湾区AI产业应用俱乐部 粉丝  3515 大湾区AI产业应用俱乐部 活动 96 粉丝 3515 +关注 深圳首场《 AI赋能鸿蒙应用开发与迁移》 欢迎参加！ 09/15 周二 ~ 09/16 周三 广东深圳 智汇云校 粉丝  3337 智汇云校 活动 371 粉丝 3337 +关注 财富翻转训练营 09/15 周二 ~ 09/16 周三 广东深圳 明道 粉丝  0 明道 活动 36 粉丝 0 +关注 2026深圳制药工业展 09/16 周三 ~ 09/18 周五 广东深圳 CPHI世界制药原料中国展 粉丝  3965 CPHI世界制药原料中国展 活动 96 粉丝 3965 +关注 深圳医美科技与功效革新展&粤港澳科学护肤与医美科技产业大会 09/16 周三 ~ 09/18 周五 广东深圳 CPHI世界制药原料中国展 粉丝  3965 CPHI世界制药原料中国展 活动 96 粉丝 3965 +关注 【深圳站】2026海淀区“两区”建设珠三角推介会 今天 09:00 广东深圳 火花世界 粉丝  417 火花世界 活动 11 粉丝 417 +关注 CPHI深圳2026制药高质量发展大会暨第五届天然产物合成和药物先进制造方法国际研讨会 09/16 周三 ~ 09/17 周四 广东深圳 CPHI世界制药原料中国展 粉丝  3965 CPHI世界制药原料中国展 活动 96 粉丝 3965 +关注 2026天然原料创新与健康应用大会（华南） 09/16 周三 ~ 09/18 周五 广东深圳 CPHI世界制药原料中国展 粉丝  3965 CPHI世界制药原料中国展 活动 96 粉丝 3965 +关注 医美产业全球法规与生态构建分论坛 今天 09:30 广东深圳 CPHI世界制药原料中国展 粉丝  3965 CPHI世界制药原料中国展 活动 96 粉丝 3965 +关注 CPHI医药产业出海研讨会 今天 09:30 广东深圳 CPHI世界制药原料中国展 粉丝  3965 CPHI世界制药原料中国展 活动 96 粉丝 3965 +关注 每周三固定｜羽毛球循环局🏸｜羽动成长社 今天 10:00 广东深圳 叶艳华-临床营养治疗师 粉丝  39 叶艳华-临床营养治疗师 活动 30 粉丝 39 +关注,,,,https://www.huodongxing.com/event/1867656383000,,免费,活动行,广东省,深圳,活动行平台支付/报名
8.28日深圳跨境电商沙龙茶话会 | TikTok和独立站及亚马逊及短剧出海 | 每周三晚上限人数,,网站导航 热门站点 全国站 北京站 上海站 广州站 深圳站 杭州站 武汉站 成都站 长沙站 精选推荐 首页 行业 生活 学习 找活动 找主办方 专题精选 人气榜 下载App 更多服务 找场地 活动百宝箱 主办方管理中心 主办方vip 活动行管家 大会解决方案 关注活动行 | 小程序 | 帮助中心 深圳 当前定位城市: 热门城市: 全国 北京 上海 广州 深圳 杭州 武汉 成都 长沙 南京 重庆 苏州 其它城市: 西安 郑州 厦门 天津 宁波 青岛 东莞 佛山 济南 珠海 合肥 福州 石家庄 昆明 查找更多城市 > 首页 分类 解决方案 场景方案 线上峰会/研讨会 从宣传推广、名单收集、直播互动、线下拍摄/导播、数据分析等一站式直播解决方案 活动行企业版 专为对品牌、数据安全要求较高的企业/商会协会/会展公司等打造的活动管理系统 数字云展厅 定制图文音视频展厅/元宇宙展厅，独立的展商详情页、商机收集等 私有化部署 快速私有化部署企业私有活动管理解决方案，支持阿里云、腾讯云、AWS等 免费创建 下载APP 业务合作 主办方中心 注册 / 登录 推荐 发现活动 人气榜 主办方 精选专题 意见反馈 回到顶部 城市: 全国 北京 上海 深圳 广州 杭州 成都 武汉 重庆 南京 苏州 长沙 西安 厦门 郑州 东莞 青岛 天津 宁波 昆明 香港 澳门 更多城市 分类: 时间: 全部 本周 本周末 1个月内 形式： 线下活动 线上活动 综合排序 最新发布 热门点击 最多参与 8.28日深圳跨境电商沙龙茶话会 | TikTok和独立站及亚马逊及短剧出海 | 每周三晚上限人数 08/19 周三 ~ 09/16 周三 广东深圳 深圳跨境电商老板私董会-小乖总 粉丝  920 深圳跨境电商老板私董会-小乖总 活动 151 粉丝 920 +关注 Thingo-Ai实战训练营第七期 今天 10:00 广东深圳 三哥前海AI企业家生态圈 粉丝  39 三哥前海AI企业家生态圈 活动 11 粉丝 39 +关注 具身智能产品的电网应用之路：从技术到产品的思维重构 | AIRS in the AIR 今天 10:00 广东深圳 AIRS 研究院 粉丝  21991 AIRS 研究院 活动 95 粉丝 21991 +关注 第四届大湾区医药工业制造4.0会议，聚焦AI赋能制药智造升级 今天 10:00 广东深圳 CPHI世界制药原料中国展 粉丝  3965 CPHI世界制药原料中国展 活动 96 粉丝 3965 +关注 2026再生材料与功效护肤分论坛-CPHI深圳制药工业展医美论坛 今天 13:00 广东深圳 CPHI世界制药原料中国展 粉丝  3965 CPHI世界制药原料中国展 活动 96 粉丝 3965 +关注 亚马逊×独立站流量增长——TikTok开环飞轮引领增长闭门会 今天 13:30 广东深圳 深圳店匠科技有限公司 粉丝  2084 深圳店匠科技有限公司 活动 17 粉丝 2084 +关注 AI制药智造合规与智能运维沙龙 今天 13:30 广东深圳 CPHI世界制药原料中国展 粉丝  3965 CPHI世界制药原料中国展 活动 96 粉丝 3965 +关注 【邀请函】首届大湾区机器人产业高端资源对接会 今天 14:00 广东深圳 深圳市智能终端产业协会 粉丝  9844 深圳市智能终端产业协会 活动 78 粉丝 9844 +关注 周三局🔥财富流沙盘桌游开局啦～沉浸式体验人生彩排👐 今天 14:00 广东深圳 杨珍妮 粉丝  336 杨珍妮 活动 63 粉丝 336 +关注 逐浪韩国·酷澎领潮 - 2026韩国Coupang卖家私享会 今天 14:00 广东深圳 跨境雅舍 粉丝  8425 跨境雅舍 活动 52 粉丝 8425 +关注 东欧eMAG平台新卖家招商会-深圳站 今天 14:00 广东深圳 雨果跨境 粉丝  72881 雨果跨境 活动 1415 粉丝 72881 +关注 潮领全球 智胜未来 —— TikTok Shop 时尚服饰品类私享会 今天 14:00 广东深圳 Nativex 粉丝  1013 Nativex 活动 7 粉丝 1013 +关注 俄见新局，共赢增长——第三届Yandex营销创新峰会 今天 14:00 广东深圳 易海创腾 粉丝  8457 易海创腾 活动 214 粉丝 8457 +关注 OPC落地全流程+项目分包 今天 14:00 广东深圳 高汤养人 粉丝  94 高汤养人 活动 12 粉丝 94 +关注 打通声量与销量：AI 时代品牌增长新范式 今天 14:00 广东深圳 赛文思数字营销 粉丝  2009 赛文思数字营销 活动 67 粉丝 2009 +关注 首届大湾区机器人产业高端资源对接会 今天 14:00 广东深圳 瑑元智能科技 粉丝  127 瑑元智能科技 活动 8 粉丝 127 +关注 华商数字具身智能机器人全场景应用交流会 今天 14:00 广东深圳 华商数字（具身机器人） 粉丝  49 华商数字（具身机器人） 活动 1 粉丝 49 +关注 澎湃出海，掘金韩国Coupang酷澎跨境交流会-深圳站 今天 14:00 广东深圳 Coupang x 意胜跨境 粉丝  103 Coupang x 意胜跨境 活动 3 粉丝 103 +关注 星际珩-全球首款智慧康养机器人项目说明会 今天 14:30 广东深圳 2026WAIAC世界人工智能应用大会组委会 粉丝  5 2026WAIAC世界人工智能应用大会组委会 活动 3 粉丝 5 +关注 泰贸互通，聚力出海一前海跨境电商泰国优品交流会 今天 14:30 广东深圳 创界通 粉丝  422 创界通 活动 30 粉丝 422 +关注,,,,https://www.huodongxing.com/event/6873890813211,,免费,活动行,广东省,深圳,活动行平台支付/报名
Thingo-Ai实战训练营第七期,,网站导航 热门站点 全国站 北京站 上海站 广州站 深圳站 杭州站 武汉站 成都站 长沙站 精选推荐 首页 行业 生活 学习 找活动 找主办方 专题精选 人气榜 下载App 更多服务 找场地 活动百宝箱 主办方管理中心 主办方vip 活动行管家 大会解决方案 关注活动行 | 小程序 | 帮助中心 深圳 当前定位城市: 热门城市: 全国 北京 上海 广州 深圳 杭州 武汉 成都 长沙 南京 重庆 苏州 其它城市: 西安 郑州 厦门 天津 宁波 青岛 东莞 佛山 济南 珠海 合肥 福州 石家庄 昆明 查找更多城市 > 首页 分类 解决方案 场景方案 线上峰会/研讨会 从宣传推广、名单收集、直播互动、线下拍摄/导播、数据分析等一站式直播解决方案 活动行企业版 专为对品牌、数据安全要求较高的企业/商会协会/会展公司等打造的活动管理系统 数字云展厅 定制图文音视频展厅/元宇宙展厅，独立的展商详情页、商机收集等 私有化部署 快速私有化部署企业私有活动管理解决方案，支持阿里云、腾讯云、AWS等 免费创建 下载APP 业务合作 主办方中心 注册 / 登录 推荐 发现活动 人气榜 主办方 精选专题 意见反馈 回到顶部 城市: 全国 北京 上海 深圳 广州 杭州 成都 武汉 重庆 南京 苏州 长沙 西安 厦门 郑州 东莞 青岛 天津 宁波 昆明 香港 澳门 更多城市 分类: 时间: 全部 本周 本周末 1个月内 形式： 线下活动 线上活动 综合排序 最新发布 热门点击 最多参与 8.28日深圳跨境电商沙龙茶话会 | TikTok和独立站及亚马逊及短剧出海 | 每周三晚上限人数 08/19 周三 ~ 09/16 周三 广东深圳 深圳跨境电商老板私董会-小乖总 粉丝  920 深圳跨境电商老板私董会-小乖总 活动 151 粉丝 920 +关注 Thingo-Ai实战训练营第七期 今天 10:00 广东深圳 三哥前海AI企业家生态圈 粉丝  39 三哥前海AI企业家生态圈 活动 11 粉丝 39 +关注 具身智能产品的电网应用之路：从技术到产品的思维重构 | AIRS in the AIR 今天 10:00 广东深圳 AIRS 研究院 粉丝  21991 AIRS 研究院 活动 95 粉丝 21991 +关注 第四届大湾区医药工业制造4.0会议，聚焦AI赋能制药智造升级 今天 10:00 广东深圳 CPHI世界制药原料中国展 粉丝  3965 CPHI世界制药原料中国展 活动 96 粉丝 3965 +关注 2026再生材料与功效护肤分论坛-CPHI深圳制药工业展医美论坛 今天 13:00 广东深圳 CPHI世界制药原料中国展 粉丝  3965 CPHI世界制药原料中国展 活动 96 粉丝 3965 +关注 亚马逊×独立站流量增长——TikTok开环飞轮引领增长闭门会 今天 13:30 广东深圳 深圳店匠科技有限公司 粉丝  2084 深圳店匠科技有限公司 活动 17 粉丝 2084 +关注 AI制药智造合规与智能运维沙龙 今天 13:30 广东深圳 CPHI世界制药原料中国展 粉丝  3965 CPHI世界制药原料中国展 活动 96 粉丝 3965 +关注 【邀请函】首届大湾区机器人产业高端资源对接会 今天 14:00 广东深圳 深圳市智能终端产业协会 粉丝  9844 深圳市智能终端产业协会 活动 78 粉丝 9844 +关注 周三局🔥财富流沙盘桌游开局啦～沉浸式体验人生彩排👐 今天 14:00 广东深圳 杨珍妮 粉丝  336 杨珍妮 活动 63 粉丝 336 +关注 逐浪韩国·酷澎领潮 - 2026韩国Coupang卖家私享会 今天 14:00 广东深圳 跨境雅舍 粉丝  8425 跨境雅舍 活动 52 粉丝 8425 +关注 东欧eMAG平台新卖家招商会-深圳站 今天 14:00 广东深圳 雨果跨境 粉丝  72881 雨果跨境 活动 1415 粉丝 72881 +关注 潮领全球 智胜未来 —— TikTok Shop 时尚服饰品类私享会 今天 14:00 广东深圳 Nativex 粉丝  1013 Nativex 活动 7 粉丝 1013 +关注 俄见新局，共赢增长——第三届Yandex营销创新峰会 今天 14:00 广东深圳 易海创腾 粉丝  8457 易海创腾 活动 214 粉丝 8457 +关注 OPC落地全流程+项目分包 今天 14:00 广东深圳 高汤养人 粉丝  94 高汤养人 活动 12 粉丝 94 +关注 打通声量与销量：AI 时代品牌增长新范式 今天 14:00 广东深圳 赛文思数字营销 粉丝  2009 赛文思数字营销 活动 67 粉丝 2009 +关注 首届大湾区机器人产业高端资源对接会 今天 14:00 广东深圳 瑑元智能科技 粉丝  127 瑑元智能科技 活动 8 粉丝 127 +关注 华商数字具身智能机器人全场景应用交流会 今天 14:00 广东深圳 华商数字（具身机器人） 粉丝  49 华商数字（具身机器人） 活动 1 粉丝 49 +关注 澎湃出海，掘金韩国Coupang酷澎跨境交流会-深圳站 今天 14:00 广东深圳 Coupang x 意胜跨境 粉丝  103 Coupang x 意胜跨境 活动 3 粉丝 103 +关注 星际珩-全球首款智慧康养机器人项目说明会 今天 14:30 广东深圳 2026WAIAC世界人工智能应用大会组委会 粉丝  5 2026WAIAC世界人工智能应用大会组委会 活动 3 粉丝 5 +关注 泰贸互通，聚力出海一前海跨境电商泰国优品交流会 今天 14:30 广东深圳 创界通 粉丝  422 创界通 活动 30 粉丝 422 +关注,,,,https://www.huodongxing.com/event/1877889154400,,免费,活动行,广东省,深圳,活动行平台支付/报名
具身智能产品的电网应用之路：从技术到产品的思维重构 | AIRS in the AIR,,网站导航 热门站点 全国站 北京站 上海站 广州站 深圳站 杭州站 武汉站 成都站 长沙站 精选推荐 首页 行业 生活 学习 找活动 找主办方 专题精选 人气榜 下载App 更多服务 找场地 活动百宝箱 主办方管理中心 主办方vip 活动行管家 大会解决方案 关注活动行 | 小程序 | 帮助中心 深圳 当前定位城市: 热门城市: 全国 北京 上海 广州 深圳 杭州 武汉 成都 长沙 南京 重庆 苏州 其它城市: 西安 郑州 厦门 天津 宁波 青岛 东莞 佛山 济南 珠海 合肥 福州 石家庄 昆明 查找更多城市 > 首页 分类 解决方案 场景方案 线上峰会/研讨会 从宣传推广、名单收集、直播互动、线下拍摄/导播、数据分析等一站式直播解决方案 活动行企业版 专为对品牌、数据安全要求较高的企业/商会协会/会展公司等打造的活动管理系统 数字云展厅 定制图文音视频展厅/元宇宙展厅，独立的展商详情页、商机收集等 私有化部署 快速私有化部署企业私有活动管理解决方案，支持阿里云、腾讯云、AWS等 免费创建 下载APP 业务合作 主办方中心 注册 / 登录 推荐 发现活动 人气榜 主办方 精选专题 意见反馈 回到顶部 城市: 全国 北京 上海 深圳 广州 杭州 成都 武汉 重庆 南京 苏州 长沙 西安 厦门 郑州 东莞 青岛 天津 宁波 昆明 香港 澳门 更多城市 分类: 时间: 全部 本周 本周末 1个月内 形式： 线下活动 线上活动 综合排序 最新发布 热门点击 最多参与 8.28日深圳跨境电商沙龙茶话会 | TikTok和独立站及亚马逊及短剧出海 | 每周三晚上限人数 08/19 周三 ~ 09/16 周三 广东深圳 深圳跨境电商老板私董会-小乖总 粉丝  920 深圳跨境电商老板私董会-小乖总 活动 151 粉丝 920 +关注 Thingo-Ai实战训练营第七期 今天 10:00 广东深圳 三哥前海AI企业家生态圈 粉丝  39 三哥前海AI企业家生态圈 活动 11 粉丝 39 +关注 具身智能产品的电网应用之路：从技术到产品的思维重构 | AIRS in the AIR 今天 10:00 广东深圳 AIRS 研究院 粉丝  21991 AIRS 研究院 活动 95 粉丝 21991 +关注 第四届大湾区医药工业制造4.0会议，聚焦AI赋能制药智造升级 今天 10:00 广东深圳 CPHI世界制药原料中国展 粉丝  3965 CPHI世界制药原料中国展 活动 96 粉丝 3965 +关注 2026再生材料与功效护肤分论坛-CPHI深圳制药工业展医美论坛 今天 13:00 广东深圳 CPHI世界制药原料中国展 粉丝  3965 CPHI世界制药原料中国展 活动 96 粉丝 3965 +关注 亚马逊×独立站流量增长——TikTok开环飞轮引领增长闭门会 今天 13:30 广东深圳 深圳店匠科技有限公司 粉丝  2084 深圳店匠科技有限公司 活动 17 粉丝 2084 +关注 AI制药智造合规与智能运维沙龙 今天 13:30 广东深圳 CPHI世界制药原料中国展 粉丝  3965 CPHI世界制药原料中国展 活动 96 粉丝 3965 +关注 【邀请函】首届大湾区机器人产业高端资源对接会 今天 14:00 广东深圳 深圳市智能终端产业协会 粉丝  9844 深圳市智能终端产业协会 活动 78 粉丝 9844 +关注 周三局🔥财富流沙盘桌游开局啦～沉浸式体验人生彩排👐 今天 14:00 广东深圳 杨珍妮 粉丝  336 杨珍妮 活动 63 粉丝 336 +关注 逐浪韩国·酷澎领潮 - 2026韩国Coupang卖家私享会 今天 14:00 广东深圳 跨境雅舍 粉丝  8425 跨境雅舍 活动 52 粉丝 8425 +关注 东欧eMAG平台新卖家招商会-深圳站 今天 14:00 广东深圳 雨果跨境 粉丝  72881 雨果跨境 活动 1415 粉丝 72881 +关注 潮领全球 智胜未来 —— TikTok Shop 时尚服饰品类私享会 今天 14:00 广东深圳 Nativex 粉丝  1013 Nativex 活动 7 粉丝 1013 +关注 俄见新局，共赢增长——第三届Yandex营销创新峰会 今天 14:00 广东深圳 易海创腾 粉丝  8457 易海创腾 活动 214 粉丝 8457 +关注 OPC落地全流程+项目分包 今天 14:00 广东深圳 高汤养人 粉丝  94 高汤养人 活动 12 粉丝 94 +关注 打通声量与销量：AI 时代品牌增长新范式 今天 14:00 广东深圳 赛文思数字营销 粉丝  2009 赛文思数字营销 活动 67 粉丝 2009 +关注 首届大湾区机器人产业高端资源对接会 今天 14:00 广东深圳 瑑元智能科技 粉丝  127 瑑元智能科技 活动 8 粉丝 127 +关注 华商数字具身智能机器人全场景应用交流会 今天 14:00 广东深圳 华商数字（具身机器人） 粉丝  49 华商数字（具身机器人） 活动 1 粉丝 49 +关注 澎湃出海，掘金韩国Coupang酷澎跨境交流会-深圳站 今天 14:00 广东深圳 Coupang x 意胜跨境 粉丝  103 Coupang x 意胜跨境 活动 3 粉丝 103 +关注 星际珩-全球首款智慧康养机器人项目说明会 今天 14:30 广东深圳 2026WAIAC世界人工智能应用大会组委会 粉丝  5 2026WAIAC世界人工智能应用大会组委会 活动 3 粉丝 5 +关注 泰贸互通，聚力出海一前海跨境电商泰国优品交流会 今天 14:30 广东深圳 创界通 粉丝  422 创界通 活动 30 粉丝 422 +关注,,,,https://www.huodongxing.com/event/6877050534300,,免费,活动行,广东省,深圳,活动行平台支付/报名
第四届大湾区医药工业制造4.0会议，聚焦AI赋能制药智造升级,,网站导航 热门站点 全国站 北京站 上海站 广州站 深圳站 杭州站 武汉站 成都站 长沙站 精选推荐 首页 行业 生活 学习 找活动 找主办方 专题精选 人气榜 下载App 更多服务 找场地 活动百宝箱 主办方管理中心 主办方vip 活动行管家 大会解决方案 关注活动行 | 小程序 | 帮助中心 深圳 当前定位城市: 热门城市: 全国 北京 上海 广州 深圳 杭州 武汉 成都 长沙 南京 重庆 苏州 其它城市: 西安 郑州 厦门 天津 宁波 青岛 东莞 佛山 济南 珠海 合肥 福州 石家庄 昆明 查找更多城市 > 首页 分类 解决方案 场景方案 线上峰会/研讨会 从宣传推广、名单收集、直播互动、线下拍摄/导播、数据分析等一站式直播解决方案 活动行企业版 专为对品牌、数据安全要求较高的企业/商会协会/会展公司等打造的活动管理系统 数字云展厅 定制图文音视频展厅/元宇宙展厅，独立的展商详情页、商机收集等 私有化部署 快速私有化部署企业私有活动管理解决方案，支持阿里云、腾讯云、AWS等 免费创建 下载APP 业务合作 主办方中心 注册 / 登录 推荐 发现活动 人气榜 主办方 精选专题 意见反馈 回到顶部 城市: 全国 北京 上海 深圳 广州 杭州 成都 武汉 重庆 南京 苏州 长沙 西安 厦门 郑州 东莞 青岛 天津 宁波 昆明 香港 澳门 更多城市 分类: 时间: 全部 本周 本周末 1个月内 形式： 线下活动 线上活动 综合排序 最新发布 热门点击 最多参与 8.28日深圳跨境电商沙龙茶话会 | TikTok和独立站及亚马逊及短剧出海 | 每周三晚上限人数 08/19 周三 ~ 09/16 周三 广东深圳 深圳跨境电商老板私董会-小乖总 粉丝  920 深圳跨境电商老板私董会-小乖总 活动 151 粉丝 920 +关注 Thingo-Ai实战训练营第七期 今天 10:00 广东深圳 三哥前海AI企业家生态圈 粉丝  39 三哥前海AI企业家生态圈 活动 11 粉丝 39 +关注 具身智能产品的电网应用之路：从技术到产品的思维重构 | AIRS in the AIR 今天 10:00 广东深圳 AIRS 研究院 粉丝  21991 AIRS 研究院 活动 95 粉丝 21991 +关注 第四届大湾区医药工业制造4.0会议，聚焦AI赋能制药智造升级 今天 10:00 广东深圳 CPHI世界制药原料中国展 粉丝  3965 CPHI世界制药原料中国展 活动 96 粉丝 3965 +关注 2026再生材料与功效护肤分论坛-CPHI深圳制药工业展医美论坛 今天 13:00 广东深圳 CPHI世界制药原料中国展 粉丝  3965 CPHI世界制药原料中国展 活动 96 粉丝 3965 +关注 亚马逊×独立站流量增长——TikTok开环飞轮引领增长闭门会 今天 13:30 广东深圳 深圳店匠科技有限公司 粉丝  2084 深圳店匠科技有限公司 活动 17 粉丝 2084 +关注 AI制药智造合规与智能运维沙龙 今天 13:30 广东深圳 CPHI世界制药原料中国展 粉丝  3965 CPHI世界制药原料中国展 活动 96 粉丝 3965 +关注 【邀请函】首届大湾区机器人产业高端资源对接会 今天 14:00 广东深圳 深圳市智能终端产业协会 粉丝  9844 深圳市智能终端产业协会 活动 78 粉丝 9844 +关注 周三局🔥财富流沙盘桌游开局啦～沉浸式体验人生彩排👐 今天 14:00 广东深圳 杨珍妮 粉丝  336 杨珍妮 活动 63 粉丝 336 +关注 逐浪韩国·酷澎领潮 - 2026韩国Coupang卖家私享会 今天 14:00 广东深圳 跨境雅舍 粉丝  8425 跨境雅舍 活动 52 粉丝 8425 +关注 东欧eMAG平台新卖家招商会-深圳站 今天 14:00 广东深圳 雨果跨境 粉丝  72881 雨果跨境 活动 1415 粉丝 72881 +关注 潮领全球 智胜未来 —— TikTok Shop 时尚服饰品类私享会 今天 14:00 广东深圳 Nativex 粉丝  1013 Nativex 活动 7 粉丝 1013 +关注 俄见新局，共赢增长——第三届Yandex营销创新峰会 今天 14:00 广东深圳 易海创腾 粉丝  8457 易海创腾 活动 214 粉丝 8457 +关注 OPC落地全流程+项目分包 今天 14:00 广东深圳 高汤养人 粉丝  94 高汤养人 活动 12 粉丝 94 +关注 打通声量与销量：AI 时代品牌增长新范式 今天 14:00 广东深圳 赛文思数字营销 粉丝  2009 赛文思数字营销 活动 67 粉丝 2009 +关注 首届大湾区机器人产业高端资源对接会 今天 14:00 广东深圳 瑑元智能科技 粉丝  127 瑑元智能科技 活动 8 粉丝 127 +关注 华商数字具身智能机器人全场景应用交流会 今天 14:00 广东深圳 华商数字（具身机器人） 粉丝  49 华商数字（具身机器人） 活动 1 粉丝 49 +关注 澎湃出海，掘金韩国Coupang酷澎跨境交流会-深圳站 今天 14:00 广东深圳 Coupang x 意胜跨境 粉丝  103 Coupang x 意胜跨境 活动 3 粉丝 103 +关注 星际珩-全球首款智慧康养机器人项目说明会 今天 14:30 广东深圳 2026WAIAC世界人工智能应用大会组委会 粉丝  5 2026WAIAC世界人工智能应用大会组委会 活动 3 粉丝 5 +关注 泰贸互通，聚力出海一前海跨境电商泰国优品交流会 今天 14:30 广东深圳 创界通 粉丝  422 创界通 活动 30 粉丝 422 +关注,,,,https://www.huodongxing.com/event/5876066473711,,免费,活动行,广东省,深圳,活动行平台支付/报名
2026再生材料与功效护肤分论坛-CPHI深圳制药工业展医美论坛,,网站导航 热门站点 全国站 北京站 上海站 广州站 深圳站 杭州站 武汉站 成都站 长沙站 精选推荐 首页 行业 生活 学习 找活动 找主办方 专题精选 人气榜 下载App 更多服务 找场地 活动百宝箱 主办方管理中心 主办方vip 活动行管家 大会解决方案 关注活动行 | 小程序 | 帮助中心 深圳 当前定位城市: 热门城市: 全国 北京 上海 广州 深圳 杭州 武汉 成都 长沙 南京 重庆 苏州 其它城市: 西安 郑州 厦门 天津 宁波 青岛 东莞 佛山 济南 珠海 合肥 福州 石家庄 昆明 查找更多城市 > 首页 分类 解决方案 场景方案 线上峰会/研讨会 从宣传推广、名单收集、直播互动、线下拍摄/导播、数据分析等一站式直播解决方案 活动行企业版 专为对品牌、数据安全要求较高的企业/商会协会/会展公司等打造的活动管理系统 数字云展厅 定制图文音视频展厅/元宇宙展厅，独立的展商详情页、商机收集等 私有化部署 快速私有化部署企业私有活动管理解决方案，支持阿里云、腾讯云、AWS等 免费创建 下载APP 业务合作 主办方中心 注册 / 登录 推荐 发现活动 人气榜 主办方 精选专题 意见反馈 回到顶部 城市: 全国 北京 上海 深圳 广州 杭州 成都 武汉 重庆 南京 苏州 长沙 西安 厦门 郑州 东莞 青岛 天津 宁波 昆明 香港 澳门 更多城市 分类: 时间: 全部 本周 本周末 1个月内 形式： 线下活动 线上活动 综合排序 最新发布 热门点击 最多参与 8.28日深圳跨境电商沙龙茶话会 | TikTok和独立站及亚马逊及短剧出海 | 每周三晚上限人数 08/19 周三 ~ 09/16 周三 广东深圳 深圳跨境电商老板私董会-小乖总 粉丝  920 深圳跨境电商老板私董会-小乖总 活动 151 粉丝 920 +关注 Thingo-Ai实战训练营第七期 今天 10:00 广东深圳 三哥前海AI企业家生态圈 粉丝  39 三哥前海AI企业家生态圈 活动 11 粉丝 39 +关注 具身智能产品的电网应用之路：从技术到产品的思维重构 | AIRS in the AIR 今天 10:00 广东深圳 AIRS 研究院 粉丝  21991 AIRS 研究院 活动 95 粉丝 21991 +关注 第四届大湾区医药工业制造4.0会议，聚焦AI赋能制药智造升级 今天 10:00 广东深圳 CPHI世界制药原料中国展 粉丝  3965 CPHI世界制药原料中国展 活动 96 粉丝 3965 +关注 2026再生材料与功效护肤分论坛-CPHI深圳制药工业展医美论坛 今天 13:00 广东深圳 CPHI世界制药原料中国展 粉丝  3965 CPHI世界制药原料中国展 活动 96 粉丝 3965 +关注 亚马逊×独立站流量增长——TikTok开环飞轮引领增长闭门会 今天 13:30 广东深圳 深圳店匠科技有限公司 粉丝  2084 深圳店匠科技有限公司 活动 17 粉丝 2084 +关注 AI制药智造合规与智能运维沙龙 今天 13:30 广东深圳 CPHI世界制药原料中国展 粉丝  3965 CPHI世界制药原料中国展 活动 96 粉丝 3965 +关注 【邀请函】首届大湾区机器人产业高端资源对接会 今天 14:00 广东深圳 深圳市智能终端产业协会 粉丝  9844 深圳市智能终端产业协会 活动 78 粉丝 9844 +关注 周三局🔥财富流沙盘桌游开局啦～沉浸式体验人生彩排👐 今天 14:00 广东深圳 杨珍妮 粉丝  336 杨珍妮 活动 63 粉丝 336 +关注 逐浪韩国·酷澎领潮 - 2026韩国Coupang卖家私享会 今天 14:00 广东深圳 跨境雅舍 粉丝  8425 跨境雅舍 活动 52 粉丝 8425 +关注 东欧eMAG平台新卖家招商会-深圳站 今天 14:00 广东深圳 雨果跨境 粉丝  72881 雨果跨境 活动 1415 粉丝 72881 +关注 潮领全球 智胜未来 —— TikTok Shop 时尚服饰品类私享会 今天 14:00 广东深圳 Nativex 粉丝  1013 Nativex 活动 7 粉丝 1013 +关注 俄见新局，共赢增长——第三届Yandex营销创新峰会 今天 14:00 广东深圳 易海创腾 粉丝  8457 易海创腾 活动 214 粉丝 8457 +关注 OPC落地全流程+项目分包 今天 14:00 广东深圳 高汤养人 粉丝  94 高汤养人 活动 12 粉丝 94 +关注 打通声量与销量：AI 时代品牌增长新范式 今天 14:00 广东深圳 赛文思数字营销 粉丝  2009 赛文思数字营销 活动 67 粉丝 2009 +关注 首届大湾区机器人产业高端资源对接会 今天 14:00 广东深圳 瑑元智能科技 粉丝  127 瑑元智能科技 活动 8 粉丝 127 +关注 华商数字具身智能机器人全场景应用交流会 今天 14:00 广东深圳 华商数字（具身机器人） 粉丝  49 华商数字（具身机器人） 活动 1 粉丝 49 +关注 澎湃出海，掘金韩国Coupang酷澎跨境交流会-深圳站 今天 14:00 广东深圳 Coupang x 意胜跨境 粉丝  103 Coupang x 意胜跨境 活动 3 粉丝 103 +关注 星际珩-全球首款智慧康养机器人项目说明会 今天 14:30 广东深圳 2026WAIAC世界人工智能应用大会组委会 粉丝  5 2026WAIAC世界人工智能应用大会组委会 活动 3 粉丝 5 +关注 泰贸互通，聚力出海一前海跨境电商泰国优品交流会 今天 14:30 广东深圳 创界通 粉丝  422 创界通 活动 30 粉丝 422 +关注,,,,https://www.huodongxing.com/event/6874739795300,,免费,活动行,广东省,深圳,活动行平台支付/报名
亚马逊×独立站流量增长——TikTok开环飞轮引领增长闭门会,,网站导航 热门站点 全国站 北京站 上海站 广州站 深圳站 杭州站 武汉站 成都站 长沙站 精选推荐 首页 行业 生活 学习 找活动 找主办方 专题精选 人气榜 下载App 更多服务 找场地 活动百宝箱 主办方管理中心 主办方vip 活动行管家 大会解决方案 关注活动行 | 小程序 | 帮助中心 深圳 当前定位城市: 热门城市: 全国 北京 上海 广州 深圳 杭州 武汉 成都 长沙 南京 重庆 苏州 其它城市: 西安 郑州 厦门 天津 宁波 青岛 东莞 佛山 济南 珠海 合肥 福州 石家庄 昆明 查找更多城市 > 首页 分类 解决方案 场景方案 线上峰会/研讨会 从宣传推广、名单收集、直播互动、线下拍摄/导播、数据分析等一站式直播解决方案 活动行企业版 专为对品牌、数据安全要求较高的企业/商会协会/会展公司等打造的活动管理系统 数字云展厅 定制图文音视频展厅/元宇宙展厅，独立的展商详情页、商机收集等 私有化部署 快速私有化部署企业私有活动管理解决方案，支持阿里云、腾讯云、AWS等 免费创建 下载APP 业务合作 主办方中心 注册 / 登录 推荐 发现活动 人气榜 主办方 精选专题 意见反馈 回到顶部 城市: 全国 北京 上海 深圳 广州 杭州 成都 武汉 重庆 南京 苏州 长沙 西安 厦门 郑州 东莞 青岛 天津 宁波 昆明 香港 澳门 更多城市 分类: 时间: 全部 本周 本周末 1个月内 形式： 线下活动 线上活动 综合排序 最新发布 热门点击 最多参与 8.28日深圳跨境电商沙龙茶话会 | TikTok和独立站及亚马逊及短剧出海 | 每周三晚上限人数 08/19 周三 ~ 09/16 周三 广东深圳 深圳跨境电商老板私董会-小乖总 粉丝  920 深圳跨境电商老板私董会-小乖总 活动 151 粉丝 920 +关注 Thingo-Ai实战训练营第七期 今天 10:00 广东深圳 三哥前海AI企业家生态圈 粉丝  39 三哥前海AI企业家生态圈 活动 11 粉丝 39 +关注 具身智能产品的电网应用之路：从技术到产品的思维重构 | AIRS in the AIR 今天 10:00 广东深圳 AIRS 研究院 粉丝  21991 AIRS 研究院 活动 95 粉丝 21991 +关注 第四届大湾区医药工业制造4.0会议，聚焦AI赋能制药智造升级 今天 10:00 广东深圳 CPHI世界制药原料中国展 粉丝  3965 CPHI世界制药原料中国展 活动 96 粉丝 3965 +关注 2026再生材料与功效护肤分论坛-CPHI深圳制药工业展医美论坛 今天 13:00 广东深圳 CPHI世界制药原料中国展 粉丝  3965 CPHI世界制药原料中国展 活动 96 粉丝 3965 +关注 亚马逊×独立站流量增长——TikTok开环飞轮引领增长闭门会 今天 13:30 广东深圳 深圳店匠科技有限公司 粉丝  2084 深圳店匠科技有限公司 活动 17 粉丝 2084 +关注 AI制药智造合规与智能运维沙龙 今天 13:30 广东深圳 CPHI世界制药原料中国展 粉丝  3965 CPHI世界制药原料中国展 活动 96 粉丝 3965 +关注 【邀请函】首届大湾区机器人产业高端资源对接会 今天 14:00 广东深圳 深圳市智能终端产业协会 粉丝  9844 深圳市智能终端产业协会 活动 78 粉丝 9844 +关注 周三局🔥财富流沙盘桌游开局啦～沉浸式体验人生彩排👐 今天 14:00 广东深圳 杨珍妮 粉丝  336 杨珍妮 活动 63 粉丝 336 +关注 逐浪韩国·酷澎领潮 - 2026韩国Coupang卖家私享会 今天 14:00 广东深圳 跨境雅舍 粉丝  8425 跨境雅舍 活动 52 粉丝 8425 +关注 东欧eMAG平台新卖家招商会-深圳站 今天 14:00 广东深圳 雨果跨境 粉丝  72881 雨果跨境 活动 1415 粉丝 72881 +关注 潮领全球 智胜未来 —— TikTok Shop 时尚服饰品类私享会 今天 14:00 广东深圳 Nativex 粉丝  1013 Nativex 活动 7 粉丝 1013 +关注 俄见新局，共赢增长——第三届Yandex营销创新峰会 今天 14:00 广东深圳 易海创腾 粉丝  8457 易海创腾 活动 214 粉丝 8457 +关注 OPC落地全流程+项目分包 今天 14:00 广东深圳 高汤养人 粉丝  94 高汤养人 活动 12 粉丝 94 +关注 打通声量与销量：AI 时代品牌增长新范式 今天 14:00 广东深圳 赛文思数字营销 粉丝  2009 赛文思数字营销 活动 67 粉丝 2009 +关注 首届大湾区机器人产业高端资源对接会 今天 14:00 广东深圳 瑑元智能科技 粉丝  127 瑑元智能科技 活动 8 粉丝 127 +关注 华商数字具身智能机器人全场景应用交流会 今天 14:00 广东深圳 华商数字（具身机器人） 粉丝  49 华商数字（具身机器人） 活动 1 粉丝 49 +关注 澎湃出海，掘金韩国Coupang酷澎跨境交流会-深圳站 今天 14:00 广东深圳 Coupang x 意胜跨境 粉丝  103 Coupang x 意胜跨境 活动 3 粉丝 103 +关注 星际珩-全球首款智慧康养机器人项目说明会 今天 14:30 广东深圳 2026WAIAC世界人工智能应用大会组委会 粉丝  5 2026WAIAC世界人工智能应用大会组委会 活动 3 粉丝 5 +关注 泰贸互通，聚力出海一前海跨境电商泰国优品交流会 今天 14:30 广东深圳 创界通 粉丝  422 创界通 活动 30 粉丝 422 +关注,,,,https://www.huodongxing.com/event/3877771371100,,免费,活动行,广东省,深圳,活动行平台支付/报名
AI制药智造合规与智能运维沙龙,,网站导航 热门站点 全国站 北京站 上海站 广州站 深圳站 杭州站 武汉站 成都站 长沙站 精选推荐 首页 行业 生活 学习 找活动 找主办方 专题精选 人气榜 下载App 更多服务 找场地 活动百宝箱 主办方管理中心 主办方vip 活动行管家 大会解决方案 关注活动行 | 小程序 | 帮助中心 深圳 当前定位城市: 热门城市: 全国 北京 上海 广州 深圳 杭州 武汉 成都 长沙 南京 重庆 苏州 其它城市: 西安 郑州 厦门 天津 宁波 青岛 东莞 佛山 济南 珠海 合肥 福州 石家庄 昆明 查找更多城市 > 首页 分类 解决方案 场景方案 线上峰会/研讨会 从宣传推广、名单收集、直播互动、线下拍摄/导播、数据分析等一站式直播解决方案 活动行企业版 专为对品牌、数据安全要求较高的企业/商会协会/会展公司等打造的活动管理系统 数字云展厅 定制图文音视频展厅/元宇宙展厅，独立的展商详情页、商机收集等 私有化部署 快速私有化部署企业私有活动管理解决方案，支持阿里云、腾讯云、AWS等 免费创建 下载APP 业务合作 主办方中心 注册 / 登录 推荐 发现活动 人气榜 主办方 精选专题 意见反馈 回到顶部 城市: 全国 北京 上海 深圳 广州 杭州 成都 武汉 重庆 南京 苏州 长沙 西安 厦门 郑州 东莞 青岛 天津 宁波 昆明 香港 澳门 更多城市 分类: 时间: 全部 本周 本周末 1个月内 形式： 线下活动 线上活动 综合排序 最新发布 热门点击 最多参与 8.28日深圳跨境电商沙龙茶话会 | TikTok和独立站及亚马逊及短剧出海 | 每周三晚上限人数 08/19 周三 ~ 09/16 周三 广东深圳 深圳跨境电商老板私董会-小乖总 粉丝  920 深圳跨境电商老板私董会-小乖总 活动 151 粉丝 920 +关注 Thingo-Ai实战训练营第七期 今天 10:00 广东深圳 三哥前海AI企业家生态圈 粉丝  39 三哥前海AI企业家生态圈 活动 11 粉丝 39 +关注 具身智能产品的电网应用之路：从技术到产品的思维重构 | AIRS in the AIR 今天 10:00 广东深圳 AIRS 研究院 粉丝  21991 AIRS 研究院 活动 95 粉丝 21991 +关注 第四届大湾区医药工业制造4.0会议，聚焦AI赋能制药智造升级 今天 10:00 广东深圳 CPHI世界制药原料中国展 粉丝  3965 CPHI世界制药原料中国展 活动 96 粉丝 3965 +关注 2026再生材料与功效护肤分论坛-CPHI深圳制药工业展医美论坛 今天 13:00 广东深圳 CPHI世界制药原料中国展 粉丝  3965 CPHI世界制药原料中国展 活动 96 粉丝 3965 +关注 亚马逊×独立站流量增长——TikTok开环飞轮引领增长闭门会 今天 13:30 广东深圳 深圳店匠科技有限公司 粉丝  2084 深圳店匠科技有限公司 活动 17 粉丝 2084 +关注 AI制药智造合规与智能运维沙龙 今天 13:30 广东深圳 CPHI世界制药原料中国展 粉丝  3965 CPHI世界制药原料中国展 活动 96 粉丝 3965 +关注 【邀请函】首届大湾区机器人产业高端资源对接会 今天 14:00 广东深圳 深圳市智能终端产业协会 粉丝  9844 深圳市智能终端产业协会 活动 78 粉丝 9844 +关注 周三局🔥财富流沙盘桌游开局啦～沉浸式体验人生彩排👐 今天 14:00 广东深圳 杨珍妮 粉丝  336 杨珍妮 活动 63 粉丝 336 +关注 逐浪韩国·酷澎领潮 - 2026韩国Coupang卖家私享会 今天 14:00 广东深圳 跨境雅舍 粉丝  8425 跨境雅舍 活动 52 粉丝 8425 +关注 东欧eMAG平台新卖家招商会-深圳站 今天 14:00 广东深圳 雨果跨境 粉丝  72881 雨果跨境 活动 1415 粉丝 72881 +关注 潮领全球 智胜未来 —— TikTok Shop 时尚服饰品类私享会 今天 14:00 广东深圳 Nativex 粉丝  1013 Nativex 活动 7 粉丝 1013 +关注 俄见新局，共赢增长——第三届Yandex营销创新峰会 今天 14:00 广东深圳 易海创腾 粉丝  8457 易海创腾 活动 214 粉丝 8457 +关注 OPC落地全流程+项目分包 今天 14:00 广东深圳 高汤养人 粉丝  94 高汤养人 活动 12 粉丝 94 +关注 打通声量与销量：AI 时代品牌增长新范式 今天 14:00 广东深圳 赛文思数字营销 粉丝  2009 赛文思数字营销 活动 67 粉丝 2009 +关注 首届大湾区机器人产业高端资源对接会 今天 14:00 广东深圳 瑑元智能科技 粉丝  127 瑑元智能科技 活动 8 粉丝 127 +关注 华商数字具身智能机器人全场景应用交流会 今天 14:00 广东深圳 华商数字（具身机器人） 粉丝  49 华商数字（具身机器人） 活动 1 粉丝 49 +关注 澎湃出海，掘金韩国Coupang酷澎跨境交流会-深圳站 今天 14:00 广东深圳 Coupang x 意胜跨境 粉丝  103 Coupang x 意胜跨境 活动 3 粉丝 103 +关注 星际珩-全球首款智慧康养机器人项目说明会 今天 14:30 广东深圳 2026WAIAC世界人工智能应用大会组委会 粉丝  5 2026WAIAC世界人工智能应用大会组委会 活动 3 粉丝 5 +关注 泰贸互通，聚力出海一前海跨境电商泰国优品交流会 今天 14:30 广东深圳 创界通 粉丝  422 创界通 活动 30 粉丝 422 +关注,,,,https://www.huodongxing.com/event/5876045914800,,免费,活动行,广东省,深圳,活动行平台支付/报名
【邀请函】首届大湾区机器人产业高端资源对接会,,网站导航 热门站点 全国站 北京站 上海站 广州站 深圳站 杭州站 武汉站 成都站 长沙站 精选推荐 首页 行业 生活 学习 找活动 找主办方 专题精选 人气榜 下载App 更多服务 找场地 活动百宝箱 主办方管理中心 主办方vip 活动行管家 大会解决方案 关注活动行 | 小程序 | 帮助中心 深圳 当前定位城市: 热门城市: 全国 北京 上海 广州 深圳 杭州 武汉 成都 长沙 南京 重庆 苏州 其它城市: 西安 郑州 厦门 天津 宁波 青岛 东莞 佛山 济南 珠海 合肥 福州 石家庄 昆明 查找更多城市 > 首页 分类 解决方案 场景方案 线上峰会/研讨会 从宣传推广、名单收集、直播互动、线下拍摄/导播、数据分析等一站式直播解决方案 活动行企业版 专为对品牌、数据安全要求较高的企业/商会协会/会展公司等打造的活动管理系统 数字云展厅 定制图文音视频展厅/元宇宙展厅，独立的展商详情页、商机收集等 私有化部署 快速私有化部署企业私有活动管理解决方案，支持阿里云、腾讯云、AWS等 免费创建 下载APP 业务合作 主办方中心 注册 / 登录 推荐 发现活动 人气榜 主办方 精选专题 意见反馈 回到顶部 城市: 全国 北京 上海 深圳 广州 杭州 成都 武汉 重庆 南京 苏州 长沙 西安 厦门 郑州 东莞 青岛 天津 宁波 昆明 香港 澳门 更多城市 分类: 时间: 全部 本周 本周末 1个月内 形式： 线下活动 线上活动 综合排序 最新发布 热门点击 最多参与 8.28日深圳跨境电商沙龙茶话会 | TikTok和独立站及亚马逊及短剧出海 | 每周三晚上限人数 08/19 周三 ~ 09/16 周三 广东深圳 深圳跨境电商老板私董会-小乖总 粉丝  920 深圳跨境电商老板私董会-小乖总 活动 151 粉丝 920 +关注 Thingo-Ai实战训练营第七期 今天 10:00 广东深圳 三哥前海AI企业家生态圈 粉丝  39 三哥前海AI企业家生态圈 活动 11 粉丝 39 +关注 具身智能产品的电网应用之路：从技术到产品的思维重构 | AIRS in the AIR 今天 10:00 广东深圳 AIRS 研究院 粉丝  21991 AIRS 研究院 活动 95 粉丝 21991 +关注 第四届大湾区医药工业制造4.0会议，聚焦AI赋能制药智造升级 今天 10:00 广东深圳 CPHI世界制药原料中国展 粉丝  3965 CPHI世界制药原料中国展 活动 96 粉丝 3965 +关注 2026再生材料与功效护肤分论坛-CPHI深圳制药工业展医美论坛 今天 13:00 广东深圳 CPHI世界制药原料中国展 粉丝  3965 CPHI世界制药原料中国展 活动 96 粉丝 3965 +关注 亚马逊×独立站流量增长——TikTok开环飞轮引领增长闭门会 今天 13:30 广东深圳 深圳店匠科技有限公司 粉丝  2084 深圳店匠科技有限公司 活动 17 粉丝 2084 +关注 AI制药智造合规与智能运维沙龙 今天 13:30 广东深圳 CPHI世界制药原料中国展 粉丝  3965 CPHI世界制药原料中国展 活动 96 粉丝 3965 +关注 【邀请函】首届大湾区机器人产业高端资源对接会 今天 14:00 广东深圳 深圳市智能终端产业协会 粉丝  9844 深圳市智能终端产业协会 活动 78 粉丝 9844 +关注 周三局🔥财富流沙盘桌游开局啦～沉浸式体验人生彩排👐 今天 14:00 广东深圳 杨珍妮 粉丝  336 杨珍妮 活动 63 粉丝 336 +关注 逐浪韩国·酷澎领潮 - 2026韩国Coupang卖家私享会 今天 14:00 广东深圳 跨境雅舍 粉丝  8425 跨境雅舍 活动 52 粉丝 8425 +关注 东欧eMAG平台新卖家招商会-深圳站 今天 14:00 广东深圳 雨果跨境 粉丝  72881 雨果跨境 活动 1415 粉丝 72881 +关注 潮领全球 智胜未来 —— TikTok Shop 时尚服饰品类私享会 今天 14:00 广东深圳 Nativex 粉丝  1013 Nativex 活动 7 粉丝 1013 +关注 俄见新局，共赢增长——第三届Yandex营销创新峰会 今天 14:00 广东深圳 易海创腾 粉丝  8457 易海创腾 活动 214 粉丝 8457 +关注 OPC落地全流程+项目分包 今天 14:00 广东深圳 高汤养人 粉丝  94 高汤养人 活动 12 粉丝 94 +关注 打通声量与销量：AI 时代品牌增长新范式 今天 14:00 广东深圳 赛文思数字营销 粉丝  2009 赛文思数字营销 活动 67 粉丝 2009 +关注 首届大湾区机器人产业高端资源对接会 今天 14:00 广东深圳 瑑元智能科技 粉丝  127 瑑元智能科技 活动 8 粉丝 127 +关注 华商数字具身智能机器人全场景应用交流会 今天 14:00 广东深圳 华商数字（具身机器人） 粉丝  49 华商数字（具身机器人） 活动 1 粉丝 49 +关注 澎湃出海，掘金韩国Coupang酷澎跨境交流会-深圳站 今天 14:00 广东深圳 Coupang x 意胜跨境 粉丝  103 Coupang x 意胜跨境 活动 3 粉丝 103 +关注 星际珩-全球首款智慧康养机器人项目说明会 今天 14:30 广东深圳 2026WAIAC世界人工智能应用大会组委会 粉丝  5 2026WAIAC世界人工智能应用大会组委会 活动 3 粉丝 5 +关注 泰贸互通，聚力出海一前海跨境电商泰国优品交流会 今天 14:30 广东深圳 创界通 粉丝  422 创界通 活动 30 粉丝 422 +关注,,,,https://www.huodongxing.com/event/3877920740400,,免费,活动行,广东省,深圳,活动行平台支付/报名
周三局🔥财富流沙盘桌游开局啦～沉浸式体验人生彩排👐,,网站导航 热门站点 全国站 北京站 上海站 广州站 深圳站 杭州站 武汉站 成都站 长沙站 精选推荐 首页 行业 生活 学习 找活动 找主办方 专题精选 人气榜 下载App 更多服务 找场地 活动百宝箱 主办方管理中心 主办方vip 活动行管家 大会解决方案 关注活动行 | 小程序 | 帮助中心 深圳 当前定位城市: 热门城市: 全国 北京 上海 广州 深圳 杭州 武汉 成都 长沙 南京 重庆 苏州 其它城市: 西安 郑州 厦门 天津 宁波 青岛 东莞 佛山 济南 珠海 合肥 福州 石家庄 昆明 查找更多城市 > 首页 分类 解决方案 场景方案 线上峰会/研讨会 从宣传推广、名单收集、直播互动、线下拍摄/导播、数据分析等一站式直播解决方案 活动行企业版 专为对品牌、数据安全要求较高的企业/商会协会/会展公司等打造的活动管理系统 数字云展厅 定制图文音视频展厅/元宇宙展厅，独立的展商详情页、商机收集等 私有化部署 快速私有化部署企业私有活动管理解决方案，支持阿里云、腾讯云、AWS等 免费创建 下载APP 业务合作 主办方中心 注册 / 登录 推荐 发现活动 人气榜 主办方 精选专题 意见反馈 回到顶部 城市: 全国 北京 上海 深圳 广州 杭州 成都 武汉 重庆 南京 苏州 长沙 西安 厦门 郑州 东莞 青岛 天津 宁波 昆明 香港 澳门 更多城市 分类: 时间: 全部 本周 本周末 1个月内 形式： 线下活动 线上活动 综合排序 最新发布 热门点击 最多参与 8.28日深圳跨境电商沙龙茶话会 | TikTok和独立站及亚马逊及短剧出海 | 每周三晚上限人数 08/19 周三 ~ 09/16 周三 广东深圳 深圳跨境电商老板私董会-小乖总 粉丝  920 深圳跨境电商老板私董会-小乖总 活动 151 粉丝 920 +关注 Thingo-Ai实战训练营第七期 今天 10:00 广东深圳 三哥前海AI企业家生态圈 粉丝  39 三哥前海AI企业家生态圈 活动 11 粉丝 39 +关注 具身智能产品的电网应用之路：从技术到产品的思维重构 | AIRS in the AIR 今天 10:00 广东深圳 AIRS 研究院 粉丝  21991 AIRS 研究院 活动 95 粉丝 21991 +关注 第四届大湾区医药工业制造4.0会议，聚焦AI赋能制药智造升级 今天 10:00 广东深圳 CPHI世界制药原料中国展 粉丝  3965 CPHI世界制药原料中国展 活动 96 粉丝 3965 +关注 2026再生材料与功效护肤分论坛-CPHI深圳制药工业展医美论坛 今天 13:00 广东深圳 CPHI世界制药原料中国展 粉丝  3965 CPHI世界制药原料中国展 活动 96 粉丝 3965 +关注 亚马逊×独立站流量增长——TikTok开环飞轮引领增长闭门会 今天 13:30 广东深圳 深圳店匠科技有限公司 粉丝  2084 深圳店匠科技有限公司 活动 17 粉丝 2084 +关注 AI制药智造合规与智能运维沙龙 今天 13:30 广东深圳 CPHI世界制药原料中国展 粉丝  3965 CPHI世界制药原料中国展 活动 96 粉丝 3965 +关注 【邀请函】首届大湾区机器人产业高端资源对接会 今天 14:00 广东深圳 深圳市智能终端产业协会 粉丝  9844 深圳市智能终端产业协会 活动 78 粉丝 9844 +关注 周三局🔥财富流沙盘桌游开局啦～沉浸式体验人生彩排👐 今天 14:00 广东深圳 杨珍妮 粉丝  336 杨珍妮 活动 63 粉丝 336 +关注 逐浪韩国·酷澎领潮 - 2026韩国Coupang卖家私享会 今天 14:00 广东深圳 跨境雅舍 粉丝  8425 跨境雅舍 活动 52 粉丝 8425 +关注 东欧eMAG平台新卖家招商会-深圳站 今天 14:00 广东深圳 雨果跨境 粉丝  72881 雨果跨境 活动 1415 粉丝 72881 +关注 潮领全球 智胜未来 —— TikTok Shop 时尚服饰品类私享会 今天 14:00 广东深圳 Nativex 粉丝  1013 Nativex 活动 7 粉丝 1013 +关注 俄见新局，共赢增长——第三届Yandex营销创新峰会 今天 14:00 广东深圳 易海创腾 粉丝  8457 易海创腾 活动 214 粉丝 8457 +关注 OPC落地全流程+项目分包 今天 14:00 广东深圳 高汤养人 粉丝  94 高汤养人 活动 12 粉丝 94 +关注 打通声量与销量：AI 时代品牌增长新范式 今天 14:00 广东深圳 赛文思数字营销 粉丝  2009 赛文思数字营销 活动 67 粉丝 2009 +关注 首届大湾区机器人产业高端资源对接会 今天 14:00 广东深圳 瑑元智能科技 粉丝  127 瑑元智能科技 活动 8 粉丝 127 +关注 华商数字具身智能机器人全场景应用交流会 今天 14:00 广东深圳 华商数字（具身机器人） 粉丝  49 华商数字（具身机器人） 活动 1 粉丝 49 +关注 澎湃出海，掘金韩国Coupang酷澎跨境交流会-深圳站 今天 14:00 广东深圳 Coupang x 意胜跨境 粉丝  103 Coupang x 意胜跨境 活动 3 粉丝 103 +关注 星际珩-全球首款智慧康养机器人项目说明会 今天 14:30 广东深圳 2026WAIAC世界人工智能应用大会组委会 粉丝  5 2026WAIAC世界人工智能应用大会组委会 活动 3 粉丝 5 +关注 泰贸互通，聚力出海一前海跨境电商泰国优品交流会 今天 14:30 广东深圳 创界通 粉丝  422 创界通 活动 30 粉丝 422 +关注,,,,https://www.huodongxing.com/event/6876355065412,,免费,活动行,广东省,深圳,活动行平台支付/报名
OPC落地全流程+项目分包,,网站导航 热门站点 全国站 北京站 上海站 广州站 深圳站 杭州站 武汉站 成都站 长沙站 精选推荐 首页 行业 生活 学习 找活动 找主办方 专题精选 人气榜 下载App 更多服务 找场地 活动百宝箱 主办方管理中心 主办方vip 活动行管家 大会解决方案 关注活动行 | 小程序 | 帮助中心 深圳 当前定位城市: 热门城市: 全国 北京 上海 广州 深圳 杭州 武汉 成都 长沙 南京 重庆 苏州 其它城市: 西安 郑州 厦门 天津 宁波 青岛 东莞 佛山 济南 珠海 合肥 福州 石家庄 昆明 查找更多城市 > 首页 分类 解决方案 场景方案 线上峰会/研讨会 从宣传推广、名单收集、直播互动、线下拍摄/导播、数据分析等一站式直播解决方案 活动行企业版 专为对品牌、数据安全要求较高的企业/商会协会/会展公司等打造的活动管理系统 数字云展厅 定制图文音视频展厅/元宇宙展厅，独立的展商详情页、商机收集等 私有化部署 快速私有化部署企业私有活动管理解决方案，支持阿里云、腾讯云、AWS等 免费创建 下载APP 业务合作 主办方中心 注册 / 登录 推荐 发现活动 人气榜 主办方 精选专题 意见反馈 回到顶部 城市: 全国 北京 上海 深圳 广州 杭州 成都 武汉 重庆 南京 苏州 长沙 西安 厦门 郑州 东莞 青岛 天津 宁波 昆明 香港 澳门 更多城市 分类: 时间: 全部 本周 本周末 1个月内 形式： 线下活动 线上活动 综合排序 最新发布 热门点击 最多参与 8.28日深圳跨境电商沙龙茶话会 | TikTok和独立站及亚马逊及短剧出海 | 每周三晚上限人数 08/19 周三 ~ 09/16 周三 广东深圳 深圳跨境电商老板私董会-小乖总 粉丝  920 深圳跨境电商老板私董会-小乖总 活动 151 粉丝 920 +关注 Thingo-Ai实战训练营第七期 今天 10:00 广东深圳 三哥前海AI企业家生态圈 粉丝  39 三哥前海AI企业家生态圈 活动 11 粉丝 39 +关注 具身智能产品的电网应用之路：从技术到产品的思维重构 | AIRS in the AIR 今天 10:00 广东深圳 AIRS 研究院 粉丝  21991 AIRS 研究院 活动 95 粉丝 21991 +关注 第四届大湾区医药工业制造4.0会议，聚焦AI赋能制药智造升级 今天 10:00 广东深圳 CPHI世界制药原料中国展 粉丝  3965 CPHI世界制药原料中国展 活动 96 粉丝 3965 +关注 2026再生材料与功效护肤分论坛-CPHI深圳制药工业展医美论坛 今天 13:00 广东深圳 CPHI世界制药原料中国展 粉丝  3965 CPHI世界制药原料中国展 活动 96 粉丝 3965 +关注 亚马逊×独立站流量增长——TikTok开环飞轮引领增长闭门会 今天 13:30 广东深圳 深圳店匠科技有限公司 粉丝  2084 深圳店匠科技有限公司 活动 17 粉丝 2084 +关注 AI制药智造合规与智能运维沙龙 今天 13:30 广东深圳 CPHI世界制药原料中国展 粉丝  3965 CPHI世界制药原料中国展 活动 96 粉丝 3965 +关注 【邀请函】首届大湾区机器人产业高端资源对接会 今天 14:00 广东深圳 深圳市智能终端产业协会 粉丝  9844 深圳市智能终端产业协会 活动 78 粉丝 9844 +关注 周三局🔥财富流沙盘桌游开局啦～沉浸式体验人生彩排👐 今天 14:00 广东深圳 杨珍妮 粉丝  336 杨珍妮 活动 63 粉丝 336 +关注 逐浪韩国·酷澎领潮 - 2026韩国Coupang卖家私享会 今天 14:00 广东深圳 跨境雅舍 粉丝  8425 跨境雅舍 活动 52 粉丝 8425 +关注 东欧eMAG平台新卖家招商会-深圳站 今天 14:00 广东深圳 雨果跨境 粉丝  72881 雨果跨境 活动 1415 粉丝 72881 +关注 潮领全球 智胜未来 —— TikTok Shop 时尚服饰品类私享会 今天 14:00 广东深圳 Nativex 粉丝  1013 Nativex 活动 7 粉丝 1013 +关注 俄见新局，共赢增长——第三届Yandex营销创新峰会 今天 14:00 广东深圳 易海创腾 粉丝  8457 易海创腾 活动 214 粉丝 8457 +关注 OPC落地全流程+项目分包 今天 14:00 广东深圳 高汤养人 粉丝  94 高汤养人 活动 12 粉丝 94 +关注 打通声量与销量：AI 时代品牌增长新范式 今天 14:00 广东深圳 赛文思数字营销 粉丝  2009 赛文思数字营销 活动 67 粉丝 2009 +关注 首届大湾区机器人产业高端资源对接会 今天 14:00 广东深圳 瑑元智能科技 粉丝  127 瑑元智能科技 活动 8 粉丝 127 +关注 华商数字具身智能机器人全场景应用交流会 今天 14:00 广东深圳 华商数字（具身机器人） 粉丝  49 华商数字（具身机器人） 活动 1 粉丝 49 +关注 澎湃出海，掘金韩国Coupang酷澎跨境交流会-深圳站 今天 14:00 广东深圳 Coupang x 意胜跨境 粉丝  103 Coupang x 意胜跨境 活动 3 粉丝 103 +关注 星际珩-全球首款智慧康养机器人项目说明会 今天 14:30 广东深圳 2026WAIAC世界人工智能应用大会组委会 粉丝  5 2026WAIAC世界人工智能应用大会组委会 活动 3 粉丝 5 +关注 泰贸互通，聚力出海一前海跨境电商泰国优品交流会 今天 14:30 广东深圳 创界通 粉丝  422 创界通 活动 30 粉丝 422 +关注,,,,https://www.huodongxing.com/event/9878583782600,,免费,活动行,广东省,深圳,活动行平台支付/报名
打通声量与销量：AI 时代品牌增长新范式,,网站导航 热门站点 全国站 北京站 上海站 广州站 深圳站 杭州站 武汉站 成都站 长沙站 精选推荐 首页 行业 生活 学习 找活动 找主办方 专题精选 人气榜 下载App 更多服务 找场地 活动百宝箱 主办方管理中心 主办方vip 活动行管家 大会解决方案 关注活动行 | 小程序 | 帮助中心 深圳 当前定位城市: 热门城市: 全国 北京 上海 广州 深圳 杭州 武汉 成都 长沙 南京 重庆 苏州 其它城市: 西安 郑州 厦门 天津 宁波 青岛 东莞 佛山 济南 珠海 合肥 福州 石家庄 昆明 查找更多城市 > 首页 分类 解决方案 场景方案 线上峰会/研讨会 从宣传推广、名单收集、直播互动、线下拍摄/导播、数据分析等一站式直播解决方案 活动行企业版 专为对品牌、数据安全要求较高的企业/商会协会/会展公司等打造的活动管理系统 数字云展厅 定制图文音视频展厅/元宇宙展厅，独立的展商详情页、商机收集等 私有化部署 快速私有化部署企业私有活动管理解决方案，支持阿里云、腾讯云、AWS等 免费创建 下载APP 业务合作 主办方中心 注册 / 登录 推荐 发现活动 人气榜 主办方 精选专题 意见反馈 回到顶部 城市: 全国 北京 上海 深圳 广州 杭州 成都 武汉 重庆 南京 苏州 长沙 西安 厦门 郑州 东莞 青岛 天津 宁波 昆明 香港 澳门 更多城市 分类: 时间: 全部 本周 本周末 1个月内 形式： 线下活动 线上活动 综合排序 最新发布 热门点击 最多参与 8.28日深圳跨境电商沙龙茶话会 | TikTok和独立站及亚马逊及短剧出海 | 每周三晚上限人数 08/19 周三 ~ 09/16 周三 广东深圳 深圳跨境电商老板私董会-小乖总 粉丝  920 深圳跨境电商老板私董会-小乖总 活动 151 粉丝 920 +关注 Thingo-Ai实战训练营第七期 今天 10:00 广东深圳 三哥前海AI企业家生态圈 粉丝  39 三哥前海AI企业家生态圈 活动 11 粉丝 39 +关注 具身智能产品的电网应用之路：从技术到产品的思维重构 | AIRS in the AIR 今天 10:00 广东深圳 AIRS 研究院 粉丝  21991 AIRS 研究院 活动 95 粉丝 21991 +关注 第四届大湾区医药工业制造4.0会议，聚焦AI赋能制药智造升级 今天 10:00 广东深圳 CPHI世界制药原料中国展 粉丝  3965 CPHI世界制药原料中国展 活动 96 粉丝 3965 +关注 2026再生材料与功效护肤分论坛-CPHI深圳制药工业展医美论坛 今天 13:00 广东深圳 CPHI世界制药原料中国展 粉丝  3965 CPHI世界制药原料中国展 活动 96 粉丝 3965 +关注 亚马逊×独立站流量增长——TikTok开环飞轮引领增长闭门会 今天 13:30 广东深圳 深圳店匠科技有限公司 粉丝  2084 深圳店匠科技有限公司 活动 17 粉丝 2084 +关注 AI制药智造合规与智能运维沙龙 今天 13:30 广东深圳 CPHI世界制药原料中国展 粉丝  3965 CPHI世界制药原料中国展 活动 96 粉丝 3965 +关注 【邀请函】首届大湾区机器人产业高端资源对接会 今天 14:00 广东深圳 深圳市智能终端产业协会 粉丝  9844 深圳市智能终端产业协会 活动 78 粉丝 9844 +关注 周三局🔥财富流沙盘桌游开局啦～沉浸式体验人生彩排👐 今天 14:00 广东深圳 杨珍妮 粉丝  336 杨珍妮 活动 63 粉丝 336 +关注 逐浪韩国·酷澎领潮 - 2026韩国Coupang卖家私享会 今天 14:00 广东深圳 跨境雅舍 粉丝  8425 跨境雅舍 活动 52 粉丝 8425 +关注 东欧eMAG平台新卖家招商会-深圳站 今天 14:00 广东深圳 雨果跨境 粉丝  72881 雨果跨境 活动 1415 粉丝 72881 +关注 潮领全球 智胜未来 —— TikTok Shop 时尚服饰品类私享会 今天 14:00 广东深圳 Nativex 粉丝  1013 Nativex 活动 7 粉丝 1013 +关注 俄见新局，共赢增长——第三届Yandex营销创新峰会 今天 14:00 广东深圳 易海创腾 粉丝  8457 易海创腾 活动 214 粉丝 8457 +关注 OPC落地全流程+项目分包 今天 14:00 广东深圳 高汤养人 粉丝  94 高汤养人 活动 12 粉丝 94 +关注 打通声量与销量：AI 时代品牌增长新范式 今天 14:00 广东深圳 赛文思数字营销 粉丝  2009 赛文思数字营销 活动 67 粉丝 2009 +关注 首届大湾区机器人产业高端资源对接会 今天 14:00 广东深圳 瑑元智能科技 粉丝  127 瑑元智能科技 活动 8 粉丝 127 +关注 华商数字具身智能机器人全场景应用交流会 今天 14:00 广东深圳 华商数字（具身机器人） 粉丝  49 华商数字（具身机器人） 活动 1 粉丝 49 +关注 澎湃出海，掘金韩国Coupang酷澎跨境交流会-深圳站 今天 14:00 广东深圳 Coupang x 意胜跨境 粉丝  103 Coupang x 意胜跨境 活动 3 粉丝 103 +关注 星际珩-全球首款智慧康养机器人项目说明会 今天 14:30 广东深圳 2026WAIAC世界人工智能应用大会组委会 粉丝  5 2026WAIAC世界人工智能应用大会组委会 活动 3 粉丝 5 +关注 泰贸互通，聚力出海一前海跨境电商泰国优品交流会 今天 14:30 广东深圳 创界通 粉丝  422 创界通 活动 30 粉丝 422 +关注,,,,https://www.huodongxing.com/event/1876637115600,,免费,活动行,广东省,深圳,活动行平台支付/报名
首届大湾区机器人产业高端资源对接会,,网站导航 热门站点 全国站 北京站 上海站 广州站 深圳站 杭州站 武汉站 成都站 长沙站 精选推荐 首页 行业 生活 学习 找活动 找主办方 专题精选 人气榜 下载App 更多服务 找场地 活动百宝箱 主办方管理中心 主办方vip 活动行管家 大会解决方案 关注活动行 | 小程序 | 帮助中心 深圳 当前定位城市: 热门城市: 全国 北京 上海 广州 深圳 杭州 武汉 成都 长沙 南京 重庆 苏州 其它城市: 西安 郑州 厦门 天津 宁波 青岛 东莞 佛山 济南 珠海 合肥 福州 石家庄 昆明 查找更多城市 > 首页 分类 解决方案 场景方案 线上峰会/研讨会 从宣传推广、名单收集、直播互动、线下拍摄/导播、数据分析等一站式直播解决方案 活动行企业版 专为对品牌、数据安全要求较高的企业/商会协会/会展公司等打造的活动管理系统 数字云展厅 定制图文音视频展厅/元宇宙展厅，独立的展商详情页、商机收集等 私有化部署 快速私有化部署企业私有活动管理解决方案，支持阿里云、腾讯云、AWS等 免费创建 下载APP 业务合作 主办方中心 注册 / 登录 推荐 发现活动 人气榜 主办方 精选专题 意见反馈 回到顶部 城市: 全国 北京 上海 深圳 广州 杭州 成都 武汉 重庆 南京 苏州 长沙 西安 厦门 郑州 东莞 青岛 天津 宁波 昆明 香港 澳门 更多城市 分类: 时间: 全部 本周 本周末 1个月内 形式： 线下活动 线上活动 综合排序 最新发布 热门点击 最多参与 8.28日深圳跨境电商沙龙茶话会 | TikTok和独立站及亚马逊及短剧出海 | 每周三晚上限人数 08/19 周三 ~ 09/16 周三 广东深圳 深圳跨境电商老板私董会-小乖总 粉丝  920 深圳跨境电商老板私董会-小乖总 活动 151 粉丝 920 +关注 Thingo-Ai实战训练营第七期 今天 10:00 广东深圳 三哥前海AI企业家生态圈 粉丝  39 三哥前海AI企业家生态圈 活动 11 粉丝 39 +关注 具身智能产品的电网应用之路：从技术到产品的思维重构 | AIRS in the AIR 今天 10:00 广东深圳 AIRS 研究院 粉丝  21991 AIRS 研究院 活动 95 粉丝 21991 +关注 第四届大湾区医药工业制造4.0会议，聚焦AI赋能制药智造升级 今天 10:00 广东深圳 CPHI世界制药原料中国展 粉丝  3965 CPHI世界制药原料中国展 活动 96 粉丝 3965 +关注 2026再生材料与功效护肤分论坛-CPHI深圳制药工业展医美论坛 今天 13:00 广东深圳 CPHI世界制药原料中国展 粉丝  3965 CPHI世界制药原料中国展 活动 96 粉丝 3965 +关注 亚马逊×独立站流量增长——TikTok开环飞轮引领增长闭门会 今天 13:30 广东深圳 深圳店匠科技有限公司 粉丝  2084 深圳店匠科技有限公司 活动 17 粉丝 2084 +关注 AI制药智造合规与智能运维沙龙 今天 13:30 广东深圳 CPHI世界制药原料中国展 粉丝  3965 CPHI世界制药原料中国展 活动 96 粉丝 3965 +关注 【邀请函】首届大湾区机器人产业高端资源对接会 今天 14:00 广东深圳 深圳市智能终端产业协会 粉丝  9844 深圳市智能终端产业协会 活动 78 粉丝 9844 +关注 周三局🔥财富流沙盘桌游开局啦～沉浸式体验人生彩排👐 今天 14:00 广东深圳 杨珍妮 粉丝  336 杨珍妮 活动 63 粉丝 336 +关注 逐浪韩国·酷澎领潮 - 2026韩国Coupang卖家私享会 今天 14:00 广东深圳 跨境雅舍 粉丝  8425 跨境雅舍 活动 52 粉丝 8425 +关注 东欧eMAG平台新卖家招商会-深圳站 今天 14:00 广东深圳 雨果跨境 粉丝  72881 雨果跨境 活动 1415 粉丝 72881 +关注 潮领全球 智胜未来 —— TikTok Shop 时尚服饰品类私享会 今天 14:00 广东深圳 Nativex 粉丝  1013 Nativex 活动 7 粉丝 1013 +关注 俄见新局，共赢增长——第三届Yandex营销创新峰会 今天 14:00 广东深圳 易海创腾 粉丝  8457 易海创腾 活动 214 粉丝 8457 +关注 OPC落地全流程+项目分包 今天 14:00 广东深圳 高汤养人 粉丝  94 高汤养人 活动 12 粉丝 94 +关注 打通声量与销量：AI 时代品牌增长新范式 今天 14:00 广东深圳 赛文思数字营销 粉丝  2009 赛文思数字营销 活动 67 粉丝 2009 +关注 首届大湾区机器人产业高端资源对接会 今天 14:00 广东深圳 瑑元智能科技 粉丝  127 瑑元智能科技 活动 8 粉丝 127 +关注 华商数字具身智能机器人全场景应用交流会 今天 14:00 广东深圳 华商数字（具身机器人） 粉丝  49 华商数字（具身机器人） 活动 1 粉丝 49 +关注 澎湃出海，掘金韩国Coupang酷澎跨境交流会-深圳站 今天 14:00 广东深圳 Coupang x 意胜跨境 粉丝  103 Coupang x 意胜跨境 活动 3 粉丝 103 +关注 星际珩-全球首款智慧康养机器人项目说明会 今天 14:30 广东深圳 2026WAIAC世界人工智能应用大会组委会 粉丝  5 2026WAIAC世界人工智能应用大会组委会 活动 3 粉丝 5 +关注 泰贸互通，聚力出海一前海跨境电商泰国优品交流会 今天 14:30 广东深圳 创界通 粉丝  422 创界通 活动 30 粉丝 422 +关注,,,,https://www.huodongxing.com/event/4878346397400,,免费,活动行,广东省,深圳,活动行平台支付/报名
华商数字具身智能机器人全场景应用交流会,,网站导航 热门站点 全国站 北京站 上海站 广州站 深圳站 杭州站 武汉站 成都站 长沙站 精选推荐 首页 行业 生活 学习 找活动 找主办方 专题精选 人气榜 下载App 更多服务 找场地 活动百宝箱 主办方管理中心 主办方vip 活动行管家 大会解决方案 关注活动行 | 小程序 | 帮助中心 深圳 当前定位城市: 热门城市: 全国 北京 上海 广州 深圳 杭州 武汉 成都 长沙 南京 重庆 苏州 其它城市: 西安 郑州 厦门 天津 宁波 青岛 东莞 佛山 济南 珠海 合肥 福州 石家庄 昆明 查找更多城市 > 首页 分类 解决方案 场景方案 线上峰会/研讨会 从宣传推广、名单收集、直播互动、线下拍摄/导播、数据分析等一站式直播解决方案 活动行企业版 专为对品牌、数据安全要求较高的企业/商会协会/会展公司等打造的活动管理系统 数字云展厅 定制图文音视频展厅/元宇宙展厅，独立的展商详情页、商机收集等 私有化部署 快速私有化部署企业私有活动管理解决方案，支持阿里云、腾讯云、AWS等 免费创建 下载APP 业务合作 主办方中心 注册 / 登录 推荐 发现活动 人气榜 主办方 精选专题 意见反馈 回到顶部 城市: 全国 北京 上海 深圳 广州 杭州 成都 武汉 重庆 南京 苏州 长沙 西安 厦门 郑州 东莞 青岛 天津 宁波 昆明 香港 澳门 更多城市 分类: 时间: 全部 本周 本周末 1个月内 形式： 线下活动 线上活动 综合排序 最新发布 热门点击 最多参与 8.28日深圳跨境电商沙龙茶话会 | TikTok和独立站及亚马逊及短剧出海 | 每周三晚上限人数 08/19 周三 ~ 09/16 周三 广东深圳 深圳跨境电商老板私董会-小乖总 粉丝  920 深圳跨境电商老板私董会-小乖总 活动 151 粉丝 920 +关注 Thingo-Ai实战训练营第七期 今天 10:00 广东深圳 三哥前海AI企业家生态圈 粉丝  39 三哥前海AI企业家生态圈 活动 11 粉丝 39 +关注 具身智能产品的电网应用之路：从技术到产品的思维重构 | AIRS in the AIR 今天 10:00 广东深圳 AIRS 研究院 粉丝  21991 AIRS 研究院 活动 95 粉丝 21991 +关注 第四届大湾区医药工业制造4.0会议，聚焦AI赋能制药智造升级 今天 10:00 广东深圳 CPHI世界制药原料中国展 粉丝  3965 CPHI世界制药原料中国展 活动 96 粉丝 3965 +关注 2026再生材料与功效护肤分论坛-CPHI深圳制药工业展医美论坛 今天 13:00 广东深圳 CPHI世界制药原料中国展 粉丝  3965 CPHI世界制药原料中国展 活动 96 粉丝 3965 +关注 亚马逊×独立站流量增长——TikTok开环飞轮引领增长闭门会 今天 13:30 广东深圳 深圳店匠科技有限公司 粉丝  2084 深圳店匠科技有限公司 活动 17 粉丝 2084 +关注 AI制药智造合规与智能运维沙龙 今天 13:30 广东深圳 CPHI世界制药原料中国展 粉丝  3965 CPHI世界制药原料中国展 活动 96 粉丝 3965 +关注 【邀请函】首届大湾区机器人产业高端资源对接会 今天 14:00 广东深圳 深圳市智能终端产业协会 粉丝  9844 深圳市智能终端产业协会 活动 78 粉丝 9844 +关注 周三局🔥财富流沙盘桌游开局啦～沉浸式体验人生彩排👐 今天 14:00 广东深圳 杨珍妮 粉丝  336 杨珍妮 活动 63 粉丝 336 +关注 逐浪韩国·酷澎领潮 - 2026韩国Coupang卖家私享会 今天 14:00 广东深圳 跨境雅舍 粉丝  8425 跨境雅舍 活动 52 粉丝 8425 +关注 东欧eMAG平台新卖家招商会-深圳站 今天 14:00 广东深圳 雨果跨境 粉丝  72881 雨果跨境 活动 1415 粉丝 72881 +关注 潮领全球 智胜未来 —— TikTok Shop 时尚服饰品类私享会 今天 14:00 广东深圳 Nativex 粉丝  1013 Nativex 活动 7 粉丝 1013 +关注 俄见新局，共赢增长——第三届Yandex营销创新峰会 今天 14:00 广东深圳 易海创腾 粉丝  8457 易海创腾 活动 214 粉丝 8457 +关注 OPC落地全流程+项目分包 今天 14:00 广东深圳 高汤养人 粉丝  94 高汤养人 活动 12 粉丝 94 +关注 打通声量与销量：AI 时代品牌增长新范式 今天 14:00 广东深圳 赛文思数字营销 粉丝  2009 赛文思数字营销 活动 67 粉丝 2009 +关注 首届大湾区机器人产业高端资源对接会 今天 14:00 广东深圳 瑑元智能科技 粉丝  127 瑑元智能科技 活动 8 粉丝 127 +关注 华商数字具身智能机器人全场景应用交流会 今天 14:00 广东深圳 华商数字（具身机器人） 粉丝  49 华商数字（具身机器人） 活动 1 粉丝 49 +关注 澎湃出海，掘金韩国Coupang酷澎跨境交流会-深圳站 今天 14:00 广东深圳 Coupang x 意胜跨境 粉丝  103 Coupang x 意胜跨境 活动 3 粉丝 103 +关注 星际珩-全球首款智慧康养机器人项目说明会 今天 14:30 广东深圳 2026WAIAC世界人工智能应用大会组委会 粉丝  5 2026WAIAC世界人工智能应用大会组委会 活动 3 粉丝 5 +关注 泰贸互通，聚力出海一前海跨境电商泰国优品交流会 今天 14:30 广东深圳 创界通 粉丝  422 创界通 活动 30 粉丝 422 +关注,,,,https://www.huodongxing.com/event/5878033456100,,免费,活动行,广东省,深圳,活动行平台支付/报名
澎湃出海，掘金韩国Coupang酷澎跨境交流会-深圳站,,网站导航 热门站点 全国站 北京站 上海站 广州站 深圳站 杭州站 武汉站 成都站 长沙站 精选推荐 首页 行业 生活 学习 找活动 找主办方 专题精选 人气榜 下载App 更多服务 找场地 活动百宝箱 主办方管理中心 主办方vip 活动行管家 大会解决方案 关注活动行 | 小程序 | 帮助中心 深圳 当前定位城市: 热门城市: 全国 北京 上海 广州 深圳 杭州 武汉 成都 长沙 南京 重庆 苏州 其它城市: 西安 郑州 厦门 天津 宁波 青岛 东莞 佛山 济南 珠海 合肥 福州 石家庄 昆明 查找更多城市 > 首页 分类 解决方案 场景方案 线上峰会/研讨会 从宣传推广、名单收集、直播互动、线下拍摄/导播、数据分析等一站式直播解决方案 活动行企业版 专为对品牌、数据安全要求较高的企业/商会协会/会展公司等打造的活动管理系统 数字云展厅 定制图文音视频展厅/元宇宙展厅，独立的展商详情页、商机收集等 私有化部署 快速私有化部署企业私有活动管理解决方案，支持阿里云、腾讯云、AWS等 免费创建 下载APP 业务合作 主办方中心 注册 / 登录 推荐 发现活动 人气榜 主办方 精选专题 意见反馈 回到顶部 城市: 全国 北京 上海 深圳 广州 杭州 成都 武汉 重庆 南京 苏州 长沙 西安 厦门 郑州 东莞 青岛 天津 宁波 昆明 香港 澳门 更多城市 分类: 时间: 全部 本周 本周末 1个月内 形式： 线下活动 线上活动 综合排序 最新发布 热门点击 最多参与 8.28日深圳跨境电商沙龙茶话会 | TikTok和独立站及亚马逊及短剧出海 | 每周三晚上限人数 08/19 周三 ~ 09/16 周三 广东深圳 深圳跨境电商老板私董会-小乖总 粉丝  920 深圳跨境电商老板私董会-小乖总 活动 151 粉丝 920 +关注 Thingo-Ai实战训练营第七期 今天 10:00 广东深圳 三哥前海AI企业家生态圈 粉丝  39 三哥前海AI企业家生态圈 活动 11 粉丝 39 +关注 具身智能产品的电网应用之路：从技术到产品的思维重构 | AIRS in the AIR 今天 10:00 广东深圳 AIRS 研究院 粉丝  21991 AIRS 研究院 活动 95 粉丝 21991 +关注 第四届大湾区医药工业制造4.0会议，聚焦AI赋能制药智造升级 今天 10:00 广东深圳 CPHI世界制药原料中国展 粉丝  3965 CPHI世界制药原料中国展 活动 96 粉丝 3965 +关注 2026再生材料与功效护肤分论坛-CPHI深圳制药工业展医美论坛 今天 13:00 广东深圳 CPHI世界制药原料中国展 粉丝  3965 CPHI世界制药原料中国展 活动 96 粉丝 3965 +关注 亚马逊×独立站流量增长——TikTok开环飞轮引领增长闭门会 今天 13:30 广东深圳 深圳店匠科技有限公司 粉丝  2084 深圳店匠科技有限公司 活动 17 粉丝 2084 +关注 AI制药智造合规与智能运维沙龙 今天 13:30 广东深圳 CPHI世界制药原料中国展 粉丝  3965 CPHI世界制药原料中国展 活动 96 粉丝 3965 +关注 【邀请函】首届大湾区机器人产业高端资源对接会 今天 14:00 广东深圳 深圳市智能终端产业协会 粉丝  9844 深圳市智能终端产业协会 活动 78 粉丝 9844 +关注 周三局🔥财富流沙盘桌游开局啦～沉浸式体验人生彩排👐 今天 14:00 广东深圳 杨珍妮 粉丝  336 杨珍妮 活动 63 粉丝 336 +关注 逐浪韩国·酷澎领潮 - 2026韩国Coupang卖家私享会 今天 14:00 广东深圳 跨境雅舍 粉丝  8425 跨境雅舍 活动 52 粉丝 8425 +关注 东欧eMAG平台新卖家招商会-深圳站 今天 14:00 广东深圳 雨果跨境 粉丝  72881 雨果跨境 活动 1415 粉丝 72881 +关注 潮领全球 智胜未来 —— TikTok Shop 时尚服饰品类私享会 今天 14:00 广东深圳 Nativex 粉丝  1013 Nativex 活动 7 粉丝 1013 +关注 俄见新局，共赢增长——第三届Yandex营销创新峰会 今天 14:00 广东深圳 易海创腾 粉丝  8457 易海创腾 活动 214 粉丝 8457 +关注 OPC落地全流程+项目分包 今天 14:00 广东深圳 高汤养人 粉丝  94 高汤养人 活动 12 粉丝 94 +关注 打通声量与销量：AI 时代品牌增长新范式 今天 14:00 广东深圳 赛文思数字营销 粉丝  2009 赛文思数字营销 活动 67 粉丝 2009 +关注 首届大湾区机器人产业高端资源对接会 今天 14:00 广东深圳 瑑元智能科技 粉丝  127 瑑元智能科技 活动 8 粉丝 127 +关注 华商数字具身智能机器人全场景应用交流会 今天 14:00 广东深圳 华商数字（具身机器人） 粉丝  49 华商数字（具身机器人） 活动 1 粉丝 49 +关注 澎湃出海，掘金韩国Coupang酷澎跨境交流会-深圳站 今天 14:00 广东深圳 Coupang x 意胜跨境 粉丝  103 Coupang x 意胜跨境 活动 3 粉丝 103 +关注 星际珩-全球首款智慧康养机器人项目说明会 今天 14:30 广东深圳 2026WAIAC世界人工智能应用大会组委会 粉丝  5 2026WAIAC世界人工智能应用大会组委会 活动 3 粉丝 5 +关注 泰贸互通，聚力出海一前海跨境电商泰国优品交流会 今天 14:30 广东深圳 创界通 粉丝  422 创界通 活动 30 粉丝 422 +关注,,,,https://www.huodongxing.com/event/6877591541500,,免费,活动行,广东省,深圳,活动行平台支付/报名
星际珩-全球首款智慧康养机器人项目说明会,,网站导航 热门站点 全国站 北京站 上海站 广州站 深圳站 杭州站 武汉站 成都站 长沙站 精选推荐 首页 行业 生活 学习 找活动 找主办方 专题精选 人气榜 下载App 更多服务 找场地 活动百宝箱 主办方管理中心 主办方vip 活动行管家 大会解决方案 关注活动行 | 小程序 | 帮助中心 深圳 当前定位城市: 热门城市: 全国 北京 上海 广州 深圳 杭州 武汉 成都 长沙 南京 重庆 苏州 其它城市: 西安 郑州 厦门 天津 宁波 青岛 东莞 佛山 济南 珠海 合肥 福州 石家庄 昆明 查找更多城市 > 首页 分类 解决方案 场景方案 线上峰会/研讨会 从宣传推广、名单收集、直播互动、线下拍摄/导播、数据分析等一站式直播解决方案 活动行企业版 专为对品牌、数据安全要求较高的企业/商会协会/会展公司等打造的活动管理系统 数字云展厅 定制图文音视频展厅/元宇宙展厅，独立的展商详情页、商机收集等 私有化部署 快速私有化部署企业私有活动管理解决方案，支持阿里云、腾讯云、AWS等 免费创建 下载APP 业务合作 主办方中心 注册 / 登录 推荐 发现活动 人气榜 主办方 精选专题 意见反馈 回到顶部 城市: 全国 北京 上海 深圳 广州 杭州 成都 武汉 重庆 南京 苏州 长沙 西安 厦门 郑州 东莞 青岛 天津 宁波 昆明 香港 澳门 更多城市 分类: 时间: 全部 本周 本周末 1个月内 形式： 线下活动 线上活动 综合排序 最新发布 热门点击 最多参与 8.28日深圳跨境电商沙龙茶话会 | TikTok和独立站及亚马逊及短剧出海 | 每周三晚上限人数 08/19 周三 ~ 09/16 周三 广东深圳 深圳跨境电商老板私董会-小乖总 粉丝  920 深圳跨境电商老板私董会-小乖总 活动 151 粉丝 920 +关注 Thingo-Ai实战训练营第七期 今天 10:00 广东深圳 三哥前海AI企业家生态圈 粉丝  39 三哥前海AI企业家生态圈 活动 11 粉丝 39 +关注 具身智能产品的电网应用之路：从技术到产品的思维重构 | AIRS in the AIR 今天 10:00 广东深圳 AIRS 研究院 粉丝  21991 AIRS 研究院 活动 95 粉丝 21991 +关注 第四届大湾区医药工业制造4.0会议，聚焦AI赋能制药智造升级 今天 10:00 广东深圳 CPHI世界制药原料中国展 粉丝  3965 CPHI世界制药原料中国展 活动 96 粉丝 3965 +关注 2026再生材料与功效护肤分论坛-CPHI深圳制药工业展医美论坛 今天 13:00 广东深圳 CPHI世界制药原料中国展 粉丝  3965 CPHI世界制药原料中国展 活动 96 粉丝 3965 +关注 亚马逊×独立站流量增长——TikTok开环飞轮引领增长闭门会 今天 13:30 广东深圳 深圳店匠科技有限公司 粉丝  2084 深圳店匠科技有限公司 活动 17 粉丝 2084 +关注 AI制药智造合规与智能运维沙龙 今天 13:30 广东深圳 CPHI世界制药原料中国展 粉丝  3965 CPHI世界制药原料中国展 活动 96 粉丝 3965 +关注 【邀请函】首届大湾区机器人产业高端资源对接会 今天 14:00 广东深圳 深圳市智能终端产业协会 粉丝  9844 深圳市智能终端产业协会 活动 78 粉丝 9844 +关注 周三局🔥财富流沙盘桌游开局啦～沉浸式体验人生彩排👐 今天 14:00 广东深圳 杨珍妮 粉丝  336 杨珍妮 活动 63 粉丝 336 +关注 逐浪韩国·酷澎领潮 - 2026韩国Coupang卖家私享会 今天 14:00 广东深圳 跨境雅舍 粉丝  8425 跨境雅舍 活动 52 粉丝 8425 +关注 东欧eMAG平台新卖家招商会-深圳站 今天 14:00 广东深圳 雨果跨境 粉丝  72881 雨果跨境 活动 1415 粉丝 72881 +关注 潮领全球 智胜未来 —— TikTok Shop 时尚服饰品类私享会 今天 14:00 广东深圳 Nativex 粉丝  1013 Nativex 活动 7 粉丝 1013 +关注 俄见新局，共赢增长——第三届Yandex营销创新峰会 今天 14:00 广东深圳 易海创腾 粉丝  8457 易海创腾 活动 214 粉丝 8457 +关注 OPC落地全流程+项目分包 今天 14:00 广东深圳 高汤养人 粉丝  94 高汤养人 活动 12 粉丝 94 +关注 打通声量与销量：AI 时代品牌增长新范式 今天 14:00 广东深圳 赛文思数字营销 粉丝  2009 赛文思数字营销 活动 67 粉丝 2009 +关注 首届大湾区机器人产业高端资源对接会 今天 14:00 广东深圳 瑑元智能科技 粉丝  127 瑑元智能科技 活动 8 粉丝 127 +关注 华商数字具身智能机器人全场景应用交流会 今天 14:00 广东深圳 华商数字（具身机器人） 粉丝  49 华商数字（具身机器人） 活动 1 粉丝 49 +关注 澎湃出海，掘金韩国Coupang酷澎跨境交流会-深圳站 今天 14:00 广东深圳 Coupang x 意胜跨境 粉丝  103 Coupang x 意胜跨境 活动 3 粉丝 103 +关注 星际珩-全球首款智慧康养机器人项目说明会 今天 14:30 广东深圳 2026WAIAC世界人工智能应用大会组委会 粉丝  5 2026WAIAC世界人工智能应用大会组委会 活动 3 粉丝 5 +关注 泰贸互通，聚力出海一前海跨境电商泰国优品交流会 今天 14:30 广东深圳 创界通 粉丝  422 创界通 活动 30 粉丝 422 +关注,,,,https://www.huodongxing.com/event/6878635894300,,免费,活动行,广东省,深圳,活动行平台支付/报名
泰贸互通，聚力出海一前海跨境电商泰国优品交流会,,网站导航 热门站点 全国站 北京站 上海站 广州站 深圳站 杭州站 武汉站 成都站 长沙站 精选推荐 首页 行业 生活 学习 找活动 找主办方 专题精选 人气榜 下载App 更多服务 找场地 活动百宝箱 主办方管理中心 主办方vip 活动行管家 大会解决方案 关注活动行 | 小程序 | 帮助中心 深圳 当前定位城市: 热门城市: 全国 北京 上海 广州 深圳 杭州 武汉 成都 长沙 南京 重庆 苏州 其它城市: 西安 郑州 厦门 天津 宁波 青岛 东莞 佛山 济南 珠海 合肥 福州 石家庄 昆明 查找更多城市 > 首页 分类 解决方案 场景方案 线上峰会/研讨会 从宣传推广、名单收集、直播互动、线下拍摄/导播、数据分析等一站式直播解决方案 活动行企业版 专为对品牌、数据安全要求较高的企业/商会协会/会展公司等打造的活动管理系统 数字云展厅 定制图文音视频展厅/元宇宙展厅，独立的展商详情页、商机收集等 私有化部署 快速私有化部署企业私有活动管理解决方案，支持阿里云、腾讯云、AWS等 免费创建 下载APP 业务合作 主办方中心 注册 / 登录 推荐 发现活动 人气榜 主办方 精选专题 意见反馈 回到顶部 城市: 全国 北京 上海 深圳 广州 杭州 成都 武汉 重庆 南京 苏州 长沙 西安 厦门 郑州 东莞 青岛 天津 宁波 昆明 香港 澳门 更多城市 分类: 时间: 全部 本周 本周末 1个月内 形式： 线下活动 线上活动 综合排序 最新发布 热门点击 最多参与 8.28日深圳跨境电商沙龙茶话会 | TikTok和独立站及亚马逊及短剧出海 | 每周三晚上限人数 08/19 周三 ~ 09/16 周三 广东深圳 深圳跨境电商老板私董会-小乖总 粉丝  920 深圳跨境电商老板私董会-小乖总 活动 151 粉丝 920 +关注 Thingo-Ai实战训练营第七期 今天 10:00 广东深圳 三哥前海AI企业家生态圈 粉丝  39 三哥前海AI企业家生态圈 活动 11 粉丝 39 +关注 具身智能产品的电网应用之路：从技术到产品的思维重构 | AIRS in the AIR 今天 10:00 广东深圳 AIRS 研究院 粉丝  21991 AIRS 研究院 活动 95 粉丝 21991 +关注 第四届大湾区医药工业制造4.0会议，聚焦AI赋能制药智造升级 今天 10:00 广东深圳 CPHI世界制药原料中国展 粉丝  3965 CPHI世界制药原料中国展 活动 96 粉丝 3965 +关注 2026再生材料与功效护肤分论坛-CPHI深圳制药工业展医美论坛 今天 13:00 广东深圳 CPHI世界制药原料中国展 粉丝  3965 CPHI世界制药原料中国展 活动 96 粉丝 3965 +关注 亚马逊×独立站流量增长——TikTok开环飞轮引领增长闭门会 今天 13:30 广东深圳 深圳店匠科技有限公司 粉丝  2084 深圳店匠科技有限公司 活动 17 粉丝 2084 +关注 AI制药智造合规与智能运维沙龙 今天 13:30 广东深圳 CPHI世界制药原料中国展 粉丝  3965 CPHI世界制药原料中国展 活动 96 粉丝 3965 +关注 【邀请函】首届大湾区机器人产业高端资源对接会 今天 14:00 广东深圳 深圳市智能终端产业协会 粉丝  9844 深圳市智能终端产业协会 活动 78 粉丝 9844 +关注 周三局🔥财富流沙盘桌游开局啦～沉浸式体验人生彩排👐 今天 14:00 广东深圳 杨珍妮 粉丝  336 杨珍妮 活动 63 粉丝 336 +关注 逐浪韩国·酷澎领潮 - 2026韩国Coupang卖家私享会 今天 14:00 广东深圳 跨境雅舍 粉丝  8425 跨境雅舍 活动 52 粉丝 8425 +关注 东欧eMAG平台新卖家招商会-深圳站 今天 14:00 广东深圳 雨果跨境 粉丝  72881 雨果跨境 活动 1415 粉丝 72881 +关注 潮领全球 智胜未来 —— TikTok Shop 时尚服饰品类私享会 今天 14:00 广东深圳 Nativex 粉丝  1013 Nativex 活动 7 粉丝 1013 +关注 俄见新局，共赢增长——第三届Yandex营销创新峰会 今天 14:00 广东深圳 易海创腾 粉丝  8457 易海创腾 活动 214 粉丝 8457 +关注 OPC落地全流程+项目分包 今天 14:00 广东深圳 高汤养人 粉丝  94 高汤养人 活动 12 粉丝 94 +关注 打通声量与销量：AI 时代品牌增长新范式 今天 14:00 广东深圳 赛文思数字营销 粉丝  2009 赛文思数字营销 活动 67 粉丝 2009 +关注 首届大湾区机器人产业高端资源对接会 今天 14:00 广东深圳 瑑元智能科技 粉丝  127 瑑元智能科技 活动 8 粉丝 127 +关注 华商数字具身智能机器人全场景应用交流会 今天 14:00 广东深圳 华商数字（具身机器人） 粉丝  49 华商数字（具身机器人） 活动 1 粉丝 49 +关注 澎湃出海，掘金韩国Coupang酷澎跨境交流会-深圳站 今天 14:00 广东深圳 Coupang x 意胜跨境 粉丝  103 Coupang x 意胜跨境 活动 3 粉丝 103 +关注 星际珩-全球首款智慧康养机器人项目说明会 今天 14:30 广东深圳 2026WAIAC世界人工智能应用大会组委会 粉丝  5 2026WAIAC世界人工智能应用大会组委会 活动 3 粉丝 5 +关注 泰贸互通，聚力出海一前海跨境电商泰国优品交流会 今天 14:30 广东深圳 创界通 粉丝  422 创界通 活动 30 粉丝 422 +关注,,,,https://www.huodongxing.com/event/2878462685000,,免费,活动行,广东省,深圳,活动行平台支付/报名
星际启元2026 WAIAC世界人工智能应用大会暨全球AI产业生态博览会,,网站导航 热门站点 全国站 北京站 上海站 广州站 深圳站 杭州站 武汉站 成都站 长沙站 精选推荐 首页 行业 生活 学习 找活动 找主办方 专题精选 人气榜 下载App 更多服务 找场地 活动百宝箱 主办方管理中心 主办方vip 活动行管家 大会解决方案 关注活动行 | 小程序 | 帮助中心 深圳 当前定位城市: 热门城市: 全国 北京 上海 广州 深圳 杭州 武汉 成都 长沙 南京 重庆 苏州 其它城市: 西安 郑州 厦门 天津 宁波 青岛 东莞 佛山 济南 珠海 合肥 福州 石家庄 昆明 查找更多城市 > 首页 分类 解决方案 场景方案 线上峰会/研讨会 从宣传推广、名单收集、直播互动、线下拍摄/导播、数据分析等一站式直播解决方案 活动行企业版 专为对品牌、数据安全要求较高的企业/商会协会/会展公司等打造的活动管理系统 数字云展厅 定制图文音视频展厅/元宇宙展厅，独立的展商详情页、商机收集等 私有化部署 快速私有化部署企业私有活动管理解决方案，支持阿里云、腾讯云、AWS等 免费创建 下载APP 业务合作 主办方中心 注册 / 登录 推荐 发现活动 人气榜 主办方 精选专题 意见反馈 回到顶部 城市: 全国 北京 上海 深圳 广州 杭州 成都 武汉 重庆 南京 苏州 长沙 西安 厦门 郑州 东莞 青岛 天津 宁波 昆明 香港 澳门 更多城市 分类: 时间: 全部 本周 本周末 1个月内 形式： 线下活动 线上活动 综合排序 最新发布 热门点击 最多参与 星际启元2026 WAIAC世界人工智能应用大会暨全球AI产业生态博览会 今天 14:30 广东深圳 2026WAIAC世界人工智能应用大会组委会 粉丝  5 2026WAIAC世界人工智能应用大会组委会 活动 3 粉丝 5 +关注 创业路演交流会（每人10-15分钟第5期（9月16周三下午） 今天 14:30 广东深圳 成婚教 /婚教盟/兴朋会 粉丝  539 成婚教 /婚教盟/兴朋会 活动 45 粉丝 539 +关注 AI AGENT PAYMENT 今天 18:30 广东深圳 Dogpay 粉丝  13 Dogpay 活动 1 粉丝 13 +关注 解锁你的内在世界 | 自我探索体验沙龙 今天 19:00 广东深圳 心鹏友 粉丝  80 心鹏友 活动 6 粉丝 80 +关注 亲密重建-如何谈不分手的恋爱 今天 19:00 广东深圳 启光幸福 粉丝  3 启光幸福 活动 5 粉丝 3 +关注 （已成深圳）AI时代OPC破局会｜如何在AI时代借助工具，轻资产入局完成商业闭环 今天 19:30 广东深圳 草莓小饼干 粉丝  658 草莓小饼干 活动 806 粉丝 658 +关注 AI全域内容矩阵营销获客和系统实操 今天 20:00 广东深圳 2026WAIAC世界人工智能应用大会组委会 粉丝  5 2026WAIAC世界人工智能应用大会组委会 活动 3 粉丝 5 +关注 破局腾飞——聚焦出海美洲市场研讨会 明天 08:30 广东深圳 深商会 粉丝  332 深商会 活动 10 粉丝 332 +关注 跨境生态加速大会 品牌无界 Brand Without Borders 明天 08:30 广东深圳 亿邦动力 粉丝  3 亿邦动力 活动 1 粉丝 3 +关注 Accelerate 跨境生态加速大会 明天 08:30 广东深圳 出海网跨境电商 粉丝  20613 出海网跨境电商 活动 206 粉丝 20613 +关注 硬科技相关投资实务解读及投资人能力提升 09/17 周四 ~ 09/18 周五 广东深圳 清科研究中心 粉丝  1302 清科研究中心 活动 175 粉丝 1302 +关注 数智化驱动下的制药新纪元论坛 明天 09:30 广东深圳 CPHI世界制药原料中国展 粉丝  3965 CPHI世界制药原料中国展 活动 96 粉丝 3965 +关注 2026医美工艺革新与质量升级分论坛-CPHI深圳制药工业展医美论坛 明天 09:30 广东深圳 CPHI世界制药原料中国展 粉丝  3965 CPHI世界制药原料中国展 活动 96 粉丝 3965 +关注 2026制药洁净合规及数字化升级研讨会 明天 10:00 广东深圳 CPHI世界制药原料中国展 粉丝  3965 CPHI世界制药原料中国展 活动 96 粉丝 3965 +关注 黑五爆单・Agent 引力 开启TikTok新达人经济时代 ——ScoreHub 2026 品牌大会 明天 13:00 广东深圳 品牌方舟BrandArk 粉丝  16229 品牌方舟BrandArk 活动 273 粉丝 16229 +关注 2026亚马逊新兴站点战略客户闭门会 明天 13:00 广东深圳 雨果跨境 粉丝  72881 雨果跨境 活动 1415 粉丝 72881 +关注 官方黑五诊室-1V1问诊 明天 13:00 广东深圳 品牌方舟BrandArk 粉丝  16229 品牌方舟BrandArk 活动 273 粉丝 16229 +关注 医美&功效护肤精准递送与剂型创新专题论坛 明天 13:00 广东深圳 CPHI世界制药原料中国展 粉丝  3965 CPHI世界制药原料中国展 活动 96 粉丝 3965 +关注 大湾区先进药物递送产业大会｜吸入、眼科、透皮、医美无创：四大赛道一次锁定 明天 13:00 广东深圳 CPHI世界制药原料中国展 粉丝  3965 CPHI世界制药原料中国展 活动 96 粉丝 3965 +关注 2026大湾区新药研发药效与安全性评价论坛 明天 13:30 广东深圳 CPHI世界制药原料中国展 粉丝  3965 CPHI世界制药原料中国展 活动 96 粉丝 3965 +关注,,,,https://www.huodongxing.com/event/6878517524400,,免费,活动行,广东省,深圳,活动行平台支付/报名
AI AGENT PAYMENT,,网站导航 热门站点 全国站 北京站 上海站 广州站 深圳站 杭州站 武汉站 成都站 长沙站 精选推荐 首页 行业 生活 学习 找活动 找主办方 专题精选 人气榜 下载App 更多服务 找场地 活动百宝箱 主办方管理中心 主办方vip 活动行管家 大会解决方案 关注活动行 | 小程序 | 帮助中心 深圳 当前定位城市: 热门城市: 全国 北京 上海 广州 深圳 杭州 武汉 成都 长沙 南京 重庆 苏州 其它城市: 西安 郑州 厦门 天津 宁波 青岛 东莞 佛山 济南 珠海 合肥 福州 石家庄 昆明 查找更多城市 > 首页 分类 解决方案 场景方案 线上峰会/研讨会 从宣传推广、名单收集、直播互动、线下拍摄/导播、数据分析等一站式直播解决方案 活动行企业版 专为对品牌、数据安全要求较高的企业/商会协会/会展公司等打造的活动管理系统 数字云展厅 定制图文音视频展厅/元宇宙展厅，独立的展商详情页、商机收集等 私有化部署 快速私有化部署企业私有活动管理解决方案，支持阿里云、腾讯云、AWS等 免费创建 下载APP 业务合作 主办方中心 注册 / 登录 推荐 发现活动 人气榜 主办方 精选专题 意见反馈 回到顶部 城市: 全国 北京 上海 深圳 广州 杭州 成都 武汉 重庆 南京 苏州 长沙 西安 厦门 郑州 东莞 青岛 天津 宁波 昆明 香港 澳门 更多城市 分类: 时间: 全部 本周 本周末 1个月内 形式： 线下活动 线上活动 综合排序 最新发布 热门点击 最多参与 星际启元2026 WAIAC世界人工智能应用大会暨全球AI产业生态博览会 今天 14:30 广东深圳 2026WAIAC世界人工智能应用大会组委会 粉丝  5 2026WAIAC世界人工智能应用大会组委会 活动 3 粉丝 5 +关注 创业路演交流会（每人10-15分钟第5期（9月16周三下午） 今天 14:30 广东深圳 成婚教 /婚教盟/兴朋会 粉丝  539 成婚教 /婚教盟/兴朋会 活动 45 粉丝 539 +关注 AI AGENT PAYMENT 今天 18:30 广东深圳 Dogpay 粉丝  13 Dogpay 活动 1 粉丝 13 +关注 解锁你的内在世界 | 自我探索体验沙龙 今天 19:00 广东深圳 心鹏友 粉丝  80 心鹏友 活动 6 粉丝 80 +关注 亲密重建-如何谈不分手的恋爱 今天 19:00 广东深圳 启光幸福 粉丝  3 启光幸福 活动 5 粉丝 3 +关注 （已成深圳）AI时代OPC破局会｜如何在AI时代借助工具，轻资产入局完成商业闭环 今天 19:30 广东深圳 草莓小饼干 粉丝  658 草莓小饼干 活动 806 粉丝 658 +关注 AI全域内容矩阵营销获客和系统实操 今天 20:00 广东深圳 2026WAIAC世界人工智能应用大会组委会 粉丝  5 2026WAIAC世界人工智能应用大会组委会 活动 3 粉丝 5 +关注 破局腾飞——聚焦出海美洲市场研讨会 明天 08:30 广东深圳 深商会 粉丝  332 深商会 活动 10 粉丝 332 +关注 跨境生态加速大会 品牌无界 Brand Without Borders 明天 08:30 广东深圳 亿邦动力 粉丝  3 亿邦动力 活动 1 粉丝 3 +关注 Accelerate 跨境生态加速大会 明天 08:30 广东深圳 出海网跨境电商 粉丝  20613 出海网跨境电商 活动 206 粉丝 20613 +关注 硬科技相关投资实务解读及投资人能力提升 09/17 周四 ~ 09/18 周五 广东深圳 清科研究中心 粉丝  1302 清科研究中心 活动 175 粉丝 1302 +关注 数智化驱动下的制药新纪元论坛 明天 09:30 广东深圳 CPHI世界制药原料中国展 粉丝  3965 CPHI世界制药原料中国展 活动 96 粉丝 3965 +关注 2026医美工艺革新与质量升级分论坛-CPHI深圳制药工业展医美论坛 明天 09:30 广东深圳 CPHI世界制药原料中国展 粉丝  3965 CPHI世界制药原料中国展 活动 96 粉丝 3965 +关注 2026制药洁净合规及数字化升级研讨会 明天 10:00 广东深圳 CPHI世界制药原料中国展 粉丝  3965 CPHI世界制药原料中国展 活动 96 粉丝 3965 +关注 黑五爆单・Agent 引力 开启TikTok新达人经济时代 ——ScoreHub 2026 品牌大会 明天 13:00 广东深圳 品牌方舟BrandArk 粉丝  16229 品牌方舟BrandArk 活动 273 粉丝 16229 +关注 2026亚马逊新兴站点战略客户闭门会 明天 13:00 广东深圳 雨果跨境 粉丝  72881 雨果跨境 活动 1415 粉丝 72881 +关注 官方黑五诊室-1V1问诊 明天 13:00 广东深圳 品牌方舟BrandArk 粉丝  16229 品牌方舟BrandArk 活动 273 粉丝 16229 +关注 医美&功效护肤精准递送与剂型创新专题论坛 明天 13:00 广东深圳 CPHI世界制药原料中国展 粉丝  3965 CPHI世界制药原料中国展 活动 96 粉丝 3965 +关注 大湾区先进药物递送产业大会｜吸入、眼科、透皮、医美无创：四大赛道一次锁定 明天 13:00 广东深圳 CPHI世界制药原料中国展 粉丝  3965 CPHI世界制药原料中国展 活动 96 粉丝 3965 +关注 2026大湾区新药研发药效与安全性评价论坛 明天 13:30 广东深圳 CPHI世界制药原料中国展 粉丝  3965 CPHI世界制药原料中国展 活动 96 粉丝 3965 +关注,,,,https://www.huodongxing.com/event/9877494694100,,免费,活动行,广东省,深圳,活动行平台支付/报名
亲密重建-如何谈不分手的恋爱,,网站导航 热门站点 全国站 北京站 上海站 广州站 深圳站 杭州站 武汉站 成都站 长沙站 精选推荐 首页 行业 生活 学习 找活动 找主办方 专题精选 人气榜 下载App 更多服务 找场地 活动百宝箱 主办方管理中心 主办方vip 活动行管家 大会解决方案 关注活动行 | 小程序 | 帮助中心 深圳 当前定位城市: 热门城市: 全国 北京 上海 广州 深圳 杭州 武汉 成都 长沙 南京 重庆 苏州 其它城市: 西安 郑州 厦门 天津 宁波 青岛 东莞 佛山 济南 珠海 合肥 福州 石家庄 昆明 查找更多城市 > 首页 分类 解决方案 场景方案 线上峰会/研讨会 从宣传推广、名单收集、直播互动、线下拍摄/导播、数据分析等一站式直播解决方案 活动行企业版 专为对品牌、数据安全要求较高的企业/商会协会/会展公司等打造的活动管理系统 数字云展厅 定制图文音视频展厅/元宇宙展厅，独立的展商详情页、商机收集等 私有化部署 快速私有化部署企业私有活动管理解决方案，支持阿里云、腾讯云、AWS等 免费创建 下载APP 业务合作 主办方中心 注册 / 登录 推荐 发现活动 人气榜 主办方 精选专题 意见反馈 回到顶部 城市: 全国 北京 上海 深圳 广州 杭州 成都 武汉 重庆 南京 苏州 长沙 西安 厦门 郑州 东莞 青岛 天津 宁波 昆明 香港 澳门 更多城市 分类: 时间: 全部 本周 本周末 1个月内 形式： 线下活动 线上活动 综合排序 最新发布 热门点击 最多参与 星际启元2026 WAIAC世界人工智能应用大会暨全球AI产业生态博览会 今天 14:30 广东深圳 2026WAIAC世界人工智能应用大会组委会 粉丝  5 2026WAIAC世界人工智能应用大会组委会 活动 3 粉丝 5 +关注 创业路演交流会（每人10-15分钟第5期（9月16周三下午） 今天 14:30 广东深圳 成婚教 /婚教盟/兴朋会 粉丝  539 成婚教 /婚教盟/兴朋会 活动 45 粉丝 539 +关注 AI AGENT PAYMENT 今天 18:30 广东深圳 Dogpay 粉丝  13 Dogpay 活动 1 粉丝 13 +关注 解锁你的内在世界 | 自我探索体验沙龙 今天 19:00 广东深圳 心鹏友 粉丝  80 心鹏友 活动 6 粉丝 80 +关注 亲密重建-如何谈不分手的恋爱 今天 19:00 广东深圳 启光幸福 粉丝  3 启光幸福 活动 5 粉丝 3 +关注 （已成深圳）AI时代OPC破局会｜如何在AI时代借助工具，轻资产入局完成商业闭环 今天 19:30 广东深圳 草莓小饼干 粉丝  658 草莓小饼干 活动 806 粉丝 658 +关注 AI全域内容矩阵营销获客和系统实操 今天 20:00 广东深圳 2026WAIAC世界人工智能应用大会组委会 粉丝  5 2026WAIAC世界人工智能应用大会组委会 活动 3 粉丝 5 +关注 破局腾飞——聚焦出海美洲市场研讨会 明天 08:30 广东深圳 深商会 粉丝  332 深商会 活动 10 粉丝 332 +关注 跨境生态加速大会 品牌无界 Brand Without Borders 明天 08:30 广东深圳 亿邦动力 粉丝  3 亿邦动力 活动 1 粉丝 3 +关注 Accelerate 跨境生态加速大会 明天 08:30 广东深圳 出海网跨境电商 粉丝  20613 出海网跨境电商 活动 206 粉丝 20613 +关注 硬科技相关投资实务解读及投资人能力提升 09/17 周四 ~ 09/18 周五 广东深圳 清科研究中心 粉丝  1302 清科研究中心 活动 175 粉丝 1302 +关注 数智化驱动下的制药新纪元论坛 明天 09:30 广东深圳 CPHI世界制药原料中国展 粉丝  3965 CPHI世界制药原料中国展 活动 96 粉丝 3965 +关注 2026医美工艺革新与质量升级分论坛-CPHI深圳制药工业展医美论坛 明天 09:30 广东深圳 CPHI世界制药原料中国展 粉丝  3965 CPHI世界制药原料中国展 活动 96 粉丝 3965 +关注 2026制药洁净合规及数字化升级研讨会 明天 10:00 广东深圳 CPHI世界制药原料中国展 粉丝  3965 CPHI世界制药原料中国展 活动 96 粉丝 3965 +关注 黑五爆单・Agent 引力 开启TikTok新达人经济时代 ——ScoreHub 2026 品牌大会 明天 13:00 广东深圳 品牌方舟BrandArk 粉丝  16229 品牌方舟BrandArk 活动 273 粉丝 16229 +关注 2026亚马逊新兴站点战略客户闭门会 明天 13:00 广东深圳 雨果跨境 粉丝  72881 雨果跨境 活动 1415 粉丝 72881 +关注 官方黑五诊室-1V1问诊 明天 13:00 广东深圳 品牌方舟BrandArk 粉丝  16229 品牌方舟BrandArk 活动 273 粉丝 16229 +关注 医美&功效护肤精准递送与剂型创新专题论坛 明天 13:00 广东深圳 CPHI世界制药原料中国展 粉丝  3965 CPHI世界制药原料中国展 活动 96 粉丝 3965 +关注 大湾区先进药物递送产业大会｜吸入、眼科、透皮、医美无创：四大赛道一次锁定 明天 13:00 广东深圳 CPHI世界制药原料中国展 粉丝  3965 CPHI世界制药原料中国展 活动 96 粉丝 3965 +关注 2026大湾区新药研发药效与安全性评价论坛 明天 13:30 广东深圳 CPHI世界制药原料中国展 粉丝  3965 CPHI世界制药原料中国展 活动 96 粉丝 3965 +关注,,,,https://www.huodongxing.com/event/1878614238000,,免费,活动行,广东省,深圳,活动行平台支付/报名
（已成深圳）AI时代OPC破局会｜如何在AI时代借助工具，轻资产入局完成商业闭环,,网站导航 热门站点 全国站 北京站 上海站 广州站 深圳站 杭州站 武汉站 成都站 长沙站 精选推荐 首页 行业 生活 学习 找活动 找主办方 专题精选 人气榜 下载App 更多服务 找场地 活动百宝箱 主办方管理中心 主办方vip 活动行管家 大会解决方案 关注活动行 | 小程序 | 帮助中心 深圳 当前定位城市: 热门城市: 全国 北京 上海 广州 深圳 杭州 武汉 成都 长沙 南京 重庆 苏州 其它城市: 西安 郑州 厦门 天津 宁波 青岛 东莞 佛山 济南 珠海 合肥 福州 石家庄 昆明 查找更多城市 > 首页 分类 解决方案 场景方案 线上峰会/研讨会 从宣传推广、名单收集、直播互动、线下拍摄/导播、数据分析等一站式直播解决方案 活动行企业版 专为对品牌、数据安全要求较高的企业/商会协会/会展公司等打造的活动管理系统 数字云展厅 定制图文音视频展厅/元宇宙展厅，独立的展商详情页、商机收集等 私有化部署 快速私有化部署企业私有活动管理解决方案，支持阿里云、腾讯云、AWS等 免费创建 下载APP 业务合作 主办方中心 注册 / 登录 推荐 发现活动 人气榜 主办方 精选专题 意见反馈 回到顶部 城市: 全国 北京 上海 深圳 广州 杭州 成都 武汉 重庆 南京 苏州 长沙 西安 厦门 郑州 东莞 青岛 天津 宁波 昆明 香港 澳门 更多城市 分类: 时间: 全部 本周 本周末 1个月内 形式： 线下活动 线上活动 综合排序 最新发布 热门点击 最多参与 星际启元2026 WAIAC世界人工智能应用大会暨全球AI产业生态博览会 今天 14:30 广东深圳 2026WAIAC世界人工智能应用大会组委会 粉丝  5 2026WAIAC世界人工智能应用大会组委会 活动 3 粉丝 5 +关注 创业路演交流会（每人10-15分钟第5期（9月16周三下午） 今天 14:30 广东深圳 成婚教 /婚教盟/兴朋会 粉丝  539 成婚教 /婚教盟/兴朋会 活动 45 粉丝 539 +关注 AI AGENT PAYMENT 今天 18:30 广东深圳 Dogpay 粉丝  13 Dogpay 活动 1 粉丝 13 +关注 解锁你的内在世界 | 自我探索体验沙龙 今天 19:00 广东深圳 心鹏友 粉丝  80 心鹏友 活动 6 粉丝 80 +关注 亲密重建-如何谈不分手的恋爱 今天 19:00 广东深圳 启光幸福 粉丝  3 启光幸福 活动 5 粉丝 3 +关注 （已成深圳）AI时代OPC破局会｜如何在AI时代借助工具，轻资产入局完成商业闭环 今天 19:30 广东深圳 草莓小饼干 粉丝  658 草莓小饼干 活动 806 粉丝 658 +关注 AI全域内容矩阵营销获客和系统实操 今天 20:00 广东深圳 2026WAIAC世界人工智能应用大会组委会 粉丝  5 2026WAIAC世界人工智能应用大会组委会 活动 3 粉丝 5 +关注 破局腾飞——聚焦出海美洲市场研讨会 明天 08:30 广东深圳 深商会 粉丝  332 深商会 活动 10 粉丝 332 +关注 跨境生态加速大会 品牌无界 Brand Without Borders 明天 08:30 广东深圳 亿邦动力 粉丝  3 亿邦动力 活动 1 粉丝 3 +关注 Accelerate 跨境生态加速大会 明天 08:30 广东深圳 出海网跨境电商 粉丝  20613 出海网跨境电商 活动 206 粉丝 20613 +关注 硬科技相关投资实务解读及投资人能力提升 09/17 周四 ~ 09/18 周五 广东深圳 清科研究中心 粉丝  1302 清科研究中心 活动 175 粉丝 1302 +关注 数智化驱动下的制药新纪元论坛 明天 09:30 广东深圳 CPHI世界制药原料中国展 粉丝  3965 CPHI世界制药原料中国展 活动 96 粉丝 3965 +关注 2026医美工艺革新与质量升级分论坛-CPHI深圳制药工业展医美论坛 明天 09:30 广东深圳 CPHI世界制药原料中国展 粉丝  3965 CPHI世界制药原料中国展 活动 96 粉丝 3965 +关注 2026制药洁净合规及数字化升级研讨会 明天 10:00 广东深圳 CPHI世界制药原料中国展 粉丝  3965 CPHI世界制药原料中国展 活动 96 粉丝 3965 +关注 黑五爆单・Agent 引力 开启TikTok新达人经济时代 ——ScoreHub 2026 品牌大会 明天 13:00 广东深圳 品牌方舟BrandArk 粉丝  16229 品牌方舟BrandArk 活动 273 粉丝 16229 +关注 2026亚马逊新兴站点战略客户闭门会 明天 13:00 广东深圳 雨果跨境 粉丝  72881 雨果跨境 活动 1415 粉丝 72881 +关注 官方黑五诊室-1V1问诊 明天 13:00 广东深圳 品牌方舟BrandArk 粉丝  16229 品牌方舟BrandArk 活动 273 粉丝 16229 +关注 医美&功效护肤精准递送与剂型创新专题论坛 明天 13:00 广东深圳 CPHI世界制药原料中国展 粉丝  3965 CPHI世界制药原料中国展 活动 96 粉丝 3965 +关注 大湾区先进药物递送产业大会｜吸入、眼科、透皮、医美无创：四大赛道一次锁定 明天 13:00 广东深圳 CPHI世界制药原料中国展 粉丝  3965 CPHI世界制药原料中国展 活动 96 粉丝 3965 +关注 2026大湾区新药研发药效与安全性评价论坛 明天 13:30 广东深圳 CPHI世界制药原料中国展 粉丝  3965 CPHI世界制药原料中国展 活动 96 粉丝 3965 +关注,,,,https://www.huodongxing.com/event/3878403181800,,免费,活动行,广东省,深圳,活动行平台支付/报名
AI全域内容矩阵营销获客和系统实操,,网站导航 热门站点 全国站 北京站 上海站 广州站 深圳站 杭州站 武汉站 成都站 长沙站 精选推荐 首页 行业 生活 学习 找活动 找主办方 专题精选 人气榜 下载App 更多服务 找场地 活动百宝箱 主办方管理中心 主办方vip 活动行管家 大会解决方案 关注活动行 | 小程序 | 帮助中心 深圳 当前定位城市: 热门城市: 全国 北京 上海 广州 深圳 杭州 武汉 成都 长沙 南京 重庆 苏州 其它城市: 西安 郑州 厦门 天津 宁波 青岛 东莞 佛山 济南 珠海 合肥 福州 石家庄 昆明 查找更多城市 > 首页 分类 解决方案 场景方案 线上峰会/研讨会 从宣传推广、名单收集、直播互动、线下拍摄/导播、数据分析等一站式直播解决方案 活动行企业版 专为对品牌、数据安全要求较高的企业/商会协会/会展公司等打造的活动管理系统 数字云展厅 定制图文音视频展厅/元宇宙展厅，独立的展商详情页、商机收集等 私有化部署 快速私有化部署企业私有活动管理解决方案，支持阿里云、腾讯云、AWS等 免费创建 下载APP 业务合作 主办方中心 注册 / 登录 推荐 发现活动 人气榜 主办方 精选专题 意见反馈 回到顶部 城市: 全国 北京 上海 深圳 广州 杭州 成都 武汉 重庆 南京 苏州 长沙 西安 厦门 郑州 东莞 青岛 天津 宁波 昆明 香港 澳门 更多城市 分类: 时间: 全部 本周 本周末 1个月内 形式： 线下活动 线上活动 综合排序 最新发布 热门点击 最多参与 星际启元2026 WAIAC世界人工智能应用大会暨全球AI产业生态博览会 今天 14:30 广东深圳 2026WAIAC世界人工智能应用大会组委会 粉丝  5 2026WAIAC世界人工智能应用大会组委会 活动 3 粉丝 5 +关注 创业路演交流会（每人10-15分钟第5期（9月16周三下午） 今天 14:30 广东深圳 成婚教 /婚教盟/兴朋会 粉丝  539 成婚教 /婚教盟/兴朋会 活动 45 粉丝 539 +关注 AI AGENT PAYMENT 今天 18:30 广东深圳 Dogpay 粉丝  13 Dogpay 活动 1 粉丝 13 +关注 解锁你的内在世界 | 自我探索体验沙龙 今天 19:00 广东深圳 心鹏友 粉丝  80 心鹏友 活动 6 粉丝 80 +关注 亲密重建-如何谈不分手的恋爱 今天 19:00 广东深圳 启光幸福 粉丝  3 启光幸福 活动 5 粉丝 3 +关注 （已成深圳）AI时代OPC破局会｜如何在AI时代借助工具，轻资产入局完成商业闭环 今天 19:30 广东深圳 草莓小饼干 粉丝  658 草莓小饼干 活动 806 粉丝 658 +关注 AI全域内容矩阵营销获客和系统实操 今天 20:00 广东深圳 2026WAIAC世界人工智能应用大会组委会 粉丝  5 2026WAIAC世界人工智能应用大会组委会 活动 3 粉丝 5 +关注 破局腾飞——聚焦出海美洲市场研讨会 明天 08:30 广东深圳 深商会 粉丝  332 深商会 活动 10 粉丝 332 +关注 跨境生态加速大会 品牌无界 Brand Without Borders 明天 08:30 广东深圳 亿邦动力 粉丝  3 亿邦动力 活动 1 粉丝 3 +关注 Accelerate 跨境生态加速大会 明天 08:30 广东深圳 出海网跨境电商 粉丝  20613 出海网跨境电商 活动 206 粉丝 20613 +关注 硬科技相关投资实务解读及投资人能力提升 09/17 周四 ~ 09/18 周五 广东深圳 清科研究中心 粉丝  1302 清科研究中心 活动 175 粉丝 1302 +关注 数智化驱动下的制药新纪元论坛 明天 09:30 广东深圳 CPHI世界制药原料中国展 粉丝  3965 CPHI世界制药原料中国展 活动 96 粉丝 3965 +关注 2026医美工艺革新与质量升级分论坛-CPHI深圳制药工业展医美论坛 明天 09:30 广东深圳 CPHI世界制药原料中国展 粉丝  3965 CPHI世界制药原料中国展 活动 96 粉丝 3965 +关注 2026制药洁净合规及数字化升级研讨会 明天 10:00 广东深圳 CPHI世界制药原料中国展 粉丝  3965 CPHI世界制药原料中国展 活动 96 粉丝 3965 +关注 黑五爆单・Agent 引力 开启TikTok新达人经济时代 ——ScoreHub 2026 品牌大会 明天 13:00 广东深圳 品牌方舟BrandArk 粉丝  16229 品牌方舟BrandArk 活动 273 粉丝 16229 +关注 2026亚马逊新兴站点战略客户闭门会 明天 13:00 广东深圳 雨果跨境 粉丝  72881 雨果跨境 活动 1415 粉丝 72881 +关注 官方黑五诊室-1V1问诊 明天 13:00 广东深圳 品牌方舟BrandArk 粉丝  16229 品牌方舟BrandArk 活动 273 粉丝 16229 +关注 医美&功效护肤精准递送与剂型创新专题论坛 明天 13:00 广东深圳 CPHI世界制药原料中国展 粉丝  3965 CPHI世界制药原料中国展 活动 96 粉丝 3965 +关注 大湾区先进药物递送产业大会｜吸入、眼科、透皮、医美无创：四大赛道一次锁定 明天 13:00 广东深圳 CPHI世界制药原料中国展 粉丝  3965 CPHI世界制药原料中国展 活动 96 粉丝 3965 +关注 2026大湾区新药研发药效与安全性评价论坛 明天 13:30 广东深圳 CPHI世界制药原料中国展 粉丝  3965 CPHI世界制药原料中国展 活动 96 粉丝 3965 +关注,,,,https://www.huodongxing.com/event/6878646084800,,免费,活动行,广东省,深圳,活动行平台支付/报名
跨境生态加速大会 品牌无界 Brand Without Borders,,网站导航 热门站点 全国站 北京站 上海站 广州站 深圳站 杭州站 武汉站 成都站 长沙站 精选推荐 首页 行业 生活 学习 找活动 找主办方 专题精选 人气榜 下载App 更多服务 找场地 活动百宝箱 主办方管理中心 主办方vip 活动行管家 大会解决方案 关注活动行 | 小程序 | 帮助中心 深圳 当前定位城市: 热门城市: 全国 北京 上海 广州 深圳 杭州 武汉 成都 长沙 南京 重庆 苏州 其它城市: 西安 郑州 厦门 天津 宁波 青岛 东莞 佛山 济南 珠海 合肥 福州 石家庄 昆明 查找更多城市 > 首页 分类 解决方案 场景方案 线上峰会/研讨会 从宣传推广、名单收集、直播互动、线下拍摄/导播、数据分析等一站式直播解决方案 活动行企业版 专为对品牌、数据安全要求较高的企业/商会协会/会展公司等打造的活动管理系统 数字云展厅 定制图文音视频展厅/元宇宙展厅，独立的展商详情页、商机收集等 私有化部署 快速私有化部署企业私有活动管理解决方案，支持阿里云、腾讯云、AWS等 免费创建 下载APP 业务合作 主办方中心 注册 / 登录 推荐 发现活动 人气榜 主办方 精选专题 意见反馈 回到顶部 城市: 全国 北京 上海 深圳 广州 杭州 成都 武汉 重庆 南京 苏州 长沙 西安 厦门 郑州 东莞 青岛 天津 宁波 昆明 香港 澳门 更多城市 分类: 时间: 全部 本周 本周末 1个月内 形式： 线下活动 线上活动 综合排序 最新发布 热门点击 最多参与 星际启元2026 WAIAC世界人工智能应用大会暨全球AI产业生态博览会 今天 14:30 广东深圳 2026WAIAC世界人工智能应用大会组委会 粉丝  5 2026WAIAC世界人工智能应用大会组委会 活动 3 粉丝 5 +关注 创业路演交流会（每人10-15分钟第5期（9月16周三下午） 今天 14:30 广东深圳 成婚教 /婚教盟/兴朋会 粉丝  539 成婚教 /婚教盟/兴朋会 活动 45 粉丝 539 +关注 AI AGENT PAYMENT 今天 18:30 广东深圳 Dogpay 粉丝  13 Dogpay 活动 1 粉丝 13 +关注 解锁你的内在世界 | 自我探索体验沙龙 今天 19:00 广东深圳 心鹏友 粉丝  80 心鹏友 活动 6 粉丝 80 +关注 亲密重建-如何谈不分手的恋爱 今天 19:00 广东深圳 启光幸福 粉丝  3 启光幸福 活动 5 粉丝 3 +关注 （已成深圳）AI时代OPC破局会｜如何在AI时代借助工具，轻资产入局完成商业闭环 今天 19:30 广东深圳 草莓小饼干 粉丝  658 草莓小饼干 活动 806 粉丝 658 +关注 AI全域内容矩阵营销获客和系统实操 今天 20:00 广东深圳 2026WAIAC世界人工智能应用大会组委会 粉丝  5 2026WAIAC世界人工智能应用大会组委会 活动 3 粉丝 5 +关注 破局腾飞——聚焦出海美洲市场研讨会 明天 08:30 广东深圳 深商会 粉丝  332 深商会 活动 10 粉丝 332 +关注 跨境生态加速大会 品牌无界 Brand Without Borders 明天 08:30 广东深圳 亿邦动力 粉丝  3 亿邦动力 活动 1 粉丝 3 +关注 Accelerate 跨境生态加速大会 明天 08:30 广东深圳 出海网跨境电商 粉丝  20613 出海网跨境电商 活动 206 粉丝 20613 +关注 硬科技相关投资实务解读及投资人能力提升 09/17 周四 ~ 09/18 周五 广东深圳 清科研究中心 粉丝  1302 清科研究中心 活动 175 粉丝 1302 +关注 数智化驱动下的制药新纪元论坛 明天 09:30 广东深圳 CPHI世界制药原料中国展 粉丝  3965 CPHI世界制药原料中国展 活动 96 粉丝 3965 +关注 2026医美工艺革新与质量升级分论坛-CPHI深圳制药工业展医美论坛 明天 09:30 广东深圳 CPHI世界制药原料中国展 粉丝  3965 CPHI世界制药原料中国展 活动 96 粉丝 3965 +关注 2026制药洁净合规及数字化升级研讨会 明天 10:00 广东深圳 CPHI世界制药原料中国展 粉丝  3965 CPHI世界制药原料中国展 活动 96 粉丝 3965 +关注 黑五爆单・Agent 引力 开启TikTok新达人经济时代 ——ScoreHub 2026 品牌大会 明天 13:00 广东深圳 品牌方舟BrandArk 粉丝  16229 品牌方舟BrandArk 活动 273 粉丝 16229 +关注 2026亚马逊新兴站点战略客户闭门会 明天 13:00 广东深圳 雨果跨境 粉丝  72881 雨果跨境 活动 1415 粉丝 72881 +关注 官方黑五诊室-1V1问诊 明天 13:00 广东深圳 品牌方舟BrandArk 粉丝  16229 品牌方舟BrandArk 活动 273 粉丝 16229 +关注 医美&功效护肤精准递送与剂型创新专题论坛 明天 13:00 广东深圳 CPHI世界制药原料中国展 粉丝  3965 CPHI世界制药原料中国展 活动 96 粉丝 3965 +关注 大湾区先进药物递送产业大会｜吸入、眼科、透皮、医美无创：四大赛道一次锁定 明天 13:00 广东深圳 CPHI世界制药原料中国展 粉丝  3965 CPHI世界制药原料中国展 活动 96 粉丝 3965 +关注 2026大湾区新药研发药效与安全性评价论坛 明天 13:30 广东深圳 CPHI世界制药原料中国展 粉丝  3965 CPHI世界制药原料中国展 活动 96 粉丝 3965 +关注,,,,https://www.huodongxing.com/event/5878072396900,,免费,活动行,广东省,深圳,活动行平台支付/报名
Accelerate 跨境生态加速大会,,网站导航 热门站点 全国站 北京站 上海站 广州站 深圳站 杭州站 武汉站 成都站 长沙站 精选推荐 首页 行业 生活 学习 找活动 找主办方 专题精选 人气榜 下载App 更多服务 找场地 活动百宝箱 主办方管理中心 主办方vip 活动行管家 大会解决方案 关注活动行 | 小程序 | 帮助中心 深圳 当前定位城市: 热门城市: 全国 北京 上海 广州 深圳 杭州 武汉 成都 长沙 南京 重庆 苏州 其它城市: 西安 郑州 厦门 天津 宁波 青岛 东莞 佛山 济南 珠海 合肥 福州 石家庄 昆明 查找更多城市 > 首页 分类 解决方案 场景方案 线上峰会/研讨会 从宣传推广、名单收集、直播互动、线下拍摄/导播、数据分析等一站式直播解决方案 活动行企业版 专为对品牌、数据安全要求较高的企业/商会协会/会展公司等打造的活动管理系统 数字云展厅 定制图文音视频展厅/元宇宙展厅，独立的展商详情页、商机收集等 私有化部署 快速私有化部署企业私有活动管理解决方案，支持阿里云、腾讯云、AWS等 免费创建 下载APP 业务合作 主办方中心 注册 / 登录 推荐 发现活动 人气榜 主办方 精选专题 意见反馈 回到顶部 城市: 全国 北京 上海 深圳 广州 杭州 成都 武汉 重庆 南京 苏州 长沙 西安 厦门 郑州 东莞 青岛 天津 宁波 昆明 香港 澳门 更多城市 分类: 时间: 全部 本周 本周末 1个月内 形式： 线下活动 线上活动 综合排序 最新发布 热门点击 最多参与 星际启元2026 WAIAC世界人工智能应用大会暨全球AI产业生态博览会 今天 14:30 广东深圳 2026WAIAC世界人工智能应用大会组委会 粉丝  5 2026WAIAC世界人工智能应用大会组委会 活动 3 粉丝 5 +关注 创业路演交流会（每人10-15分钟第5期（9月16周三下午） 今天 14:30 广东深圳 成婚教 /婚教盟/兴朋会 粉丝  539 成婚教 /婚教盟/兴朋会 活动 45 粉丝 539 +关注 AI AGENT PAYMENT 今天 18:30 广东深圳 Dogpay 粉丝  13 Dogpay 活动 1 粉丝 13 +关注 解锁你的内在世界 | 自我探索体验沙龙 今天 19:00 广东深圳 心鹏友 粉丝  80 心鹏友 活动 6 粉丝 80 +关注 亲密重建-如何谈不分手的恋爱 今天 19:00 广东深圳 启光幸福 粉丝  3 启光幸福 活动 5 粉丝 3 +关注 （已成深圳）AI时代OPC破局会｜如何在AI时代借助工具，轻资产入局完成商业闭环 今天 19:30 广东深圳 草莓小饼干 粉丝  658 草莓小饼干 活动 806 粉丝 658 +关注 AI全域内容矩阵营销获客和系统实操 今天 20:00 广东深圳 2026WAIAC世界人工智能应用大会组委会 粉丝  5 2026WAIAC世界人工智能应用大会组委会 活动 3 粉丝 5 +关注 破局腾飞——聚焦出海美洲市场研讨会 明天 08:30 广东深圳 深商会 粉丝  332 深商会 活动 10 粉丝 332 +关注 跨境生态加速大会 品牌无界 Brand Without Borders 明天 08:30 广东深圳 亿邦动力 粉丝  3 亿邦动力 活动 1 粉丝 3 +关注 Accelerate 跨境生态加速大会 明天 08:30 广东深圳 出海网跨境电商 粉丝  20613 出海网跨境电商 活动 206 粉丝 20613 +关注 硬科技相关投资实务解读及投资人能力提升 09/17 周四 ~ 09/18 周五 广东深圳 清科研究中心 粉丝  1302 清科研究中心 活动 175 粉丝 1302 +关注 数智化驱动下的制药新纪元论坛 明天 09:30 广东深圳 CPHI世界制药原料中国展 粉丝  3965 CPHI世界制药原料中国展 活动 96 粉丝 3965 +关注 2026医美工艺革新与质量升级分论坛-CPHI深圳制药工业展医美论坛 明天 09:30 广东深圳 CPHI世界制药原料中国展 粉丝  3965 CPHI世界制药原料中国展 活动 96 粉丝 3965 +关注 2026制药洁净合规及数字化升级研讨会 明天 10:00 广东深圳 CPHI世界制药原料中国展 粉丝  3965 CPHI世界制药原料中国展 活动 96 粉丝 3965 +关注 黑五爆单・Agent 引力 开启TikTok新达人经济时代 ——ScoreHub 2026 品牌大会 明天 13:00 广东深圳 品牌方舟BrandArk 粉丝  16229 品牌方舟BrandArk 活动 273 粉丝 16229 +关注 2026亚马逊新兴站点战略客户闭门会 明天 13:00 广东深圳 雨果跨境 粉丝  72881 雨果跨境 活动 1415 粉丝 72881 +关注 官方黑五诊室-1V1问诊 明天 13:00 广东深圳 品牌方舟BrandArk 粉丝  16229 品牌方舟BrandArk 活动 273 粉丝 16229 +关注 医美&功效护肤精准递送与剂型创新专题论坛 明天 13:00 广东深圳 CPHI世界制药原料中国展 粉丝  3965 CPHI世界制药原料中国展 活动 96 粉丝 3965 +关注 大湾区先进药物递送产业大会｜吸入、眼科、透皮、医美无创：四大赛道一次锁定 明天 13:00 广东深圳 CPHI世界制药原料中国展 粉丝  3965 CPHI世界制药原料中国展 活动 96 粉丝 3965 +关注 2026大湾区新药研发药效与安全性评价论坛 明天 13:30 广东深圳 CPHI世界制药原料中国展 粉丝  3965 CPHI世界制药原料中国展 活动 96 粉丝 3965 +关注,,,,https://www.huodongxing.com/event/3874468742100,,免费,活动行,广东省,深圳,活动行平台支付/报名
硬科技相关投资实务解读及投资人能力提升,,网站导航 热门站点 全国站 北京站 上海站 广州站 深圳站 杭州站 武汉站 成都站 长沙站 精选推荐 首页 行业 生活 学习 找活动 找主办方 专题精选 人气榜 下载App 更多服务 找场地 活动百宝箱 主办方管理中心 主办方vip 活动行管家 大会解决方案 关注活动行 | 小程序 | 帮助中心 深圳 当前定位城市: 热门城市: 全国 北京 上海 广州 深圳 杭州 武汉 成都 长沙 南京 重庆 苏州 其它城市: 西安 郑州 厦门 天津 宁波 青岛 东莞 佛山 济南 珠海 合肥 福州 石家庄 昆明 查找更多城市 > 首页 分类 解决方案 场景方案 线上峰会/研讨会 从宣传推广、名单收集、直播互动、线下拍摄/导播、数据分析等一站式直播解决方案 活动行企业版 专为对品牌、数据安全要求较高的企业/商会协会/会展公司等打造的活动管理系统 数字云展厅 定制图文音视频展厅/元宇宙展厅，独立的展商详情页、商机收集等 私有化部署 快速私有化部署企业私有活动管理解决方案，支持阿里云、腾讯云、AWS等 免费创建 下载APP 业务合作 主办方中心 注册 / 登录 推荐 发现活动 人气榜 主办方 精选专题 意见反馈 回到顶部 城市: 全国 北京 上海 深圳 广州 杭州 成都 武汉 重庆 南京 苏州 长沙 西安 厦门 郑州 东莞 青岛 天津 宁波 昆明 香港 澳门 更多城市 分类: 时间: 全部 本周 本周末 1个月内 形式： 线下活动 线上活动 综合排序 最新发布 热门点击 最多参与 星际启元2026 WAIAC世界人工智能应用大会暨全球AI产业生态博览会 今天 14:30 广东深圳 2026WAIAC世界人工智能应用大会组委会 粉丝  5 2026WAIAC世界人工智能应用大会组委会 活动 3 粉丝 5 +关注 创业路演交流会（每人10-15分钟第5期（9月16周三下午） 今天 14:30 广东深圳 成婚教 /婚教盟/兴朋会 粉丝  539 成婚教 /婚教盟/兴朋会 活动 45 粉丝 539 +关注 AI AGENT PAYMENT 今天 18:30 广东深圳 Dogpay 粉丝  13 Dogpay 活动 1 粉丝 13 +关注 解锁你的内在世界 | 自我探索体验沙龙 今天 19:00 广东深圳 心鹏友 粉丝  80 心鹏友 活动 6 粉丝 80 +关注 亲密重建-如何谈不分手的恋爱 今天 19:00 广东深圳 启光幸福 粉丝  3 启光幸福 活动 5 粉丝 3 +关注 （已成深圳）AI时代OPC破局会｜如何在AI时代借助工具，轻资产入局完成商业闭环 今天 19:30 广东深圳 草莓小饼干 粉丝  658 草莓小饼干 活动 806 粉丝 658 +关注 AI全域内容矩阵营销获客和系统实操 今天 20:00 广东深圳 2026WAIAC世界人工智能应用大会组委会 粉丝  5 2026WAIAC世界人工智能应用大会组委会 活动 3 粉丝 5 +关注 破局腾飞——聚焦出海美洲市场研讨会 明天 08:30 广东深圳 深商会 粉丝  332 深商会 活动 10 粉丝 332 +关注 跨境生态加速大会 品牌无界 Brand Without Borders 明天 08:30 广东深圳 亿邦动力 粉丝  3 亿邦动力 活动 1 粉丝 3 +关注 Accelerate 跨境生态加速大会 明天 08:30 广东深圳 出海网跨境电商 粉丝  20613 出海网跨境电商 活动 206 粉丝 20613 +关注 硬科技相关投资实务解读及投资人能力提升 09/17 周四 ~ 09/18 周五 广东深圳 清科研究中心 粉丝  1302 清科研究中心 活动 175 粉丝 1302 +关注 数智化驱动下的制药新纪元论坛 明天 09:30 广东深圳 CPHI世界制药原料中国展 粉丝  3965 CPHI世界制药原料中国展 活动 96 粉丝 3965 +关注 2026医美工艺革新与质量升级分论坛-CPHI深圳制药工业展医美论坛 明天 09:30 广东深圳 CPHI世界制药原料中国展 粉丝  3965 CPHI世界制药原料中国展 活动 96 粉丝 3965 +关注 2026制药洁净合规及数字化升级研讨会 明天 10:00 广东深圳 CPHI世界制药原料中国展 粉丝  3965 CPHI世界制药原料中国展 活动 96 粉丝 3965 +关注 黑五爆单・Agent 引力 开启TikTok新达人经济时代 ——ScoreHub 2026 品牌大会 明天 13:00 广东深圳 品牌方舟BrandArk 粉丝  16229 品牌方舟BrandArk 活动 273 粉丝 16229 +关注 2026亚马逊新兴站点战略客户闭门会 明天 13:00 广东深圳 雨果跨境 粉丝  72881 雨果跨境 活动 1415 粉丝 72881 +关注 官方黑五诊室-1V1问诊 明天 13:00 广东深圳 品牌方舟BrandArk 粉丝  16229 品牌方舟BrandArk 活动 273 粉丝 16229 +关注 医美&功效护肤精准递送与剂型创新专题论坛 明天 13:00 广东深圳 CPHI世界制药原料中国展 粉丝  3965 CPHI世界制药原料中国展 活动 96 粉丝 3965 +关注 大湾区先进药物递送产业大会｜吸入、眼科、透皮、医美无创：四大赛道一次锁定 明天 13:00 广东深圳 CPHI世界制药原料中国展 粉丝  3965 CPHI世界制药原料中国展 活动 96 粉丝 3965 +关注 2026大湾区新药研发药效与安全性评价论坛 明天 13:30 广东深圳 CPHI世界制药原料中国展 粉丝  3965 CPHI世界制药原料中国展 活动 96 粉丝 3965 +关注,,,,https://www.huodongxing.com/event/6877911860400,,免费,活动行,广东省,深圳,活动行平台支付/报名
数智化驱动下的制药新纪元论坛,,网站导航 热门站点 全国站 北京站 上海站 广州站 深圳站 杭州站 武汉站 成都站 长沙站 精选推荐 首页 行业 生活 学习 找活动 找主办方 专题精选 人气榜 下载App 更多服务 找场地 活动百宝箱 主办方管理中心 主办方vip 活动行管家 大会解决方案 关注活动行 | 小程序 | 帮助中心 深圳 当前定位城市: 热门城市: 全国 北京 上海 广州 深圳 杭州 武汉 成都 长沙 南京 重庆 苏州 其它城市: 西安 郑州 厦门 天津 宁波 青岛 东莞 佛山 济南 珠海 合肥 福州 石家庄 昆明 查找更多城市 > 首页 分类 解决方案 场景方案 线上峰会/研讨会 从宣传推广、名单收集、直播互动、线下拍摄/导播、数据分析等一站式直播解决方案 活动行企业版 专为对品牌、数据安全要求较高的企业/商会协会/会展公司等打造的活动管理系统 数字云展厅 定制图文音视频展厅/元宇宙展厅，独立的展商详情页、商机收集等 私有化部署 快速私有化部署企业私有活动管理解决方案，支持阿里云、腾讯云、AWS等 免费创建 下载APP 业务合作 主办方中心 注册 / 登录 推荐 发现活动 人气榜 主办方 精选专题 意见反馈 回到顶部 城市: 全国 北京 上海 深圳 广州 杭州 成都 武汉 重庆 南京 苏州 长沙 西安 厦门 郑州 东莞 青岛 天津 宁波 昆明 香港 澳门 更多城市 分类: 时间: 全部 本周 本周末 1个月内 形式： 线下活动 线上活动 综合排序 最新发布 热门点击 最多参与 星际启元2026 WAIAC世界人工智能应用大会暨全球AI产业生态博览会 今天 14:30 广东深圳 2026WAIAC世界人工智能应用大会组委会 粉丝  5 2026WAIAC世界人工智能应用大会组委会 活动 3 粉丝 5 +关注 创业路演交流会（每人10-15分钟第5期（9月16周三下午） 今天 14:30 广东深圳 成婚教 /婚教盟/兴朋会 粉丝  539 成婚教 /婚教盟/兴朋会 活动 45 粉丝 539 +关注 AI AGENT PAYMENT 今天 18:30 广东深圳 Dogpay 粉丝  13 Dogpay 活动 1 粉丝 13 +关注 解锁你的内在世界 | 自我探索体验沙龙 今天 19:00 广东深圳 心鹏友 粉丝  80 心鹏友 活动 6 粉丝 80 +关注 亲密重建-如何谈不分手的恋爱 今天 19:00 广东深圳 启光幸福 粉丝  3 启光幸福 活动 5 粉丝 3 +关注 （已成深圳）AI时代OPC破局会｜如何在AI时代借助工具，轻资产入局完成商业闭环 今天 19:30 广东深圳 草莓小饼干 粉丝  658 草莓小饼干 活动 806 粉丝 658 +关注 AI全域内容矩阵营销获客和系统实操 今天 20:00 广东深圳 2026WAIAC世界人工智能应用大会组委会 粉丝  5 2026WAIAC世界人工智能应用大会组委会 活动 3 粉丝 5 +关注 破局腾飞——聚焦出海美洲市场研讨会 明天 08:30 广东深圳 深商会 粉丝  332 深商会 活动 10 粉丝 332 +关注 跨境生态加速大会 品牌无界 Brand Without Borders 明天 08:30 广东深圳 亿邦动力 粉丝  3 亿邦动力 活动 1 粉丝 3 +关注 Accelerate 跨境生态加速大会 明天 08:30 广东深圳 出海网跨境电商 粉丝  20613 出海网跨境电商 活动 206 粉丝 20613 +关注 硬科技相关投资实务解读及投资人能力提升 09/17 周四 ~ 09/18 周五 广东深圳 清科研究中心 粉丝  1302 清科研究中心 活动 175 粉丝 1302 +关注 数智化驱动下的制药新纪元论坛 明天 09:30 广东深圳 CPHI世界制药原料中国展 粉丝  3965 CPHI世界制药原料中国展 活动 96 粉丝 3965 +关注 2026医美工艺革新与质量升级分论坛-CPHI深圳制药工业展医美论坛 明天 09:30 广东深圳 CPHI世界制药原料中国展 粉丝  3965 CPHI世界制药原料中国展 活动 96 粉丝 3965 +关注 2026制药洁净合规及数字化升级研讨会 明天 10:00 广东深圳 CPHI世界制药原料中国展 粉丝  3965 CPHI世界制药原料中国展 活动 96 粉丝 3965 +关注 黑五爆单・Agent 引力 开启TikTok新达人经济时代 ——ScoreHub 2026 品牌大会 明天 13:00 广东深圳 品牌方舟BrandArk 粉丝  16229 品牌方舟BrandArk 活动 273 粉丝 16229 +关注 2026亚马逊新兴站点战略客户闭门会 明天 13:00 广东深圳 雨果跨境 粉丝  72881 雨果跨境 活动 1415 粉丝 72881 +关注 官方黑五诊室-1V1问诊 明天 13:00 广东深圳 品牌方舟BrandArk 粉丝  16229 品牌方舟BrandArk 活动 273 粉丝 16229 +关注 医美&功效护肤精准递送与剂型创新专题论坛 明天 13:00 广东深圳 CPHI世界制药原料中国展 粉丝  3965 CPHI世界制药原料中国展 活动 96 粉丝 3965 +关注 大湾区先进药物递送产业大会｜吸入、眼科、透皮、医美无创：四大赛道一次锁定 明天 13:00 广东深圳 CPHI世界制药原料中国展 粉丝  3965 CPHI世界制药原料中国展 活动 96 粉丝 3965 +关注 2026大湾区新药研发药效与安全性评价论坛 明天 13:30 广东深圳 CPHI世界制药原料中国展 粉丝  3965 CPHI世界制药原料中国展 活动 96 粉丝 3965 +关注,,,,https://www.huodongxing.com/event/1876069431311,,免费,活动行,广东省,深圳,活动行平台支付/报名
2026医美工艺革新与质量升级分论坛-CPHI深圳制药工业展医美论坛,,网站导航 热门站点 全国站 北京站 上海站 广州站 深圳站 杭州站 武汉站 成都站 长沙站 精选推荐 首页 行业 生活 学习 找活动 找主办方 专题精选 人气榜 下载App 更多服务 找场地 活动百宝箱 主办方管理中心 主办方vip 活动行管家 大会解决方案 关注活动行 | 小程序 | 帮助中心 深圳 当前定位城市: 热门城市: 全国 北京 上海 广州 深圳 杭州 武汉 成都 长沙 南京 重庆 苏州 其它城市: 西安 郑州 厦门 天津 宁波 青岛 东莞 佛山 济南 珠海 合肥 福州 石家庄 昆明 查找更多城市 > 首页 分类 解决方案 场景方案 线上峰会/研讨会 从宣传推广、名单收集、直播互动、线下拍摄/导播、数据分析等一站式直播解决方案 活动行企业版 专为对品牌、数据安全要求较高的企业/商会协会/会展公司等打造的活动管理系统 数字云展厅 定制图文音视频展厅/元宇宙展厅，独立的展商详情页、商机收集等 私有化部署 快速私有化部署企业私有活动管理解决方案，支持阿里云、腾讯云、AWS等 免费创建 下载APP 业务合作 主办方中心 注册 / 登录 推荐 发现活动 人气榜 主办方 精选专题 意见反馈 回到顶部 城市: 全国 北京 上海 深圳 广州 杭州 成都 武汉 重庆 南京 苏州 长沙 西安 厦门 郑州 东莞 青岛 天津 宁波 昆明 香港 澳门 更多城市 分类: 时间: 全部 本周 本周末 1个月内 形式： 线下活动 线上活动 综合排序 最新发布 热门点击 最多参与 星际启元2026 WAIAC世界人工智能应用大会暨全球AI产业生态博览会 今天 14:30 广东深圳 2026WAIAC世界人工智能应用大会组委会 粉丝  5 2026WAIAC世界人工智能应用大会组委会 活动 3 粉丝 5 +关注 创业路演交流会（每人10-15分钟第5期（9月16周三下午） 今天 14:30 广东深圳 成婚教 /婚教盟/兴朋会 粉丝  539 成婚教 /婚教盟/兴朋会 活动 45 粉丝 539 +关注 AI AGENT PAYMENT 今天 18:30 广东深圳 Dogpay 粉丝  13 Dogpay 活动 1 粉丝 13 +关注 解锁你的内在世界 | 自我探索体验沙龙 今天 19:00 广东深圳 心鹏友 粉丝  80 心鹏友 活动 6 粉丝 80 +关注 亲密重建-如何谈不分手的恋爱 今天 19:00 广东深圳 启光幸福 粉丝  3 启光幸福 活动 5 粉丝 3 +关注 （已成深圳）AI时代OPC破局会｜如何在AI时代借助工具，轻资产入局完成商业闭环 今天 19:30 广东深圳 草莓小饼干 粉丝  658 草莓小饼干 活动 806 粉丝 658 +关注 AI全域内容矩阵营销获客和系统实操 今天 20:00 广东深圳 2026WAIAC世界人工智能应用大会组委会 粉丝  5 2026WAIAC世界人工智能应用大会组委会 活动 3 粉丝 5 +关注 破局腾飞——聚焦出海美洲市场研讨会 明天 08:30 广东深圳 深商会 粉丝  332 深商会 活动 10 粉丝 332 +关注 跨境生态加速大会 品牌无界 Brand Without Borders 明天 08:30 广东深圳 亿邦动力 粉丝  3 亿邦动力 活动 1 粉丝 3 +关注 Accelerate 跨境生态加速大会 明天 08:30 广东深圳 出海网跨境电商 粉丝  20613 出海网跨境电商 活动 206 粉丝 20613 +关注 硬科技相关投资实务解读及投资人能力提升 09/17 周四 ~ 09/18 周五 广东深圳 清科研究中心 粉丝  1302 清科研究中心 活动 175 粉丝 1302 +关注 数智化驱动下的制药新纪元论坛 明天 09:30 广东深圳 CPHI世界制药原料中国展 粉丝  3965 CPHI世界制药原料中国展 活动 96 粉丝 3965 +关注 2026医美工艺革新与质量升级分论坛-CPHI深圳制药工业展医美论坛 明天 09:30 广东深圳 CPHI世界制药原料中国展 粉丝  3965 CPHI世界制药原料中国展 活动 96 粉丝 3965 +关注 2026制药洁净合规及数字化升级研讨会 明天 10:00 广东深圳 CPHI世界制药原料中国展 粉丝  3965 CPHI世界制药原料中国展 活动 96 粉丝 3965 +关注 黑五爆单・Agent 引力 开启TikTok新达人经济时代 ——ScoreHub 2026 品牌大会 明天 13:00 广东深圳 品牌方舟BrandArk 粉丝  16229 品牌方舟BrandArk 活动 273 粉丝 16229 +关注 2026亚马逊新兴站点战略客户闭门会 明天 13:00 广东深圳 雨果跨境 粉丝  72881 雨果跨境 活动 1415 粉丝 72881 +关注 官方黑五诊室-1V1问诊 明天 13:00 广东深圳 品牌方舟BrandArk 粉丝  16229 品牌方舟BrandArk 活动 273 粉丝 16229 +关注 医美&功效护肤精准递送与剂型创新专题论坛 明天 13:00 广东深圳 CPHI世界制药原料中国展 粉丝  3965 CPHI世界制药原料中国展 活动 96 粉丝 3965 +关注 大湾区先进药物递送产业大会｜吸入、眼科、透皮、医美无创：四大赛道一次锁定 明天 13:00 广东深圳 CPHI世界制药原料中国展 粉丝  3965 CPHI世界制药原料中国展 活动 96 粉丝 3965 +关注 2026大湾区新药研发药效与安全性评价论坛 明天 13:30 广东深圳 CPHI世界制药原料中国展 粉丝  3965 CPHI世界制药原料中国展 活动 96 粉丝 3965 +关注,,,,https://www.huodongxing.com/event/8874816004300,,免费,活动行,广东省,深圳,活动行平台支付/报名
2026制药洁净合规及数字化升级研讨会,,网站导航 热门站点 全国站 北京站 上海站 广州站 深圳站 杭州站 武汉站 成都站 长沙站 精选推荐 首页 行业 生活 学习 找活动 找主办方 专题精选 人气榜 下载App 更多服务 找场地 活动百宝箱 主办方管理中心 主办方vip 活动行管家 大会解决方案 关注活动行 | 小程序 | 帮助中心 深圳 当前定位城市: 热门城市: 全国 北京 上海 广州 深圳 杭州 武汉 成都 长沙 南京 重庆 苏州 其它城市: 西安 郑州 厦门 天津 宁波 青岛 东莞 佛山 济南 珠海 合肥 福州 石家庄 昆明 查找更多城市 > 首页 分类 解决方案 场景方案 线上峰会/研讨会 从宣传推广、名单收集、直播互动、线下拍摄/导播、数据分析等一站式直播解决方案 活动行企业版 专为对品牌、数据安全要求较高的企业/商会协会/会展公司等打造的活动管理系统 数字云展厅 定制图文音视频展厅/元宇宙展厅，独立的展商详情页、商机收集等 私有化部署 快速私有化部署企业私有活动管理解决方案，支持阿里云、腾讯云、AWS等 免费创建 下载APP 业务合作 主办方中心 注册 / 登录 推荐 发现活动 人气榜 主办方 精选专题 意见反馈 回到顶部 城市: 全国 北京 上海 深圳 广州 杭州 成都 武汉 重庆 南京 苏州 长沙 西安 厦门 郑州 东莞 青岛 天津 宁波 昆明 香港 澳门 更多城市 分类: 时间: 全部 本周 本周末 1个月内 形式： 线下活动 线上活动 综合排序 最新发布 热门点击 最多参与 星际启元2026 WAIAC世界人工智能应用大会暨全球AI产业生态博览会 今天 14:30 广东深圳 2026WAIAC世界人工智能应用大会组委会 粉丝  5 2026WAIAC世界人工智能应用大会组委会 活动 3 粉丝 5 +关注 创业路演交流会（每人10-15分钟第5期（9月16周三下午） 今天 14:30 广东深圳 成婚教 /婚教盟/兴朋会 粉丝  539 成婚教 /婚教盟/兴朋会 活动 45 粉丝 539 +关注 AI AGENT PAYMENT 今天 18:30 广东深圳 Dogpay 粉丝  13 Dogpay 活动 1 粉丝 13 +关注 解锁你的内在世界 | 自我探索体验沙龙 今天 19:00 广东深圳 心鹏友 粉丝  80 心鹏友 活动 6 粉丝 80 +关注 亲密重建-如何谈不分手的恋爱 今天 19:00 广东深圳 启光幸福 粉丝  3 启光幸福 活动 5 粉丝 3 +关注 （已成深圳）AI时代OPC破局会｜如何在AI时代借助工具，轻资产入局完成商业闭环 今天 19:30 广东深圳 草莓小饼干 粉丝  658 草莓小饼干 活动 806 粉丝 658 +关注 AI全域内容矩阵营销获客和系统实操 今天 20:00 广东深圳 2026WAIAC世界人工智能应用大会组委会 粉丝  5 2026WAIAC世界人工智能应用大会组委会 活动 3 粉丝 5 +关注 破局腾飞——聚焦出海美洲市场研讨会 明天 08:30 广东深圳 深商会 粉丝  332 深商会 活动 10 粉丝 332 +关注 跨境生态加速大会 品牌无界 Brand Without Borders 明天 08:30 广东深圳 亿邦动力 粉丝  3 亿邦动力 活动 1 粉丝 3 +关注 Accelerate 跨境生态加速大会 明天 08:30 广东深圳 出海网跨境电商 粉丝  20613 出海网跨境电商 活动 206 粉丝 20613 +关注 硬科技相关投资实务解读及投资人能力提升 09/17 周四 ~ 09/18 周五 广东深圳 清科研究中心 粉丝  1302 清科研究中心 活动 175 粉丝 1302 +关注 数智化驱动下的制药新纪元论坛 明天 09:30 广东深圳 CPHI世界制药原料中国展 粉丝  3965 CPHI世界制药原料中国展 活动 96 粉丝 3965 +关注 2026医美工艺革新与质量升级分论坛-CPHI深圳制药工业展医美论坛 明天 09:30 广东深圳 CPHI世界制药原料中国展 粉丝  3965 CPHI世界制药原料中国展 活动 96 粉丝 3965 +关注 2026制药洁净合规及数字化升级研讨会 明天 10:00 广东深圳 CPHI世界制药原料中国展 粉丝  3965 CPHI世界制药原料中国展 活动 96 粉丝 3965 +关注 黑五爆单・Agent 引力 开启TikTok新达人经济时代 ——ScoreHub 2026 品牌大会 明天 13:00 广东深圳 品牌方舟BrandArk 粉丝  16229 品牌方舟BrandArk 活动 273 粉丝 16229 +关注 2026亚马逊新兴站点战略客户闭门会 明天 13:00 广东深圳 雨果跨境 粉丝  72881 雨果跨境 活动 1415 粉丝 72881 +关注 官方黑五诊室-1V1问诊 明天 13:00 广东深圳 品牌方舟BrandArk 粉丝  16229 品牌方舟BrandArk 活动 273 粉丝 16229 +关注 医美&功效护肤精准递送与剂型创新专题论坛 明天 13:00 广东深圳 CPHI世界制药原料中国展 粉丝  3965 CPHI世界制药原料中国展 活动 96 粉丝 3965 +关注 大湾区先进药物递送产业大会｜吸入、眼科、透皮、医美无创：四大赛道一次锁定 明天 13:00 广东深圳 CPHI世界制药原料中国展 粉丝  3965 CPHI世界制药原料中国展 活动 96 粉丝 3965 +关注 2026大湾区新药研发药效与安全性评价论坛 明天 13:30 广东深圳 CPHI世界制药原料中国展 粉丝  3965 CPHI世界制药原料中国展 活动 96 粉丝 3965 +关注,,,,https://www.huodongxing.com/event/1877748448800,,免费,活动行,广东省,深圳,活动行平台支付/报名
黑五爆单・Agent 引力 开启TikTok新达人经济时代 ——ScoreHub 2026 品牌大会,,网站导航 热门站点 全国站 北京站 上海站 广州站 深圳站 杭州站 武汉站 成都站 长沙站 精选推荐 首页 行业 生活 学习 找活动 找主办方 专题精选 人气榜 下载App 更多服务 找场地 活动百宝箱 主办方管理中心 主办方vip 活动行管家 大会解决方案 关注活动行 | 小程序 | 帮助中心 深圳 当前定位城市: 热门城市: 全国 北京 上海 广州 深圳 杭州 武汉 成都 长沙 南京 重庆 苏州 其它城市: 西安 郑州 厦门 天津 宁波 青岛 东莞 佛山 济南 珠海 合肥 福州 石家庄 昆明 查找更多城市 > 首页 分类 解决方案 场景方案 线上峰会/研讨会 从宣传推广、名单收集、直播互动、线下拍摄/导播、数据分析等一站式直播解决方案 活动行企业版 专为对品牌、数据安全要求较高的企业/商会协会/会展公司等打造的活动管理系统 数字云展厅 定制图文音视频展厅/元宇宙展厅，独立的展商详情页、商机收集等 私有化部署 快速私有化部署企业私有活动管理解决方案，支持阿里云、腾讯云、AWS等 免费创建 下载APP 业务合作 主办方中心 注册 / 登录 推荐 发现活动 人气榜 主办方 精选专题 意见反馈 回到顶部 城市: 全国 北京 上海 深圳 广州 杭州 成都 武汉 重庆 南京 苏州 长沙 西安 厦门 郑州 东莞 青岛 天津 宁波 昆明 香港 澳门 更多城市 分类: 时间: 全部 本周 本周末 1个月内 形式： 线下活动 线上活动 综合排序 最新发布 热门点击 最多参与 星际启元2026 WAIAC世界人工智能应用大会暨全球AI产业生态博览会 今天 14:30 广东深圳 2026WAIAC世界人工智能应用大会组委会 粉丝  5 2026WAIAC世界人工智能应用大会组委会 活动 3 粉丝 5 +关注 创业路演交流会（每人10-15分钟第5期（9月16周三下午） 今天 14:30 广东深圳 成婚教 /婚教盟/兴朋会 粉丝  539 成婚教 /婚教盟/兴朋会 活动 45 粉丝 539 +关注 AI AGENT PAYMENT 今天 18:30 广东深圳 Dogpay 粉丝  13 Dogpay 活动 1 粉丝 13 +关注 解锁你的内在世界 | 自我探索体验沙龙 今天 19:00 广东深圳 心鹏友 粉丝  80 心鹏友 活动 6 粉丝 80 +关注 亲密重建-如何谈不分手的恋爱 今天 19:00 广东深圳 启光幸福 粉丝  3 启光幸福 活动 5 粉丝 3 +关注 （已成深圳）AI时代OPC破局会｜如何在AI时代借助工具，轻资产入局完成商业闭环 今天 19:30 广东深圳 草莓小饼干 粉丝  658 草莓小饼干 活动 806 粉丝 658 +关注 AI全域内容矩阵营销获客和系统实操 今天 20:00 广东深圳 2026WAIAC世界人工智能应用大会组委会 粉丝  5 2026WAIAC世界人工智能应用大会组委会 活动 3 粉丝 5 +关注 破局腾飞——聚焦出海美洲市场研讨会 明天 08:30 广东深圳 深商会 粉丝  332 深商会 活动 10 粉丝 332 +关注 跨境生态加速大会 品牌无界 Brand Without Borders 明天 08:30 广东深圳 亿邦动力 粉丝  3 亿邦动力 活动 1 粉丝 3 +关注 Accelerate 跨境生态加速大会 明天 08:30 广东深圳 出海网跨境电商 粉丝  20613 出海网跨境电商 活动 206 粉丝 20613 +关注 硬科技相关投资实务解读及投资人能力提升 09/17 周四 ~ 09/18 周五 广东深圳 清科研究中心 粉丝  1302 清科研究中心 活动 175 粉丝 1302 +关注 数智化驱动下的制药新纪元论坛 明天 09:30 广东深圳 CPHI世界制药原料中国展 粉丝  3965 CPHI世界制药原料中国展 活动 96 粉丝 3965 +关注 2026医美工艺革新与质量升级分论坛-CPHI深圳制药工业展医美论坛 明天 09:30 广东深圳 CPHI世界制药原料中国展 粉丝  3965 CPHI世界制药原料中国展 活动 96 粉丝 3965 +关注 2026制药洁净合规及数字化升级研讨会 明天 10:00 广东深圳 CPHI世界制药原料中国展 粉丝  3965 CPHI世界制药原料中国展 活动 96 粉丝 3965 +关注 黑五爆单・Agent 引力 开启TikTok新达人经济时代 ——ScoreHub 2026 品牌大会 明天 13:00 广东深圳 品牌方舟BrandArk 粉丝  16229 品牌方舟BrandArk 活动 273 粉丝 16229 +关注 2026亚马逊新兴站点战略客户闭门会 明天 13:00 广东深圳 雨果跨境 粉丝  72881 雨果跨境 活动 1415 粉丝 72881 +关注 官方黑五诊室-1V1问诊 明天 13:00 广东深圳 品牌方舟BrandArk 粉丝  16229 品牌方舟BrandArk 活动 273 粉丝 16229 +关注 医美&功效护肤精准递送与剂型创新专题论坛 明天 13:00 广东深圳 CPHI世界制药原料中国展 粉丝  3965 CPHI世界制药原料中国展 活动 96 粉丝 3965 +关注 大湾区先进药物递送产业大会｜吸入、眼科、透皮、医美无创：四大赛道一次锁定 明天 13:00 广东深圳 CPHI世界制药原料中国展 粉丝  3965 CPHI世界制药原料中国展 活动 96 粉丝 3965 +关注 2026大湾区新药研发药效与安全性评价论坛 明天 13:30 广东深圳 CPHI世界制药原料中国展 粉丝  3965 CPHI世界制药原料中国展 活动 96 粉丝 3965 +关注,,,,https://www.huodongxing.com/event/1874456144411,,免费,活动行,广东省,深圳,活动行平台支付/报名
2026亚马逊新兴站点战略客户闭门会,,网站导航 热门站点 全国站 北京站 上海站 广州站 深圳站 杭州站 武汉站 成都站 长沙站 精选推荐 首页 行业 生活 学习 找活动 找主办方 专题精选 人气榜 下载App 更多服务 找场地 活动百宝箱 主办方管理中心 主办方vip 活动行管家 大会解决方案 关注活动行 | 小程序 | 帮助中心 深圳 当前定位城市: 热门城市: 全国 北京 上海 广州 深圳 杭州 武汉 成都 长沙 南京 重庆 苏州 其它城市: 西安 郑州 厦门 天津 宁波 青岛 东莞 佛山 济南 珠海 合肥 福州 石家庄 昆明 查找更多城市 > 首页 分类 解决方案 场景方案 线上峰会/研讨会 从宣传推广、名单收集、直播互动、线下拍摄/导播、数据分析等一站式直播解决方案 活动行企业版 专为对品牌、数据安全要求较高的企业/商会协会/会展公司等打造的活动管理系统 数字云展厅 定制图文音视频展厅/元宇宙展厅，独立的展商详情页、商机收集等 私有化部署 快速私有化部署企业私有活动管理解决方案，支持阿里云、腾讯云、AWS等 免费创建 下载APP 业务合作 主办方中心 注册 / 登录 推荐 发现活动 人气榜 主办方 精选专题 意见反馈 回到顶部 城市: 全国 北京 上海 深圳 广州 杭州 成都 武汉 重庆 南京 苏州 长沙 西安 厦门 郑州 东莞 青岛 天津 宁波 昆明 香港 澳门 更多城市 分类: 时间: 全部 本周 本周末 1个月内 形式： 线下活动 线上活动 综合排序 最新发布 热门点击 最多参与 星际启元2026 WAIAC世界人工智能应用大会暨全球AI产业生态博览会 今天 14:30 广东深圳 2026WAIAC世界人工智能应用大会组委会 粉丝  5 2026WAIAC世界人工智能应用大会组委会 活动 3 粉丝 5 +关注 创业路演交流会（每人10-15分钟第5期（9月16周三下午） 今天 14:30 广东深圳 成婚教 /婚教盟/兴朋会 粉丝  539 成婚教 /婚教盟/兴朋会 活动 45 粉丝 539 +关注 AI AGENT PAYMENT 今天 18:30 广东深圳 Dogpay 粉丝  13 Dogpay 活动 1 粉丝 13 +关注 解锁你的内在世界 | 自我探索体验沙龙 今天 19:00 广东深圳 心鹏友 粉丝  80 心鹏友 活动 6 粉丝 80 +关注 亲密重建-如何谈不分手的恋爱 今天 19:00 广东深圳 启光幸福 粉丝  3 启光幸福 活动 5 粉丝 3 +关注 （已成深圳）AI时代OPC破局会｜如何在AI时代借助工具，轻资产入局完成商业闭环 今天 19:30 广东深圳 草莓小饼干 粉丝  658 草莓小饼干 活动 806 粉丝 658 +关注 AI全域内容矩阵营销获客和系统实操 今天 20:00 广东深圳 2026WAIAC世界人工智能应用大会组委会 粉丝  5 2026WAIAC世界人工智能应用大会组委会 活动 3 粉丝 5 +关注 破局腾飞——聚焦出海美洲市场研讨会 明天 08:30 广东深圳 深商会 粉丝  332 深商会 活动 10 粉丝 332 +关注 跨境生态加速大会 品牌无界 Brand Without Borders 明天 08:30 广东深圳 亿邦动力 粉丝  3 亿邦动力 活动 1 粉丝 3 +关注 Accelerate 跨境生态加速大会 明天 08:30 广东深圳 出海网跨境电商 粉丝  20613 出海网跨境电商 活动 206 粉丝 20613 +关注 硬科技相关投资实务解读及投资人能力提升 09/17 周四 ~ 09/18 周五 广东深圳 清科研究中心 粉丝  1302 清科研究中心 活动 175 粉丝 1302 +关注 数智化驱动下的制药新纪元论坛 明天 09:30 广东深圳 CPHI世界制药原料中国展 粉丝  3965 CPHI世界制药原料中国展 活动 96 粉丝 3965 +关注 2026医美工艺革新与质量升级分论坛-CPHI深圳制药工业展医美论坛 明天 09:30 广东深圳 CPHI世界制药原料中国展 粉丝  3965 CPHI世界制药原料中国展 活动 96 粉丝 3965 +关注 2026制药洁净合规及数字化升级研讨会 明天 10:00 广东深圳 CPHI世界制药原料中国展 粉丝  3965 CPHI世界制药原料中国展 活动 96 粉丝 3965 +关注 黑五爆单・Agent 引力 开启TikTok新达人经济时代 ——ScoreHub 2026 品牌大会 明天 13:00 广东深圳 品牌方舟BrandArk 粉丝  16229 品牌方舟BrandArk 活动 273 粉丝 16229 +关注 2026亚马逊新兴站点战略客户闭门会 明天 13:00 广东深圳 雨果跨境 粉丝  72881 雨果跨境 活动 1415 粉丝 72881 +关注 官方黑五诊室-1V1问诊 明天 13:00 广东深圳 品牌方舟BrandArk 粉丝  16229 品牌方舟BrandArk 活动 273 粉丝 16229 +关注 医美&功效护肤精准递送与剂型创新专题论坛 明天 13:00 广东深圳 CPHI世界制药原料中国展 粉丝  3965 CPHI世界制药原料中国展 活动 96 粉丝 3965 +关注 大湾区先进药物递送产业大会｜吸入、眼科、透皮、医美无创：四大赛道一次锁定 明天 13:00 广东深圳 CPHI世界制药原料中国展 粉丝  3965 CPHI世界制药原料中国展 活动 96 粉丝 3965 +关注 2026大湾区新药研发药效与安全性评价论坛 明天 13:30 广东深圳 CPHI世界制药原料中国展 粉丝  3965 CPHI世界制药原料中国展 活动 96 粉丝 3965 +关注,,,,https://www.huodongxing.com/event/1876761640500,,免费,活动行,广东省,深圳,活动行平台支付/报名
官方黑五诊室-1V1问诊,,网站导航 热门站点 全国站 北京站 上海站 广州站 深圳站 杭州站 武汉站 成都站 长沙站 精选推荐 首页 行业 生活 学习 找活动 找主办方 专题精选 人气榜 下载App 更多服务 找场地 活动百宝箱 主办方管理中心 主办方vip 活动行管家 大会解决方案 关注活动行 | 小程序 | 帮助中心 深圳 当前定位城市: 热门城市: 全国 北京 上海 广州 深圳 杭州 武汉 成都 长沙 南京 重庆 苏州 其它城市: 西安 郑州 厦门 天津 宁波 青岛 东莞 佛山 济南 珠海 合肥 福州 石家庄 昆明 查找更多城市 > 首页 分类 解决方案 场景方案 线上峰会/研讨会 从宣传推广、名单收集、直播互动、线下拍摄/导播、数据分析等一站式直播解决方案 活动行企业版 专为对品牌、数据安全要求较高的企业/商会协会/会展公司等打造的活动管理系统 数字云展厅 定制图文音视频展厅/元宇宙展厅，独立的展商详情页、商机收集等 私有化部署 快速私有化部署企业私有活动管理解决方案，支持阿里云、腾讯云、AWS等 免费创建 下载APP 业务合作 主办方中心 注册 / 登录 推荐 发现活动 人气榜 主办方 精选专题 意见反馈 回到顶部 城市: 全国 北京 上海 深圳 广州 杭州 成都 武汉 重庆 南京 苏州 长沙 西安 厦门 郑州 东莞 青岛 天津 宁波 昆明 香港 澳门 更多城市 分类: 时间: 全部 本周 本周末 1个月内 形式： 线下活动 线上活动 综合排序 最新发布 热门点击 最多参与 星际启元2026 WAIAC世界人工智能应用大会暨全球AI产业生态博览会 今天 14:30 广东深圳 2026WAIAC世界人工智能应用大会组委会 粉丝  5 2026WAIAC世界人工智能应用大会组委会 活动 3 粉丝 5 +关注 创业路演交流会（每人10-15分钟第5期（9月16周三下午） 今天 14:30 广东深圳 成婚教 /婚教盟/兴朋会 粉丝  539 成婚教 /婚教盟/兴朋会 活动 45 粉丝 539 +关注 AI AGENT PAYMENT 今天 18:30 广东深圳 Dogpay 粉丝  13 Dogpay 活动 1 粉丝 13 +关注 解锁你的内在世界 | 自我探索体验沙龙 今天 19:00 广东深圳 心鹏友 粉丝  80 心鹏友 活动 6 粉丝 80 +关注 亲密重建-如何谈不分手的恋爱 今天 19:00 广东深圳 启光幸福 粉丝  3 启光幸福 活动 5 粉丝 3 +关注 （已成深圳）AI时代OPC破局会｜如何在AI时代借助工具，轻资产入局完成商业闭环 今天 19:30 广东深圳 草莓小饼干 粉丝  658 草莓小饼干 活动 806 粉丝 658 +关注 AI全域内容矩阵营销获客和系统实操 今天 20:00 广东深圳 2026WAIAC世界人工智能应用大会组委会 粉丝  5 2026WAIAC世界人工智能应用大会组委会 活动 3 粉丝 5 +关注 破局腾飞——聚焦出海美洲市场研讨会 明天 08:30 广东深圳 深商会 粉丝  332 深商会 活动 10 粉丝 332 +关注 跨境生态加速大会 品牌无界 Brand Without Borders 明天 08:30 广东深圳 亿邦动力 粉丝  3 亿邦动力 活动 1 粉丝 3 +关注 Accelerate 跨境生态加速大会 明天 08:30 广东深圳 出海网跨境电商 粉丝  20613 出海网跨境电商 活动 206 粉丝 20613 +关注 硬科技相关投资实务解读及投资人能力提升 09/17 周四 ~ 09/18 周五 广东深圳 清科研究中心 粉丝  1302 清科研究中心 活动 175 粉丝 1302 +关注 数智化驱动下的制药新纪元论坛 明天 09:30 广东深圳 CPHI世界制药原料中国展 粉丝  3965 CPHI世界制药原料中国展 活动 96 粉丝 3965 +关注 2026医美工艺革新与质量升级分论坛-CPHI深圳制药工业展医美论坛 明天 09:30 广东深圳 CPHI世界制药原料中国展 粉丝  3965 CPHI世界制药原料中国展 活动 96 粉丝 3965 +关注 2026制药洁净合规及数字化升级研讨会 明天 10:00 广东深圳 CPHI世界制药原料中国展 粉丝  3965 CPHI世界制药原料中国展 活动 96 粉丝 3965 +关注 黑五爆单・Agent 引力 开启TikTok新达人经济时代 ——ScoreHub 2026 品牌大会 明天 13:00 广东深圳 品牌方舟BrandArk 粉丝  16229 品牌方舟BrandArk 活动 273 粉丝 16229 +关注 2026亚马逊新兴站点战略客户闭门会 明天 13:00 广东深圳 雨果跨境 粉丝  72881 雨果跨境 活动 1415 粉丝 72881 +关注 官方黑五诊室-1V1问诊 明天 13:00 广东深圳 品牌方舟BrandArk 粉丝  16229 品牌方舟BrandArk 活动 273 粉丝 16229 +关注 医美&功效护肤精准递送与剂型创新专题论坛 明天 13:00 广东深圳 CPHI世界制药原料中国展 粉丝  3965 CPHI世界制药原料中国展 活动 96 粉丝 3965 +关注 大湾区先进药物递送产业大会｜吸入、眼科、透皮、医美无创：四大赛道一次锁定 明天 13:00 广东深圳 CPHI世界制药原料中国展 粉丝  3965 CPHI世界制药原料中国展 活动 96 粉丝 3965 +关注 2026大湾区新药研发药效与安全性评价论坛 明天 13:30 广东深圳 CPHI世界制药原料中国展 粉丝  3965 CPHI世界制药原料中国展 活动 96 粉丝 3965 +关注,,,,https://www.huodongxing.com/event/4878458249811,,免费,活动行,广东省,深圳,活动行平台支付/报名
医美&功效护肤精准递送与剂型创新专题论坛,,网站导航 热门站点 全国站 北京站 上海站 广州站 深圳站 杭州站 武汉站 成都站 长沙站 精选推荐 首页 行业 生活 学习 找活动 找主办方 专题精选 人气榜 下载App 更多服务 找场地 活动百宝箱 主办方管理中心 主办方vip 活动行管家 大会解决方案 关注活动行 | 小程序 | 帮助中心 深圳 当前定位城市: 热门城市: 全国 北京 上海 广州 深圳 杭州 武汉 成都 长沙 南京 重庆 苏州 其它城市: 西安 郑州 厦门 天津 宁波 青岛 东莞 佛山 济南 珠海 合肥 福州 石家庄 昆明 查找更多城市 > 首页 分类 解决方案 场景方案 线上峰会/研讨会 从宣传推广、名单收集、直播互动、线下拍摄/导播、数据分析等一站式直播解决方案 活动行企业版 专为对品牌、数据安全要求较高的企业/商会协会/会展公司等打造的活动管理系统 数字云展厅 定制图文音视频展厅/元宇宙展厅，独立的展商详情页、商机收集等 私有化部署 快速私有化部署企业私有活动管理解决方案，支持阿里云、腾讯云、AWS等 免费创建 下载APP 业务合作 主办方中心 注册 / 登录 推荐 发现活动 人气榜 主办方 精选专题 意见反馈 回到顶部 城市: 全国 北京 上海 深圳 广州 杭州 成都 武汉 重庆 南京 苏州 长沙 西安 厦门 郑州 东莞 青岛 天津 宁波 昆明 香港 澳门 更多城市 分类: 时间: 全部 本周 本周末 1个月内 形式： 线下活动 线上活动 综合排序 最新发布 热门点击 最多参与 星际启元2026 WAIAC世界人工智能应用大会暨全球AI产业生态博览会 今天 14:30 广东深圳 2026WAIAC世界人工智能应用大会组委会 粉丝  5 2026WAIAC世界人工智能应用大会组委会 活动 3 粉丝 5 +关注 创业路演交流会（每人10-15分钟第5期（9月16周三下午） 今天 14:30 广东深圳 成婚教 /婚教盟/兴朋会 粉丝  539 成婚教 /婚教盟/兴朋会 活动 45 粉丝 539 +关注 AI AGENT PAYMENT 今天 18:30 广东深圳 Dogpay 粉丝  13 Dogpay 活动 1 粉丝 13 +关注 解锁你的内在世界 | 自我探索体验沙龙 今天 19:00 广东深圳 心鹏友 粉丝  80 心鹏友 活动 6 粉丝 80 +关注 亲密重建-如何谈不分手的恋爱 今天 19:00 广东深圳 启光幸福 粉丝  3 启光幸福 活动 5 粉丝 3 +关注 （已成深圳）AI时代OPC破局会｜如何在AI时代借助工具，轻资产入局完成商业闭环 今天 19:30 广东深圳 草莓小饼干 粉丝  658 草莓小饼干 活动 806 粉丝 658 +关注 AI全域内容矩阵营销获客和系统实操 今天 20:00 广东深圳 2026WAIAC世界人工智能应用大会组委会 粉丝  5 2026WAIAC世界人工智能应用大会组委会 活动 3 粉丝 5 +关注 破局腾飞——聚焦出海美洲市场研讨会 明天 08:30 广东深圳 深商会 粉丝  332 深商会 活动 10 粉丝 332 +关注 跨境生态加速大会 品牌无界 Brand Without Borders 明天 08:30 广东深圳 亿邦动力 粉丝  3 亿邦动力 活动 1 粉丝 3 +关注 Accelerate 跨境生态加速大会 明天 08:30 广东深圳 出海网跨境电商 粉丝  20613 出海网跨境电商 活动 206 粉丝 20613 +关注 硬科技相关投资实务解读及投资人能力提升 09/17 周四 ~ 09/18 周五 广东深圳 清科研究中心 粉丝  1302 清科研究中心 活动 175 粉丝 1302 +关注 数智化驱动下的制药新纪元论坛 明天 09:30 广东深圳 CPHI世界制药原料中国展 粉丝  3965 CPHI世界制药原料中国展 活动 96 粉丝 3965 +关注 2026医美工艺革新与质量升级分论坛-CPHI深圳制药工业展医美论坛 明天 09:30 广东深圳 CPHI世界制药原料中国展 粉丝  3965 CPHI世界制药原料中国展 活动 96 粉丝 3965 +关注 2026制药洁净合规及数字化升级研讨会 明天 10:00 广东深圳 CPHI世界制药原料中国展 粉丝  3965 CPHI世界制药原料中国展 活动 96 粉丝 3965 +关注 黑五爆单・Agent 引力 开启TikTok新达人经济时代 ——ScoreHub 2026 品牌大会 明天 13:00 广东深圳 品牌方舟BrandArk 粉丝  16229 品牌方舟BrandArk 活动 273 粉丝 16229 +关注 2026亚马逊新兴站点战略客户闭门会 明天 13:00 广东深圳 雨果跨境 粉丝  72881 雨果跨境 活动 1415 粉丝 72881 +关注 官方黑五诊室-1V1问诊 明天 13:00 广东深圳 品牌方舟BrandArk 粉丝  16229 品牌方舟BrandArk 活动 273 粉丝 16229 +关注 医美&功效护肤精准递送与剂型创新专题论坛 明天 13:00 广东深圳 CPHI世界制药原料中国展 粉丝  3965 CPHI世界制药原料中国展 活动 96 粉丝 3965 +关注 大湾区先进药物递送产业大会｜吸入、眼科、透皮、医美无创：四大赛道一次锁定 明天 13:00 广东深圳 CPHI世界制药原料中国展 粉丝  3965 CPHI世界制药原料中国展 活动 96 粉丝 3965 +关注 2026大湾区新药研发药效与安全性评价论坛 明天 13:30 广东深圳 CPHI世界制药原料中国展 粉丝  3965 CPHI世界制药原料中国展 活动 96 粉丝 3965 +关注,,,,https://www.huodongxing.com/event/1876071497300,,免费,活动行,广东省,深圳,活动行平台支付/报名
大湾区先进药物递送产业大会｜吸入、眼科、透皮、医美无创：四大赛道一次锁定,,网站导航 热门站点 全国站 北京站 上海站 广州站 深圳站 杭州站 武汉站 成都站 长沙站 精选推荐 首页 行业 生活 学习 找活动 找主办方 专题精选 人气榜 下载App 更多服务 找场地 活动百宝箱 主办方管理中心 主办方vip 活动行管家 大会解决方案 关注活动行 | 小程序 | 帮助中心 深圳 当前定位城市: 热门城市: 全国 北京 上海 广州 深圳 杭州 武汉 成都 长沙 南京 重庆 苏州 其它城市: 西安 郑州 厦门 天津 宁波 青岛 东莞 佛山 济南 珠海 合肥 福州 石家庄 昆明 查找更多城市 > 首页 分类 解决方案 场景方案 线上峰会/研讨会 从宣传推广、名单收集、直播互动、线下拍摄/导播、数据分析等一站式直播解决方案 活动行企业版 专为对品牌、数据安全要求较高的企业/商会协会/会展公司等打造的活动管理系统 数字云展厅 定制图文音视频展厅/元宇宙展厅，独立的展商详情页、商机收集等 私有化部署 快速私有化部署企业私有活动管理解决方案，支持阿里云、腾讯云、AWS等 免费创建 下载APP 业务合作 主办方中心 注册 / 登录 推荐 发现活动 人气榜 主办方 精选专题 意见反馈 回到顶部 城市: 全国 北京 上海 深圳 广州 杭州 成都 武汉 重庆 南京 苏州 长沙 西安 厦门 郑州 东莞 青岛 天津 宁波 昆明 香港 澳门 更多城市 分类: 时间: 全部 本周 本周末 1个月内 形式： 线下活动 线上活动 综合排序 最新发布 热门点击 最多参与 星际启元2026 WAIAC世界人工智能应用大会暨全球AI产业生态博览会 今天 14:30 广东深圳 2026WAIAC世界人工智能应用大会组委会 粉丝  5 2026WAIAC世界人工智能应用大会组委会 活动 3 粉丝 5 +关注 创业路演交流会（每人10-15分钟第5期（9月16周三下午） 今天 14:30 广东深圳 成婚教 /婚教盟/兴朋会 粉丝  539 成婚教 /婚教盟/兴朋会 活动 45 粉丝 539 +关注 AI AGENT PAYMENT 今天 18:30 广东深圳 Dogpay 粉丝  13 Dogpay 活动 1 粉丝 13 +关注 解锁你的内在世界 | 自我探索体验沙龙 今天 19:00 广东深圳 心鹏友 粉丝  80 心鹏友 活动 6 粉丝 80 +关注 亲密重建-如何谈不分手的恋爱 今天 19:00 广东深圳 启光幸福 粉丝  3 启光幸福 活动 5 粉丝 3 +关注 （已成深圳）AI时代OPC破局会｜如何在AI时代借助工具，轻资产入局完成商业闭环 今天 19:30 广东深圳 草莓小饼干 粉丝  658 草莓小饼干 活动 806 粉丝 658 +关注 AI全域内容矩阵营销获客和系统实操 今天 20:00 广东深圳 2026WAIAC世界人工智能应用大会组委会 粉丝  5 2026WAIAC世界人工智能应用大会组委会 活动 3 粉丝 5 +关注 破局腾飞——聚焦出海美洲市场研讨会 明天 08:30 广东深圳 深商会 粉丝  332 深商会 活动 10 粉丝 332 +关注 跨境生态加速大会 品牌无界 Brand Without Borders 明天 08:30 广东深圳 亿邦动力 粉丝  3 亿邦动力 活动 1 粉丝 3 +关注 Accelerate 跨境生态加速大会 明天 08:30 广东深圳 出海网跨境电商 粉丝  20613 出海网跨境电商 活动 206 粉丝 20613 +关注 硬科技相关投资实务解读及投资人能力提升 09/17 周四 ~ 09/18 周五 广东深圳 清科研究中心 粉丝  1302 清科研究中心 活动 175 粉丝 1302 +关注 数智化驱动下的制药新纪元论坛 明天 09:30 广东深圳 CPHI世界制药原料中国展 粉丝  3965 CPHI世界制药原料中国展 活动 96 粉丝 3965 +关注 2026医美工艺革新与质量升级分论坛-CPHI深圳制药工业展医美论坛 明天 09:30 广东深圳 CPHI世界制药原料中国展 粉丝  3965 CPHI世界制药原料中国展 活动 96 粉丝 3965 +关注 2026制药洁净合规及数字化升级研讨会 明天 10:00 广东深圳 CPHI世界制药原料中国展 粉丝  3965 CPHI世界制药原料中国展 活动 96 粉丝 3965 +关注 黑五爆单・Agent 引力 开启TikTok新达人经济时代 ——ScoreHub 2026 品牌大会 明天 13:00 广东深圳 品牌方舟BrandArk 粉丝  16229 品牌方舟BrandArk 活动 273 粉丝 16229 +关注 2026亚马逊新兴站点战略客户闭门会 明天 13:00 广东深圳 雨果跨境 粉丝  72881 雨果跨境 活动 1415 粉丝 72881 +关注 官方黑五诊室-1V1问诊 明天 13:00 广东深圳 品牌方舟BrandArk 粉丝  16229 品牌方舟BrandArk 活动 273 粉丝 16229 +关注 医美&功效护肤精准递送与剂型创新专题论坛 明天 13:00 广东深圳 CPHI世界制药原料中国展 粉丝  3965 CPHI世界制药原料中国展 活动 96 粉丝 3965 +关注 大湾区先进药物递送产业大会｜吸入、眼科、透皮、医美无创：四大赛道一次锁定 明天 13:00 广东深圳 CPHI世界制药原料中国展 粉丝  3965 CPHI世界制药原料中国展 活动 96 粉丝 3965 +关注 2026大湾区新药研发药效与安全性评价论坛 明天 13:30 广东深圳 CPHI世界制药原料中国展 粉丝  3965 CPHI世界制药原料中国展 活动 96 粉丝 3965 +关注,,,,https://www.huodongxing.com/event/5876046015411,,免费,活动行,广东省,深圳,活动行平台支付/报名
2026大湾区新药研发药效与安全性评价论坛,,网站导航 热门站点 全国站 北京站 上海站 广州站 深圳站 杭州站 武汉站 成都站 长沙站 精选推荐 首页 行业 生活 学习 找活动 找主办方 专题精选 人气榜 下载App 更多服务 找场地 活动百宝箱 主办方管理中心 主办方vip 活动行管家 大会解决方案 关注活动行 | 小程序 | 帮助中心 深圳 当前定位城市: 热门城市: 全国 北京 上海 广州 深圳 杭州 武汉 成都 长沙 南京 重庆 苏州 其它城市: 西安 郑州 厦门 天津 宁波 青岛 东莞 佛山 济南 珠海 合肥 福州 石家庄 昆明 查找更多城市 > 首页 分类 解决方案 场景方案 线上峰会/研讨会 从宣传推广、名单收集、直播互动、线下拍摄/导播、数据分析等一站式直播解决方案 活动行企业版 专为对品牌、数据安全要求较高的企业/商会协会/会展公司等打造的活动管理系统 数字云展厅 定制图文音视频展厅/元宇宙展厅，独立的展商详情页、商机收集等 私有化部署 快速私有化部署企业私有活动管理解决方案，支持阿里云、腾讯云、AWS等 免费创建 下载APP 业务合作 主办方中心 注册 / 登录 推荐 发现活动 人气榜 主办方 精选专题 意见反馈 回到顶部 城市: 全国 北京 上海 深圳 广州 杭州 成都 武汉 重庆 南京 苏州 长沙 西安 厦门 郑州 东莞 青岛 天津 宁波 昆明 香港 澳门 更多城市 分类: 时间: 全部 本周 本周末 1个月内 形式： 线下活动 线上活动 综合排序 最新发布 热门点击 最多参与 星际启元2026 WAIAC世界人工智能应用大会暨全球AI产业生态博览会 今天 14:30 广东深圳 2026WAIAC世界人工智能应用大会组委会 粉丝  5 2026WAIAC世界人工智能应用大会组委会 活动 3 粉丝 5 +关注 创业路演交流会（每人10-15分钟第5期（9月16周三下午） 今天 14:30 广东深圳 成婚教 /婚教盟/兴朋会 粉丝  539 成婚教 /婚教盟/兴朋会 活动 45 粉丝 539 +关注 AI AGENT PAYMENT 今天 18:30 广东深圳 Dogpay 粉丝  13 Dogpay 活动 1 粉丝 13 +关注 解锁你的内在世界 | 自我探索体验沙龙 今天 19:00 广东深圳 心鹏友 粉丝  80 心鹏友 活动 6 粉丝 80 +关注 亲密重建-如何谈不分手的恋爱 今天 19:00 广东深圳 启光幸福 粉丝  3 启光幸福 活动 5 粉丝 3 +关注 （已成深圳）AI时代OPC破局会｜如何在AI时代借助工具，轻资产入局完成商业闭环 今天 19:30 广东深圳 草莓小饼干 粉丝  658 草莓小饼干 活动 806 粉丝 658 +关注 AI全域内容矩阵营销获客和系统实操 今天 20:00 广东深圳 2026WAIAC世界人工智能应用大会组委会 粉丝  5 2026WAIAC世界人工智能应用大会组委会 活动 3 粉丝 5 +关注 破局腾飞——聚焦出海美洲市场研讨会 明天 08:30 广东深圳 深商会 粉丝  332 深商会 活动 10 粉丝 332 +关注 跨境生态加速大会 品牌无界 Brand Without Borders 明天 08:30 广东深圳 亿邦动力 粉丝  3 亿邦动力 活动 1 粉丝 3 +关注 Accelerate 跨境生态加速大会 明天 08:30 广东深圳 出海网跨境电商 粉丝  20613 出海网跨境电商 活动 206 粉丝 20613 +关注 硬科技相关投资实务解读及投资人能力提升 09/17 周四 ~ 09/18 周五 广东深圳 清科研究中心 粉丝  1302 清科研究中心 活动 175 粉丝 1302 +关注 数智化驱动下的制药新纪元论坛 明天 09:30 广东深圳 CPHI世界制药原料中国展 粉丝  3965 CPHI世界制药原料中国展 活动 96 粉丝 3965 +关注 2026医美工艺革新与质量升级分论坛-CPHI深圳制药工业展医美论坛 明天 09:30 广东深圳 CPHI世界制药原料中国展 粉丝  3965 CPHI世界制药原料中国展 活动 96 粉丝 3965 +关注 2026制药洁净合规及数字化升级研讨会 明天 10:00 广东深圳 CPHI世界制药原料中国展 粉丝  3965 CPHI世界制药原料中国展 活动 96 粉丝 3965 +关注 黑五爆单・Agent 引力 开启TikTok新达人经济时代 ——ScoreHub 2026 品牌大会 明天 13:00 广东深圳 品牌方舟BrandArk 粉丝  16229 品牌方舟BrandArk 活动 273 粉丝 16229 +关注 2026亚马逊新兴站点战略客户闭门会 明天 13:00 广东深圳 雨果跨境 粉丝  72881 雨果跨境 活动 1415 粉丝 72881 +关注 官方黑五诊室-1V1问诊 明天 13:00 广东深圳 品牌方舟BrandArk 粉丝  16229 品牌方舟BrandArk 活动 273 粉丝 16229 +关注 医美&功效护肤精准递送与剂型创新专题论坛 明天 13:00 广东深圳 CPHI世界制药原料中国展 粉丝  3965 CPHI世界制药原料中国展 活动 96 粉丝 3965 +关注 大湾区先进药物递送产业大会｜吸入、眼科、透皮、医美无创：四大赛道一次锁定 明天 13:00 广东深圳 CPHI世界制药原料中国展 粉丝  3965 CPHI世界制药原料中国展 活动 96 粉丝 3965 +关注 2026大湾区新药研发药效与安全性评价论坛 明天 13:30 广东深圳 CPHI世界制药原料中国展 粉丝  3965 CPHI世界制药原料中国展 活动 96 粉丝 3965 +关注,,,,https://www.huodongxing.com/event/5874576562200,,免费,活动行,广东省,深圳,活动行平台支付/报名
好人好梦—黑鸭子组合 2026 经典金曲专场音乐会,,2026-11-29 19:30,,,北京,https://www.showstart.com/event/307482,,¥153起,演出/Livehouse,北京市,北京,秀动网
聚合实验室 vol.27,,2026-09-25 20:00,,,上海,https://www.showstart.com/event/309203,,¥60,演出/Livehouse,上海市,上海,秀动网
【大乐】《加勒比海盗&权力的游戏》超燃史诗影视作品交响音乐会,,2026-11-22 14:00,,,上海,https://www.showstart.com/event/310264,,¥80起,演出/Livehouse,上海市,上海,秀动网
Buy Tickets Kings of Convenience — China Tour 2026,,"Buy Tickets Kings of Convenience — China Tour 2026 Tue, Nov 24, 2026 at Star@ Culture Center",,,Shanghai,https://www.smartshanghai.com/event/kings-of-convenience-china-tour-2026-2026-11-24,,,SmartShanghai,上海市,上海,
Buy Tickets ERA2 - Spirit Of Shanghai,,Buy Tickets ERA2 - Spirit Of Shanghai Daily except Mon at Shanghai Circus World,,,Shanghai,https://www.smartshanghai.com/event/era2-spirit-of-shanghai-at-shanghai-circus-world,,,SmartShanghai,上海市,上海,
"Buy Tickets The Wooten Brothers – Jazz, Funk & Soul Live in Shanghai",,"Buy Tickets The Wooten Brothers – Jazz, Funk & Soul Live in Shanghai Sat, Oct 31, 2026 at Echoland Shanghai",,,Shanghai,https://www.smartshanghai.com/event/the-wooten-brothers-jazz-funk-soul-live-in-shanghai-2026-10-31,,,SmartShanghai,上海市,上海,
Buy Tickets Belle and Sebastian 30th Anniversary Tour,,"Buy Tickets Belle and Sebastian 30th Anniversary Tour Tue, Sep 29, 2026 at VAS est",,,Shanghai,https://www.smartshanghai.com/event/belle-and-sebastian-30th-anniversary-tour-2026-09-29,,,SmartShanghai,上海市,上海,
Buy Tickets The Phantom of the Opera,,Buy Tickets The Phantom of the Opera From Sep 29 until Dec 27 at Grand Theatre,,,Shanghai,https://www.smartshanghai.com/event/the-phantom-of-the-opera,,,SmartShanghai,上海市,上海,
Buy Tickets [Shanghai] The Vaccines 2026 Anniversary Tour,,"Buy Tickets [Shanghai] The Vaccines 2026 Anniversary Tour Tue, Sep 22, 2026 at VAS est",,,Shanghai,https://www.smartshanghai.com/event/the-vaccines-2026-anniversary-tour-shanghai-2026-09-22,,,SmartShanghai,上海市,上海,
Buy Tickets Immersive Virtual Reality Theatre: TAIXU DreamScape,,"Buy Tickets Immersive Virtual Reality Theatre: TAIXU DreamScape Daily except Mon, Tue & Wed at MIFA 1862",,,Shanghai,https://www.smartshanghai.com/event/immersive-virtual-reality-theatre-taixu-dreamscape,,,SmartShanghai,上海市,上海,
Kristóf Baráti plays Bach Sonatas & Partitas for...,,"Kristóf Baráti plays Bach Sonatas & Partitas for... Sat, Sep 19 @ Grand Theatre",,,Shanghai,https://www.smartshanghai.com/event/kristof-barati-plays-bach-sonatas-partitas-for-solo-violin-2026-09-19,,,SmartShanghai,上海市,上海,
Divas Live - Pop Queens Unite,,"Divas Live - Pop Queens Unite Sun, Sep 20 @ The Pearl",,,Shanghai,https://www.smartshanghai.com/event/divas-live-pop-queens-unite-at-the-pearl-2026-02-04,,,SmartShanghai,上海市,上海,
Oleg Roschin Quartet — Original Flow,,Oleg Roschin Quartet — Original Flow From Sep 20 @ Jazz at Lincoln Center,,,Shanghai,https://www.smartshanghai.com/event/oleg-roschin-quartet-original-flow,,,SmartShanghai,上海市,上海,
Kirill Gerstein Piano Recital,,"Kirill Gerstein Piano Recital Mon, Sep 21 @ Shanghai Concert Hall",,,Shanghai,https://www.smartshanghai.com/event/kirill-gerstein-piano-recital-2026-09-21,,,SmartShanghai,上海市,上海,
Cantonese Drama: The Golden Cangue Sep 18 and Sep 19,,Cantonese Drama: The Golden Cangue Sep 18 and Sep 19 @ Theatre YOUNG,,,Shanghai,https://www.smartshanghai.com/event/cantonese-drama-the-golden-cangue,,,SmartShanghai,上海市,上海,
Catalan Language Musical: L'alegria que passa,,Catalan Language Musical: L'alegria que passa From Sep 18 @ Shanghai Culture Square,,,Shanghai,https://www.smartshanghai.com/event/l-algria-que-passa,,,SmartShanghai,上海市,上海,
ACT Shanghai Contemporary Theatre Festival 2026: FUSÉES Sep 18 and Sep 19,,ACT Shanghai Contemporary Theatre Festival 2026: FUSÉES Sep 18 and Sep 19 @ Shanghai Dramatic Arts Centre,,,Shanghai,https://www.smartshanghai.com/event/act-shanghai-contemporary-theatre-festival-2026-fusees,,,SmartShanghai,上海市,上海,
The Pearl Presents Julius Frack: Live Magic & Illusion,,"The Pearl Presents Julius Frack: Live Magic & Illusion Fri, Sep 18 @ The Pearl",,,Shanghai,https://www.smartshanghai.com/event/the-pearl-presents-julius-frack-live-magic-illusion-2026-09-18,,,SmartShanghai,上海市,上海,
Sunset Boulevard Immersive Music-Themed Party,,"Sunset Boulevard Immersive Music-Themed Party Sat, Sep 19 @ The Pearl",,,Shanghai,https://www.smartshanghai.com/event/sunset-boulevard-immersive-music-themed-party-2026-09-19,,,SmartShanghai,上海市,上海,
The Stage: Shanghai’s Open-Air Skyline Deck,,The Stage: Shanghai’s Open-Air Skyline Deck Daily except Mon @ The Stage,,,Shanghai,https://www.smartshanghai.com/event/the-stage-shanghai-s-open-air-skyline-deck-at-the-stage,,,SmartShanghai,上海市,上海,
Jinmao Tower Sky Walk and Observation Deck,,Jinmao Tower Sky Walk and Observation Deck Daily @ Jinmao Skywalk,,,Shanghai,https://www.smartshanghai.com/event/jinmao-tower-sky-walk-at-jinmao-skywalk,,,SmartShanghai,上海市,上海,
Shanghai Madame Tussauds One-Day Pass,,Shanghai Madame Tussauds One-Day Pass Daily @ Madame Tussaud's,,,Shanghai,https://www.smartshanghai.com/event/shanghai-madame-tussauds-one-day-pass-at-madame-tussaud-s,,,SmartShanghai,上海市,上海,
L’Estate Italiana: Italian Summer Flavors Land at...,,L’Estate Italiana: Italian Summer Flavors Land at... Daily @ La Terraza,,,Shanghai,https://www.smartshanghai.com/event/l-estate-italiana-italian-summer-flavors-land-at-bvlgari-shanghai-at-il-bar-bvlgari-hotel-shanghai,,,SmartShanghai,上海市,上海,
Suzhou Eye Entry Ticket,,Suzhou Eye Entry Ticket Daily @ Suzhou Eye,,,Shanghai,https://www.smartshanghai.com/event/suzhou-eye,,,SmartShanghai,上海市,上海,
Bluey's Big Treasure Hunt,,"Bluey's Big Treasure Hunt Fri, Sep 18 @ Hongqiao Art Centre",,,Shanghai,https://www.smartshanghai.com/event/bluey-s-big-treasure-hunt-2026-09-18,,,SmartShanghai,上海市,上海,
The Beatles and the British Invasion,,"The Beatles and the British Invasion Sun, Sep 27 @ The Pearl",,,Shanghai,https://www.smartshanghai.com/event/the-beatles-and-the-british-invasion-at-the-pearl-2025-12-28,,,SmartShanghai,上海市,上海,
"Hickory Dickory Dock - English Interactive Puppet Show Oct 1-7, 11",,"Hickory Dickory Dock - English Interactive Puppet Show Oct 1-7, 11 @ Little Player Theatre",,,Shanghai,https://www.smartshanghai.com/event/hickory-dickory-dock-english-interactive-puppet-show,,,SmartShanghai,上海市,上海,
Sound from Austria: Vienna Boys Choir Concert,,"Sound from Austria: Vienna Boys Choir Concert Tue, Oct 6 @ SHOAC",,,Shanghai,https://www.smartshanghai.com/event/sound-from-austria-vienna-boys-choir-concert-2026-10-06,,,SmartShanghai,上海市,上海,
PURE Complimentary One-Time Trial Free Pass,,PURE Complimentary One-Time Trial Free Pass Daily @ PURE Fitness  and 4 more venues,,,Shanghai,https://www.smartshanghai.com/event/pure-complimentary-one-time-trial-free-pass-at-pure-fitness,,,SmartShanghai,上海市,上海,
Tennis Class for Beginners (Xuhui),,Tennis Class for Beginners (Xuhui) Daily @ Tennisline International Tennis Academy (Xuhui),,,Shanghai,https://www.smartshanghai.com/event/tennis-class-for-beginners-xuhui-at-tennisline-shanghai,,,SmartShanghai,上海市,上海,
Art for Toddlers (Ages 2–3) – Trial Class,,Art for Toddlers (Ages 2–3) – Trial Class Daily except Mon & Tue @ MCAA (Meraki Contemporary Art Academy),,,Shanghai,https://www.smartshanghai.com/event/art-trial-class-art-early-education-doodle-for-toddlers-ages-2-3-at-mcaa-meraki-contemporary-art-academy,,,SmartShanghai,上海市,上海,
Art for Kids (Ages 4–9) – Trial Class,,Art for Kids (Ages 4–9) – Trial Class Daily except Mon & Tue @ MCAA (Meraki Contemporary Art Academy),,,Shanghai,https://www.smartshanghai.com/event/art-trial-class-core-art-program-for-ages-4-9,,,SmartShanghai,上海市,上海,
Art for Teens (Ages 9–15) – Trial Class,,Art for Teens (Ages 9–15) – Trial Class Daily except Mon & Tue @ MCAA (Meraki Contemporary Art Academy),,,Shanghai,https://www.smartshanghai.com/event/art-course-for-ages-9-15-art-trial-class,,,SmartShanghai,上海市,上海,
We Lost The Sea (AUS) Today,,We Lost The Sea (AUS) Today @ VAS ear,,,Shanghai,https://www.smartshanghai.com/event/we-lost-the-sea-aus-2026-09-16,,,SmartShanghai,上海市,上海,
"North Balcony, Boom The Island, Lily & the Blue Vortex Tomorrow",,"North Balcony, Boom The Island, Lily & the Blue Vortex Tomorrow @ Yuyintown Basement",,,Shanghai,https://www.smartshanghai.com/event/north-balcony-boom-the-island-lily-the-blue-vortex-2026-09-17,,,SmartShanghai,上海市,上海,
"Heretoir (GER), Unreqvited (CAN)",,"Heretoir (GER), Unreqvited (CAN) Fri, Sep 18 @ MAO LH",,,Shanghai,https://www.smartshanghai.com/event/heretoir-ger-unreqvited-can-2026-09-18,,,SmartShanghai,上海市,上海,
yumiao+,,"yumiao+ Fri, Sep 18 @ Keep It Quiet",,,Shanghai,https://www.smartshanghai.com/event/2026-09-18,,,SmartShanghai,上海市,上海,
Monsters of Rock – Led Zeppelin & AC/DC Tribute,,"Monsters of Rock – Led Zeppelin & AC/DC Tribute Fri, Sep 18 @ The Pearl",,,Shanghai,https://www.smartshanghai.com/event/monsters-of-rock-led-zeppelin-ac-dc-tribute-2026-09-18,,,SmartShanghai,上海市,上海,
Broadway Original Musical: Kinky Boots,,Broadway Original Musical: Kinky Boots From Nov 3 @ West Bund Theatre,,,Shanghai,https://www.smartshanghai.com/event/broadway-original-musical-kinky-boots,,,SmartShanghai,上海市,上海,
Musical: Einstein – A Matter of Time,,Musical: Einstein – A Matter of Time From Dec 12 @ Shanghai Culture Square,,,Shanghai,https://www.smartshanghai.com/event/musical-einstein-a-matter-of-time,,,SmartShanghai,上海市,上海,
Moulin Rouge! The Musical,,Moulin Rouge! The Musical From Dec 15 @ New Bund 31,,,Shanghai,https://www.smartshanghai.com/event/moulin-rouge-the-musical,,,SmartShanghai,上海市,上海,
French Language Musical: Le Roi Soleil,,French Language Musical: Le Roi Soleil From Oct 30 @ Shanghai Culture Square,,,Shanghai,https://www.smartshanghai.com/event/french-musical-le-roi-soleil,,,SmartShanghai,上海市,上海,
"[5 Day Trip: Ningxia] Wineries, Desert & Xixia... Refer to description for departure dates",,"[5 Day Trip: Ningxia] Wineries, Desert & Xixia... Refer to description for departure dates @ Yinchuan, Ningxia",,,Shanghai,https://www.smartshanghai.com/event/5-day-trip-ningxia-wineries-desert-xixia-adventure-at-smsh-territory,,,SmartShanghai,上海市,上海,
Free Coffee For The First 15 People,,Free Coffee For The First 15 People Daily Weekdays @ Wigwam,,,Shanghai,https://www.smartshanghai.com/event/free-coffee-for-the-first-15-people-daily,,,SmartShanghai,上海市,上海,
Monday Buy-One-Get-One Slice Night Mondays,,Monday Buy-One-Get-One Slice Night Mondays @ Homeslice Kitchen (Shankang Li),,,Shanghai,https://www.smartshanghai.com/event/monday-buy-one-get-one-slice-night,,,SmartShanghai,上海市,上海,
Monday Buy-One-Get-One Slice Night Mondays,,Monday Buy-One-Get-One Slice Night Mondays @ Homeslice (Pudong Hongjie),,,Shanghai,https://www.smartshanghai.com/event/monday-buy-one-get-one-slice-night-2026-06-22,,,SmartShanghai,上海市,上海,
Monday Buy-One-Get-One Slice Night Mondays,,Monday Buy-One-Get-One Slice Night Mondays @ Homeslice (Xujiahui),,,Shanghai,https://www.smartshanghai.com/event/monday-buy-one-get-one-slice-night-1,,,SmartShanghai,上海市,上海,
Fotografiska General Entrance Ticket,,Fotografiska General Entrance Ticket Daily @ Fotografiska,,,Shanghai,https://www.smartshanghai.com/event/fotografiska-general-entrance-ticket-at-fotografiska,,,SmartShanghai,上海市,上海,
Museum of Art Pudong General Ticket,,Museum of Art Pudong General Ticket Daily @ MAP,,,Shanghai,https://www.smartshanghai.com/event/museum-of-art-pudong-at-map,,,SmartShanghai,上海市,上海,
Paradox Museum,,Paradox Museum Daily @ Paradox Museum,,,Shanghai,https://www.smartshanghai.com/event/paradox-museum,,,SmartShanghai,上海市,上海,
"1-on-1 Personal Training Assessment for Rehab,...",,"1-on-1 Personal Training Assessment for Rehab,... Daily @ BC360 (Lifit & Wellness)",,,Shanghai,https://www.smartshanghai.com/event/1-on-1-personal-training-assessment-for-rehab-strength-and-body-shaping-at-bc360-lifit-wellness,,,SmartShanghai,上海市,上海,
Jiahui Health Dental Packages Up to 50% off,,Jiahui Health Dental Packages Up to 50% off Daily @ Jiahui Health,,,Shanghai,https://www.smartshanghai.com/event/jiahui-health-dental-packages-up-to-50-off-at-jiahui-health,,,SmartShanghai,上海市,上海,
Jiahui Health Acupuncture or Tui Na Massage with 90%...,,Jiahui Health Acupuncture or Tui Na Massage with 90%... Daily @ Jiahui Health,,,Shanghai,https://www.smartshanghai.com/event/jiahui-health-acupuncture-or-tui-na-massage-with-90-off-at-jiahui-health,,,SmartShanghai,上海市,上海,
Jiahui Health Professional Teeth Whitening,,Jiahui Health Professional Teeth Whitening Daily @ Jiahui Health,,,Shanghai,https://www.smartshanghai.com/event/jiahui-health-professional-teeth-whitening-at-jiahui-health,,,SmartShanghai,上海市,上海,
"Floatasian - Special Deals of Floating, Ice Bath, Sauna",,"Floatasian - Special Deals of Floating, Ice Bath, Sauna Daily @ Floatasian Float Spa",,,Shanghai,https://www.smartshanghai.com/event/floatasian-special-deals-of-floating-ice-bath-sauna-at-floatasian-float-spa,,,SmartShanghai,上海市,上海,
Jackie Chan Action Camp  2026,,,,,,https://allevents.in/beijing/jackie-chan-action-camp-2026/200030469870206,,,AllEvents,北京市,北京,
Beijing: Red Theatre Exciting Acrobatics Show Ticket,,,,,,https://allevents.in/%E4%B8%9C%E5%9F%8E%E5%8C%BA/beijing-red-theatre-exciting-acrobatics-show-ticket/100001994922135810,,,AllEvents,北京市,北京,
"Beijing International Conference on Teaching, Education & Learning, 10-11 May 2027",,,,,,https://allevents.in/beijing/beijing-international-conference-on-teaching-education-and-learning-10-11-may-2027-tickets/80003068442237,,,AllEvents,北京市,北京,
"EnSci Beijing 2027 – International Conference on Engineering & Sciences, 11-12 May",,,,,,https://allevents.in/beijing/ensci-beijing-2027-international-conference-on-engineering-and-sciences-11-12-may-tickets/80002192209185,,,AllEvents,北京市,北京,
"Beijing International Conference on Research in Life-Science & Healthcare, 11-12 May 2027",,,,,,https://allevents.in/beijing/beijing-international-conference-on-research-in-life-science-and-healthcare-11-12-may-2027-tickets/80003722951997,,,AllEvents,北京市,北京,
HackerX - Beijing - Employer Ticket - 9/24,,,,,,https://allevents.in/beijing/hackerx-beijing-employer-ticket-9-24/100001982107259169,,,AllEvents,北京市,北京,
Digital Nomad Meetup Beijing (Registration is mandatory),,,,,,https://allevents.in/beijing/digital-nomad-meetup-beijing-registration-is-mandatory/200029699779733,,,AllEvents,北京市,北京,
Globetrotter’s Meetup - Beijing (Registration is mandatory),,,,,,https://allevents.in/beijing/globetrotters-meetup-beijing-registration-is-mandatory/200029699774520,,,AllEvents,北京市,北京,
Our Beijing Community Ride ⭐,,,,,,https://allevents.in/beijing/our-beijing-community-ride/200030382074302,,,AllEvents,北京市,北京,
Beijing Run (Registration is mandatory / Weekly meetup / Recurrent event ),,,,,,https://allevents.in/beijing/beijing-run-registration-is-mandatory-weekly-meetup-recurrent-event/200028551529427,,,AllEvents,北京市,北京,
Fast & Furious Swim Championships,,,,,,https://allevents.in/shanghai/fast-and-furious-swim-championships/200030336294506,,,AllEvents,上海市,上海,
2027 China F1 Gp 中国大奖赛 Chinese Formula 1 Shanghai,,,,,,https://allevents.in/shanghai/2027-china-f1-gp-中国大奖赛-chinese-formula-1-shanghai/200030513990422,,,AllEvents,上海市,上海,
CCEAI-2027 11th International Conference on Control Engineering and AI,,,,,,https://allevents.in/%E4%B8%8A%E6%B5%B7%E5%B8%82/cceai-2027-11th-international-conference-on-control-engineering-and-ai/100001990309819247,,,AllEvents,上海市,上海,
Leading as a Coach: A Two-Day Shanghai Workshop for School Leaders,,,,,,https://allevents.in/shanghai/leading-as-a-coach-a-two-day-shanghai-workshop-for-school-leaders/100001989882914363,,,AllEvents,上海市,上海,
Wednesday Chinese Talkspace Meetup人广汉语角英语角,,,,,,https://allevents.in/shanghai/wednesday-chinese-talkspace-meetup人广汉语角英语角/200030648900825,,,AllEvents,上海市,上海,
LAUNCHPAD PROGRAM (21 – 27 SEPTEMBER 2026),,,,,,https://allevents.in/shanghai/launchpad-program-21-27-september-2026/100001988706766473,,,AllEvents,上海市,上海,
"2026 International Conference on Intelligent Information, Systems Science and Engineering(ISSE 2026)",,,,,,https://allevents.in/shanghai/2026-international-conference-on-intelligent-information-systems-science-and-engineeringisse-2026/80005570806541,,,AllEvents,上海市,上海,
2026 International Conference on Data Science and Software Engineering (DSSE 2026),,,,,,https://allevents.in/shanghai/2026-international-conference-on-data-science-and-software-engineering-dsse-2026/80002592030338,,,AllEvents,上海市,上海,
Digital Nomad Meetup Shanghai (Registration is mandatory),,,,,,https://allevents.in/shanghai/digital-nomad-meetup-shanghai-registration-is-mandatory/200029700978856,,,AllEvents,上海市,上海,
2027 Mission Hills Masters - Hainan Island,,,,,,https://allevents.in/shenzhen/2027-mission-hills-masters-hainan-island/200030204073109,,,AllEvents,广东省,深圳,
NEPCON Asia 2026,,,,,,https://allevents.in/shen-zhen-shi/nepcon-asia-2026/100001996063813599,,,AllEvents,广东省,深圳,
2027 China (Guangzhou) Int'l Metal & Metallurgy Industry Exhibition,,,,,,https://allevents.in/guangzhou/2027-china-guangzhou-intl-metal-and-metallurgy-industry-exhibition/100001995061447495,,,AllEvents,广东省,深圳,
"The 27th China(Guangzhou)International Fastener,Spring&Wire Exhibition",,,,,,https://allevents.in/guangzhou/the-27th-chinaguangzhouinternational-fastenerspringandwire-exhibition/100001995425873503,,,AllEvents,广东省,深圳,
27th China (Guangzhou) Int'l Tube & Pipe Processing Equipment Exhibition,,,,,,https://allevents.in/guangzhou/27th-china-guangzhou-intl-tube-and-pipe-processing-equipment-exhibition/100001995069437393,,,AllEvents,广东省,深圳,
The Stony Brook School Information Session (Shenzhen),,,,,,https://allevents.in/shenzhen/the-stony-brook-school-information-session-shenzhen/100001999485673474,,,AllEvents,广东省,深圳,
The 12th China International Silver Industry Exhibition,,,,,,https://allevents.in/guangzhou/the-12th-china-international-silver-industry-exhibition/300042263212,,,AllEvents,广东省,深圳,
HackerX - Shenzhen - Employer Ticket - 10/22,,,,,,https://allevents.in/shenzhen/hackerx-shenzhen-employer-ticket-10-22/100001982175560460,,,AllEvents,广东省,深圳,
Shenzhen BlaBla Language Exchange - Every other Thursday - Recurrent event -,,,,,,https://allevents.in/shenzhen/shenzhen-blabla-language-exchange-every-other-thursday-recurrent-event/200030558162018,,,AllEvents,广东省,深圳,
Chengdu Youth Study Track for UK Biomedical Executive Families,,,,,,https://allevents.in/chengdu/chengdu-youth-study-track-for-uk-biomedical-executive-families/100001993668172171,,,AllEvents,四川省,成都,
"2026 IEEE International Conference on Artificial Intelligence, Big Data and",,,,,,https://allevents.in/chengdu/2026-ieee-international-conference-on-artificial-intelligence-big-data-and/100001989191115173,,,AllEvents,四川省,成都,
World Healthcare Expo & Summit 2026,,,,,,https://allevents.in/bangalore/world-healthcare-expo-and-summit-2026-tickets/80003484000381,,,AllEvents,贵州省,贵阳,
Srijoni Durga Puja,,,,,,https://allevents.in/noida/srijoni-durga-puja-tickets/80009127268512,,,AllEvents,贵州省,贵阳,
Capital City 10K Challenge,,,,,,https://allevents.in/new-delhi/capital-city-10k-challenge-tickets/80003726960391,,,AllEvents,贵州省,贵阳,
KALA RAATRI,,,,,,https://allevents.in/bhuj/kala-raatri-tickets/80001234000435,,,AllEvents,贵州省,贵阳,
Daria Kolosova | India Tour,,,,,,https://allevents.in/mumbai/daria-kolosova-india-tour-tickets/80001022506461,,,AllEvents,贵州省,贵阳,
Sharad Ratri 2026 - Aarambh - Private Garba in Ahmedabad,,,,,,https://allevents.in/ahmedabad/sharad-ratri-2026-aarambh-private-garba-in-ahmedabad-tickets/80002969670707,,,AllEvents,贵州省,贵阳,
नमो नम: | Hardik Dave,,,,,,https://allevents.in/ahmedabad/नमो-नम-hardik-dave-tickets/80002009451456,,,AllEvents,贵州省,贵阳,
Raas Garba Night,,,,,,https://allevents.in/oakville/raas-garba-night-tickets/80001015700150,,,AllEvents,贵州省,贵阳,
ELEVATE MILES – GURUGRAM HALF MARATHON 2026,,,,,,https://allevents.in/gurugram/elevate-miles-gurugram-half-marathon-2026-tickets/80004562907896,,,AllEvents,贵州省,贵阳,
La Regal’s Shubhaarambh - Pre-Navratri,,,,,,https://allevents.in/ahmedabad/la-regals-shubhaarambh-pre-navratri-tickets/80001254068184,,,AllEvents,贵州省,贵阳,
Chasing Sun(Sets) III — JOEZI x MASSUMA,,,,,,https://allevents.in/chicago/chasing-sunsets-iii-joezi-x-massuma-tickets/80003431876974,,,AllEvents,贵州省,贵阳,
Ganesh Chaturthi Celebrations,,,,,,https://allevents.in/tampa/ganesh-chaturthi-celebrations-tickets/80002256170518,,,AllEvents,贵州省,贵阳,
Back Outside..,,,,,,https://allevents.in/ahmedabad/back-outside-tickets/80003676359604,,,AllEvents,贵州省,贵阳,
London Fashion Week Catwalk Show – Luxury VIP Experience,,,,,,https://allevents.in/london/london-fashion-week-catwalk-show-luxury-vip-experience-tickets/80003444149115,,,AllEvents,贵州省,贵阳,
Improv Jamming by Kathakaar Productions | September,,,,,,https://allevents.in/ahmedabad/improv-jamming-by-kathakaar-productions-september-tickets/80001809942292,,,AllEvents,贵州省,贵阳,
Virtual Intimate Evening with Spirit,,,,,,https://allevents.in/online/virtual-intimate-evening-with-spirit-tickets/80001247532583,,,AllEvents,贵州省,贵阳,
THE FOOT    A Documentary Photography Walk in Chandni Chowk,,,,,,https://allevents.in/new-delhi/the-foot-a-documentary-photography-walk-in-chandni-chowk-tickets/80005033893782,,,AllEvents,贵州省,贵阳,
COMEDY JAM - SIX HEADLINERS - LACEY,,,,,,https://allevents.in/lacey/comedy-jam-six-headliners-lacey-tickets/80002011795226,,,AllEvents,贵州省,贵阳,
"Bead Society Class: ""Forever Genuine Organic Pearl Ring Workshop""",,,,,,https://allevents.in/wilmington/bead-society-class-forever-genuine-organic-pearl-ring-workshop-tickets/80001681871454,,,AllEvents,贵州省,贵阳,
LivingWell Senior Expo – 2nd Annual Hawaiian Aloha Day,,,,,,https://allevents.in/las-vegas/livingwell-senior-expo-2nd-annual-hawaiian-aloha-day-tickets/80003015574041,,,AllEvents,贵州省,贵阳,
"Deepen Your Connection -  Mediumship Workshop - Hirwaun, Aberdale, Wales",,,,,,https://allevents.in/aberdare/deepen-your-connection-mediumship-workshop-hirwaun-aberdale-wales-tickets/80002071994867,,,AllEvents,贵州省,贵阳,
Michael J's Fun Run Comedy Show,,,,,,https://allevents.in/harrison/michael-js-fun-run-comedy-show-tickets/80001507511998,,,AllEvents,贵州省,贵阳,
Taurus Full Moon BREATHWORK Ceremony,,,,,,https://allevents.in/victoria/taurus-full-moon-breathwork-ceremony-tickets/80008950770406,,,AllEvents,贵州省,贵阳,
Access Bars Free Taster sessions,,,,,,https://allevents.in/ahmedabad/access-bars-free-taster-sessions-tickets/80009154275999,,,AllEvents,贵州省,贵阳,
LivingWell Senior Expo – The Art of Living Well,,,,,,https://allevents.in/henderson/livingwell-senior-expo-the-art-of-living-well-tickets/80001353078871,,,AllEvents,贵州省,贵阳,
Deliverance and Spiritual Warfare Summit 2026,,,,,,https://allevents.in/charlotte/deliverance-and-spiritual-warfare-summit-2026-tickets/80002965942988,,,AllEvents,贵州省,贵阳,
Rasotsav Navratri 2026,,,,,,https://allevents.in/brampton/rasotsav-navratri-2026-tickets/80003382961952,,,AllEvents,贵州省,贵阳,
"Connie's Coaching & Cocktail Hour, Summer Series - The Soul Event",,,,,,https://allevents.in/windsor/connies-coaching-and-cocktail-hour-summer-series-the-soul-event-tickets/80001774037007,,,AllEvents,贵州省,贵阳,
The Open Door,,,,,,https://allevents.in/pune/the-open-door-tickets/80003035027028,,,AllEvents,贵州省,贵阳,
RISE Health Innovation Summit 2026,,,,,,https://allevents.in/online/rise-health-innovation-summit-2026-tickets/80003676880083,,,AllEvents,贵州省,贵阳,
Voices of Love Mediumship Evening - Highworth,,,,,,https://allevents.in/swindon/voices-of-love-mediumship-evening-highworth-tickets/80003223775527,,,AllEvents,贵州省,贵阳,
Comedy Night at Sauvage Spectrum Winery,,,,,,https://allevents.in/palisade/comedy-night-at-sauvage-spectrum-winery-tickets/4300030473510407,,,AllEvents,贵州省,贵阳,
Reggaeton & The City – Saturday Nights | The Concord NYC (DrinkUpinNYC),,,,,,https://allevents.in/new-york/reggaeton-and-the-city-saturday-nights-the-concord-nyc-drinkupinnyc-tickets/80003599606734,,,AllEvents,贵州省,贵阳,
"Weekend In House Pool Party, DJ, Belly Dance, Ramp Shows, Games, Dinner & Drinks @ Madurai",,,,,,https://allevents.in/madurai/weekend-in-house-pool-party-dj-belly-dance-ramp-shows-games-dinner-and-drinks-madurai-tickets/80003755932507,,,AllEvents,贵州省,贵阳,
ET TechX Exhibition,,,,,,https://allevents.in/new-delhi/et-techx-exhibition-tickets/80009723589472,,,AllEvents,贵州省,贵阳,
Wednesday Let's Party At: Tipsy Bull Koramangala,,,,,,https://allevents.in/bangalore/wednesday-lets-party-at-tipsy-bull-koramangala-tickets/80009065418300,,,AllEvents,贵州省,贵阳,
ILLUMINE 2026,,,,,,https://allevents.in/kolkata/illumine-2026-tickets/80001716319114,,,AllEvents,贵州省,贵阳,
Sip & Paint over Coffee : Mindful Experiences by Artnessco,,,,,,https://allevents.in/new-delhi/sip-and-paint-over-coffee-mindful-experiences-by-artnessco-tickets/80008941899859,,,AllEvents,贵州省,贵阳,
Anand Utsav Bhajan Clubbing,,,,,,https://allevents.in/online/anand-utsav-bhajan-clubbing-tickets/80001495199775,,,AllEvents,贵州省,贵阳,
ARTHASHAKTI FOUNDERS OVER COFFEE 🤝,,,,,,https://allevents.in/new-delhi/arthashakti-founders-over-coffee-tickets/80001879521349,,,AllEvents,贵州省,贵阳,
"Paint, Play & Compete at CPL Naranpura (September 12th & 13th)",,,,,,https://allevents.in/ahmedabad/paint-play-and-compete-at-cpl-naranpura-september-12th-and-13th-tickets/80003329608010,,,AllEvents,贵州省,贵阳,
Barber Battle Liverpool  - Design and Pattern Registration,,,,,,https://allevents.in/liverpool/barber-battle-liverpool-design-and-pattern-registration-tickets/80009099707798,,,AllEvents,贵州省,贵阳,
Navrangi Raat 2026 - Friday 9th October 2026,,,,,,https://allevents.in/toronto/navrangi-raat-2026-friday-9th-october-2026-tickets/80002702752336,,,AllEvents,贵州省,贵阳,
TUSHITA CANADA DANCE TOUR - TORONTO WORKSHOP,,,,,,https://allevents.in/toronto/tushita-canada-dance-tour-toronto-workshop-tickets/80001526397291,,,AllEvents,贵州省,贵阳,
BRANT NAVRATRI 2026 (DJ GARBA NIGHT),,,,,,https://allevents.in/paris/brant-navratri-2026-dj-garba-night-tickets/80003471336838,,,AllEvents,贵州省,贵阳,
Indian Wildlife Network Jaipur Gathering,,,,,,https://allevents.in/jaipur/indian-wildlife-network-jaipur-gathering-tickets/80006662475129,,,AllEvents,贵州省,贵阳,
Ultimate Earth Wind & Fire - King's Lynn,,,,,,https://allevents.in/kings-lynn/ultimate-earth-wind-and-fire-kings-lynn-tickets/80001717992212,,,AllEvents,贵州省,贵阳,
Rotary AI Summit 2026,,,,,,https://allevents.in/bhubaneswar/rotary-ai-summit-2026-tickets/80003557982339,,,AllEvents,贵州省,贵阳,
DANDIYA — THE GARBA NIGHT @Club Vita Gurgaon DLF Ph V,,,,,,https://allevents.in/gurugram/dandiya-the-garba-night-club-vita-gurgaon-dlf-ph-v-tickets/80001403436300,,,AllEvents,贵州省,贵阳,
Chaar Diwaari - Live In Ahmedabad,,,,,,https://allevents.in/gandhinagar/chaar-diwaari-live-in-ahmedabad-tickets/80001795984936,,,AllEvents,贵州省,贵阳,
BAURICE NELSON - HOMETOWN SHOW LIVE,,,,,,https://allevents.in/lacey/baurice-nelson-hometown-show-live-tickets/80001387659495,,,AllEvents,贵州省,贵阳,
EASTERN SIGNAGE 2026,,,,,,https://allevents.in/kolkata/eastern-signage-2026-tickets/80003366442028,,,AllEvents,贵州省,贵阳,
BTS ARMY Connect- Namkook Special,,,,,,https://allevents.in/ahmedabad/bts-army-connect-namkook-special-tickets/80008446292752,,,AllEvents,贵州省,贵阳,
HINDUSTAN MARATHON (12th Edition),,,,,,https://allevents.in/new-delhi/hindustan-marathon-12th-edition-tickets/80003255513883,,,AllEvents,贵州省,贵阳,
Rangratri KWC -2026,,,,,,https://allevents.in/kitchener/rangratri-kwc-2026-tickets/80003407260359,,,AllEvents,贵州省,贵阳,
NeonRaatri with Triveeni Events,,,,,,https://allevents.in/halifax/neonraatri-with-triveeni-events-tickets/80002108525314,,,AllEvents,贵州省,贵阳,
BIOMED EXPO LAS VEGAS 2026,,,,,,https://allevents.in/las-vegas/biomed-expo-las-vegas-2026-tickets/100001766791975359,,,AllEvents,贵州省,贵阳,
Sheri Circle Garba,,,,,,https://allevents.in/ahmedabad/sheri-circle-garba-tickets/80002836004381,,,AllEvents,贵州省,贵阳,
The Crimson Flea - NAVRATRI EDIT [2-3-4th October],,,,,,https://allevents.in/ahmedabad/the-crimson-flea-navratri-edit-2-3-4th-october-tickets/80009075609511,,,AllEvents,贵州省,贵阳,
❤️🖤 THE RED AND BLACK AFFAIR 🖤❤️,,,,,,https://allevents.in/new-york/the-red-and-black-affair-tickets/80008601286073,,,AllEvents,贵州省,贵阳,
3 Men - A play By Ankit Gor,,,,,,https://allevents.in/ahmedabad/3-men-a-play-by-ankit-gor-tickets/80001805432077,,,AllEvents,贵州省,贵阳,
Startup Valley | Networking Event | Noida Edition,,,,,,https://allevents.in/noida/startup-valley-networking-event-noida-edition-tickets/80003224053499,,,AllEvents,贵州省,贵阳,
PUMPKIN CARVING for adults,,,,,,https://allevents.in/castlemaine/pumpkin-carving-for-adults-tickets/80001629418218,,,AllEvents,贵州省,贵阳,
"“What Are Early Russian Popular Prints About?”, a talk by Dr Julia Khodko",,,,,,https://allevents.in/online/what-are-early-russian-popular-prints-about-a-talk-by-dr-julia-khodko-tickets/80003211403862,,,AllEvents,贵州省,贵阳,
Virtual Intimate Evening with Spirit,,,,,,https://allevents.in/online/virtual-intimate-evening-with-spirit-tickets/80001740806668,,,AllEvents,贵州省,贵阳,
AŞO-ĘBÍ  FESTIVAL CULTURAL  GALA NIGHT AND AWARDS 2026!...Gala Night,,,,,,https://allevents.in/london/aŞo-ĘbÍ-festival-cultural-gala-night-and-awards-2026gala-night-tickets/80002834446365,,,AllEvents,贵州省,贵阳,
The Women of Rock Las Vegas Show at Circle Theatre,,,,,,https://allevents.in/sebring/the-women-of-rock-las-vegas-show-at-circle-theatre-tickets/80001539548213,,,AllEvents,贵州省,贵阳,
Whiskey Tasting Saturday - Sept 26th - Five Regions of Scotland! - 3~5PM,,,,,,https://allevents.in/grapevine/whiskey-tasting-saturday-sept-26th-five-regions-of-scotland-3~5pm-tickets/80003201018904,,,AllEvents,贵州省,贵阳,
Art Farty with Damini,,,,,,https://allevents.in/gandhinagar/art-farty-with-damini-tickets/80002976734819,,,AllEvents,贵州省,贵阳,
UNDER THE AUTUMN SKY Boots & Beginnings: Line Dancing + Intro to Two-step,,,,,,https://allevents.in/huntsville/under-the-autumn-sky-boots-and-beginnings-line-dancing-intro-to-two-step-tickets/80007111353693,,,AllEvents,贵州省,贵阳,
Piano Recital by Tony Yike Yang,,,,,,https://allevents.in/khandala/piano-recital-by-tony-yike-yang-tickets/80007433482294,,,AllEvents,贵州省,贵阳,
B&20 PARIS FASHION WEEK,,,,,,https://allevents.in/paris/band20-paris-fashion-week-tickets/80002866136244,,,AllEvents,贵州省,贵阳,
Rangtarang (The Unbroken Rhythm of Tradition) 2026,,,,,,https://allevents.in/mehsana/rangtarang-the-unbroken-rhythm-of-tradition-2026-tickets/80009183438727,,,AllEvents,贵州省,贵阳,
Mark Paulino Line Dance Experience,,,,,,https://allevents.in/brandon/mark-paulino-line-dance-experience-tickets/80003668213700,,,AllEvents,贵州省,贵阳,
Tools & Equipment Expo India 2026,,,,,,https://allevents.in/new-delhi/tools-and-equipment-expo-india-2026-tickets/80001844033446,,,AllEvents,贵州省,贵阳,
Kolkata’s Biggest The Weeknd Fan Party 2026,,,,,,https://allevents.in/kolkata/kolkatas-biggest-the-weeknd-fan-party-2026-tickets/80008854455833,,,AllEvents,贵州省,贵阳,
Bihar Medical Expo 2026,,,,,,https://allevents.in/patna/bihar-medical-expo-2026-tickets/80001160935821,,,AllEvents,贵州省,贵阳,
Sunny Side Up! Show 2 – Group B,,,,,,https://allevents.in/chennai/sunny-side-up-show-2-group-b-tickets/80006464160737,,,AllEvents,贵州省,贵阳,
Qala Kya Hai ft. Radhya Ameta,,,,,,https://allevents.in/udaipur/qala-kya-hai-ft-radhya-ameta-tickets/80004557475345,,,AllEvents,贵州省,贵阳,
"Nagarathpete heritage walk. (Tales of Sufis, Silk and Shakti)",,,,,,https://allevents.in/bangalore/nagarathpete-heritage-walk-tales-of-sufis-silk-and-shakti-tickets/80002529149534,,,AllEvents,贵州省,贵阳,
"BIOMED EXPO, LAS VEGAS, OCT 16-18, 2026",,,,,,https://allevents.in/las-vegas/biomed-expo-las-vegas-oct-16-18-2026-tickets/80001424118591,,,AllEvents,贵州省,贵阳,
KIVOINDIA RUNWAY MARATHON – DWARKA,,,,,,https://allevents.in/new-delhi/kivoindia-runway-marathon-dwarka-tickets/80001843006817,,,AllEvents,贵州省,贵阳,
"The Big Splash Pool Party, Belly Dance, DJ, Ramp Show, Games, Buffet Dinner, Drinks @ Vijayawada",,,,,,https://allevents.in/chirala/the-big-splash-pool-party-belly-dance-dj-ramp-show-games-buffet-dinner-drinks-vijayawada-tickets/80002256182926,,,AllEvents,贵州省,贵阳,
Waste 2 Wealth India Expo 2026,,,,,,https://allevents.in/greater-noida/waste-2-wealth-india-expo-2026-tickets/80002708113029,,,AllEvents,贵州省,贵阳,
Agricon HortiConnect India,,,,,,https://allevents.in/bangalore/agricon-horticonnect-india-tickets/80001115933364,,,AllEvents,贵州省,贵阳,
Industrial Pumps and Valves,,,,,,https://allevents.in/secunderabad/industrial-pumps-and-valves-tickets/80003725216929,,,AllEvents,贵州省,贵阳,
HRTX Winter Tour,,,,,,https://allevents.in/dimapur/hrtx-winter-tour-tickets/80002803975455,,,AllEvents,贵州省,贵阳,
"International Conference on Business, Economics, Law, Language & Psychology, 16-17 Nov 2026, Dubai",,,,,,https://allevents.in/dubai/international-conference-on-business-economics-law-language-and-psychology-16-17-nov-2026-dubai-tick/80001834502349,,,AllEvents,贵州省,贵阳,
Hand sewn Embroidered bauble,,,,,,https://allevents.in/carnoustie/hand-sewn-embroidered-bauble-tickets/80002527850171,,,AllEvents,贵州省,贵阳,
"An evening with Red Dirt Skinners - Eagle Eye Community Theatre, Squamish, BC(6:30pm)",,,,,,https://allevents.in/squamish/an-evening-with-red-dirt-skinners-eagle-eye-community-theatre-squamish-bc6-30pm-tickets/80003616661844,,,AllEvents,贵州省,贵阳,
ARCON 26 (OSCAR CONVENTION) - National Amateur Radio & Communication Convention,,,,,,https://allevents.in/kolkata/arcon-26-oscar-convention-national-amateur-radio-and-communication-convention-tickets/80001965057338,,,AllEvents,贵州省,贵阳,
RAVE IN A JUNGLE(TAMIL & MALAYALAM),,,,,,https://allevents.in/bangalore/rave-in-a-jungletamil-and-malayalam-tickets/80008615542985,,,AllEvents,贵州省,贵阳,
Deewangi - The Arth Shah's Musical,,,,,,https://allevents.in/ahmedabad/deewangi-the-arth-shahs-musical-tickets/80003833789959,,,AllEvents,贵州省,贵阳,
"An evening with Red Dirt Skinners - Performing Arts Theatre, Hinton, AB(6:30pm)",,,,,,https://allevents.in/hinton/an-evening-with-red-dirt-skinners-performing-arts-theatre-hinton-ab6-30pm-tickets/80001831282897,,,AllEvents,贵州省,贵阳,
C.C. SHAH & SONS REVA MARATHON 4.0,,,,,,https://allevents.in/ankleshwar/cc-shah-and-sons-reva-marathon-40-tickets/80003758266549,,,AllEvents,贵州省,贵阳,
‘Tarang - The Garba Night’ of DAIICT,,,,,,https://allevents.in/gandhinagar/‘tarang-the-garba-night-of-daiict-tickets/80001347622427,,,AllEvents,贵州省,贵阳,
JBG Kolkata Marathon 2026,,,,,,https://allevents.in/kolkata/jbg-kolkata-marathon-2026-tickets/80003108113646,,,AllEvents,贵州省,贵阳,
Daria Kolosova | India Tour,,,,,,https://allevents.in/new-delhi/daria-kolosova-india-tour-tickets/80003233306847,,,AllEvents,贵州省,贵阳,
Naman - A divine evening with Indian Classical Dance,,,,,,https://allevents.in/bangalore/naman-a-divine-evening-with-indian-classical-dance-tickets/80002402464925,,,AllEvents,贵州省,贵阳,
Rota Rang Ratri,,,,,,https://allevents.in/jamnagar/rota-rang-ratri-tickets/80001599802363,,,AllEvents,贵州省,贵阳,
ROCKWOOL Bharuch Half Marathon Season 5,,,,,,https://allevents.in/bharuch/rockwool-bharuch-half-marathon-season-5-tickets/80002808361552,,,AllEvents,贵州省,贵阳,
Tarang: A Sarod Recital | Concert | Arthshila Patna,,,,,,https://allevents.in/patna/tarang-a-sarod-recital-concert-arthshila-patna-tickets/80005434493357,,,AllEvents,贵州省,贵阳,
BTS THEME MARKET,,,,,,https://allevents.in/dallas/bts-theme-market-tickets/80002216978461,,,AllEvents,贵州省,贵阳,
New York Fashion Week Runway Show,,,,,,https://allevents.in/new-york/new-york-fashion-week-runway-show-tickets/80001835871156,,,AllEvents,贵州省,贵阳,
18th Medical Expo India 2026 | Lucknow,,,,,,https://allevents.in/lucknow/18th-medical-expo-india-2026-lucknow-tickets/80003057258274,,,AllEvents,贵州省,贵阳,
Uffizio Beach Half Marathon 6.0 - Valsad,,,,,,https://allevents.in/valsad/uffizio-beach-half-marathon-60-valsad-tickets/80001542850233,,,AllEvents,贵州省,贵阳,
THE ROOM OF MEMORIES MLR 24th 4PM,,,,,,https://allevents.in/bangalore/the-room-of-memories-mlr-24th-4pm-tickets/80003400916253,,,AllEvents,贵州省,贵阳,
THE ROOM OF MEMORIES,,,,,,https://allevents.in/new-delhi/the-room-of-memories-tickets/80001665767194,,,AllEvents,贵州省,贵阳,
"Butterfly Walk at Aravali Biodiversity Park, Vasant Kunj",,,,,,https://allevents.in/vasant-kunj/butterfly-walk-at-aravali-biodiversity-park-vasant-kunj-tickets/80003771904122,,,AllEvents,贵州省,贵阳,
PHOTO VIDEO EXPO BY SUN ART STUDIO GROUP,,,,,,https://allevents.in/sangli/photo-video-expo-by-sun-art-studio-group-tickets/80001490422792,,,AllEvents,贵州省,贵阳,
Turkish Airlines ActivePulse International Half Marathon 2026,,,,,,https://allevents.in/dhaka/turkish-airlines-activepulse-international-half-marathon-2026/200029288377726,,,AllEvents,贵州省,贵阳,
JITO Divine Jamming,,,,,,https://allevents.in/bangalore/jito-divine-jamming-tickets/80003280647972,,,AllEvents,贵州省,贵阳,
Mandavadi - Garba & Mandli,,,,,,https://allevents.in/ahmedabad/mandavadi-garba-and-mandli-tickets/80002737897905,,,AllEvents,贵州省,贵阳,
Vibe With The Night,,,,,,https://allevents.in/ahmedabad/vibe-with-the-night-tickets/80002452178091,,,AllEvents,贵州省,贵阳,
Haalo Garba 2026,,,,,,https://allevents.in/ahmedabad/haalo-garba-2026-tickets/80008946724181,,,AllEvents,贵州省,贵阳,
Bhajan Jamming Ganesh Festival special,,,,,,https://allevents.in/bangalore/bhajan-jamming-ganesh-festival-special-tickets/80003817605848,,,AllEvents,贵州省,贵阳,
Dandiya Dhoom with Falguni Pathak 27th September 2026,,,,,,https://allevents.in/houston/dandiya-dhoom-with-falguni-pathak-27th-september-2026-tickets/80001338025178,,,AllEvents,贵州省,贵阳,
Bollywood Through a French Lens,,,,,,https://allevents.in/ahmedabad/bollywood-through-a-french-lens-tickets/80001545121167,,,AllEvents,贵州省,贵阳,
The Drift Jam by Auto De Luxe,,,,,,https://allevents.in/vadodara/the-drift-jam-by-auto-de-luxe-tickets/80003314941218,,,AllEvents,贵州省,贵阳,
"Atomy India Beauty Academy - Moradabad, UP- 20.09.2026",,,,,,https://allevents.in/moradabad/atomy-india-beauty-academy-moradabad-up-20092026-tickets/80009967387355,,,AllEvents,贵州省,贵阳,
50 Years In The Key of Life Celebration,,,,,,https://allevents.in/charlottesville/50-years-in-the-key-of-life-celebration-tickets/80001380741549,,,AllEvents,贵州省,贵阳,
Improv Show - Reflex Improv 10th Anniversary,,,,,,https://allevents.in/annapolis/improv-show-reflex-improv-10th-anniversary-tickets/80002032765417,,,AllEvents,贵州省,贵阳,
KIDS RELAY RACE 2.0,,,,,,https://allevents.in/vadodara/kids-relay-race-20-tickets/80003760314534,,,AllEvents,贵州省,贵阳,
Vincenzo’s Oyster Craft Night!,,,,,,https://allevents.in/ponte-vedra-beach/vincenzos-oyster-craft-night-tickets/80002437979191,,,AllEvents,贵州省,贵阳,
SHABDON KA GHAR OPEN MIC,,,,,,https://allevents.in/ahmedabad/shabdon-ka-ghar-open-mic-tickets/80002942507484,,,AllEvents,贵州省,贵阳,
Bath Salt and Dried Floral Gift Workshop with The Honeysuckle Barn,,,,,,https://allevents.in/flowood/bath-salt-and-dried-floral-gift-workshop-with-the-honeysuckle-barn-tickets/80005444060304,,,AllEvents,贵州省,贵阳,
"“Rachmaninoff and the Myth of Exile”, a talk by Prof Marina Frolova-Walker",,,,,,https://allevents.in/cambridge/rachmaninoff-and-the-myth-of-exile-a-talk-by-prof-marina-frolova-walker-tickets/80008089020619,,,AllEvents,贵州省,贵阳,
SILK N' SOUL ALBUM RELEASE,,,,,,https://allevents.in/torrance/silk-n-soul-album-release-tickets/80001591042516,,,AllEvents,贵州省,贵阳,
Richmond VAMPIRE BALL (2026),,,,,,https://allevents.in/richmond/richmond-vampire-ball-2026-tickets/80002843076694,,,AllEvents,贵州省,贵阳,
Into the Woods: A Grimm Affair,,,,,,https://allevents.in/huntington/into-the-woods-a-grimm-affair-tickets/80003077100736,,,AllEvents,贵州省,贵阳,
Biz To Biz Business Expo at the Gulfstream Park,,,,,,https://allevents.in/hallandale/biz-to-biz-business-expo-at-the-gulfstream-park-tickets/80003402941975,,,AllEvents,贵州省,贵阳,
Book Fair and Swap-Tanner Brewing-Session 2,,,,,,https://allevents.in/haddon-heights/book-fair-and-swap-tanner-brewing-session-2-tickets/80003138079141,,,AllEvents,贵州省,贵阳,
Rooted in Wellness: From Plant to Purpose Class,,,,,,https://allevents.in/deland/rooted-in-wellness-from-plant-to-purpose-class-tickets/80009981881576,,,AllEvents,贵州省,贵阳,
"THE RELATIONSHIP RESET: A 9D Breathwork Experience for Love, Intimacy & Connection",,,,,,https://allevents.in/reston/the-relationship-reset-a-9d-breathwork-experience-for-love-intimacy-and-connection-tickets/80001469182392,,,AllEvents,贵州省,贵阳,
Fun OR Frightful Fall Container Garden Class,,,,,,https://allevents.in/deland/fun-or-frightful-fall-container-garden-class-tickets/80002206572078,,,AllEvents,贵州省,贵阳,
GPSS Neon Lights Pub Crawl 2026,,,,,,https://allevents.in/singapore/gpss-neon-lights-pub-crawl-2026-tickets/80003055250339,,,AllEvents,贵州省,贵阳,
GRANDEUR FASHION WEEK – Lucknow |,,,,,,https://allevents.in/lucknow/grandeur-fashion-week-lucknow-tickets/80003028867022,,,AllEvents,贵州省,贵阳,
Evidential Circle,,,,,,https://allevents.in/royal-wootton-bassett/evidential-circle-tickets/80002366407226,,,AllEvents,贵州省,贵阳,
UB Homecoming Tailgate Experience 2026,,,,,,https://allevents.in/amherst/ub-homecoming-tailgate-experience-2026-tickets/100001987743095106,,,AllEvents,贵州省,贵阳,
Divine Feminine Reset Healing Bath - Sept (SOUL STAR),,,,,,https://allevents.in/swindon/divine-feminine-reset-healing-bath-sept-soul-star-tickets/80009248969912,,,AllEvents,贵州省,贵阳,
Western Vadodara Navratri Mahotsav 2026,,,,,,https://allevents.in/vadodara/western-vadodara-navratri-mahotsav-2026-tickets/80001958186365,,,AllEvents,贵州省,贵阳,
Y2K Splash Zone - A 90's/2000's Throwback Pool Party - Palm Springs,,,,,,https://allevents.in/palm-springs/y2k-splash-zone-a-90s-2000s-throwback-pool-party-palm-springs-tickets/80001003252784,,,AllEvents,贵州省,贵阳,
September 26th Pokémon and Collectible Show X Voice of Lucy Van Pelt: Toy Vault and Secret Market,,,,,,https://allevents.in/brookfield/september-26th-pokémon-and-collectible-show-x-voice-of-lucy-van-pelt-toy-vault-and-secret-market-tic/200030445791136,,,AllEvents,贵州省,贵阳,
Great Education Expo 2027 – Kota,,,,,,https://allevents.in/kota/great-education-expo-2027-kota-tickets/80001469337833,,,AllEvents,贵州省,贵阳,
Strictly Come Bollywood Bhangra,,,,,,https://allevents.in/bedworth/strictly-come-bollywood-bhangra-tickets/80002269378224,,,AllEvents,贵州省,贵阳,
INDUS-tech Mumbai 2026 | Machine Tools Exhibition India | Metal Forming Expo Mumbai,,,,,,https://allevents.in/mumbai/indus-tech-mumbai-2026-machine-tools-exhibition-india-metal-forming-expo-mumbai-tickets/80001925243695,,,AllEvents,贵州省,贵阳,
Meet Top International Business Schools in Hyderabad,,,,,,https://allevents.in/hyderabad/meet-top-international-business-schools-in-hyderabad-tickets/80004436376325,,,AllEvents,贵州省,贵阳,
Friday Let's Party At: Vibe Koramangala,,,,,,https://allevents.in/bangalore/friday-lets-party-at-vibe-koramangala-tickets/80001806594004,,,AllEvents,贵州省,贵阳,
23rd Annual Conference of the Diabetic Foot Society of India,,,,,,https://allevents.in/bangalore/23rd-annual-conference-of-the-diabetic-foot-society-of-india-tickets/80005560556809,,,AllEvents,贵州省,贵阳,
She Who Returns Retreat Weekend 2026,,,,,,https://allevents.in/blandford-forum/she-who-returns-retreat-weekend-2026-tickets/80003568835372,,,AllEvents,贵州省,贵阳,
Comedy Night at Mosinee Brewing Co.,,,,,,https://allevents.in/mosinee/comedy-night-at-mosinee-brewing-co-tickets/4300030473174149,,,AllEvents,贵州省,贵阳,
Body Language: the silent communicator,,,,,,https://allevents.in/vadodara/body-language-the-silent-communicator-tickets/80003576848647,,,AllEvents,贵州省,贵阳,
Great Education Expo 2027 – Patna,,,,,,https://allevents.in/patna/great-education-expo-2027-patna-tickets/80002452979697,,,AllEvents,贵州省,贵阳,
"Business Networking Meetup- startups, investors, professionals",,,,,,https://allevents.in/new-delhi/business-networking-meetup-startups-investors-professionals-tickets/80002727932130,,,AllEvents,贵州省,贵阳,
19th Medical Expo India 2027 | Gujarat,,,,,,https://allevents.in/ahmedabad/19th-medical-expo-india-2027-gujarat-tickets/80002384652066,,,AllEvents,贵州省,贵阳,
Belfast Business Show,,,,,,https://allevents.in/belfast/belfast-business-show-tickets/80003617990467,,,AllEvents,贵州省,贵阳,
NEW 3 Week Beginners Throwing Course - £90 - Sunday 12-2pm,,,,,,https://allevents.in/southam/new-3-week-beginners-throwing-course-£90-sunday-12-2pm-tickets/80001727300644,,,AllEvents,贵州省,贵阳,
hxjaijwjdjwjwsjjw jw,,,,,,https://allevents.in/surat/hxjaijwjdjwjwsjjw-jw-tickets/80003711389606,,,AllEvents,贵州省,贵阳,
EGSN Winter Arc Running & Cycling Challenge 2026. (1 Oct to 31 Dec 2026),,,,,,https://allevents.in/online/egsn-winter-arc-running-and-cycling-challenge-2026-1-oct-to-31-dec-2026-tickets/80001214922893,,,AllEvents,贵州省,贵阳,
BRIQUE Comedy Club,,,,,,https://allevents.in/toulouse/brique-comedy-club-tickets/80001872257740,,,AllEvents,贵州省,贵阳,
Online meetup,,,,,,https://allevents.in/online/online-meetup-tickets/80003262411072,,,AllEvents,贵州省,贵阳,
Critical Thinking Workshop,,,,,,https://allevents.in/online/critical-thinking-workshop-tickets/80004216855139,,,AllEvents,贵州省,贵阳,
3-day Immersive Marketing & AI Program,,,,,,https://allevents.in/online/3-day-immersive-marketing-and-ai-program-tickets/80001508232625,,,AllEvents,贵州省,贵阳,
Dance classes online CB crew,,,,,,https://allevents.in/online/dance-classes-online-cb-crew-tickets/80005274200024,,,AllEvents,贵州省,贵阳,
Dandiya Night Carnival,,,,,,https://allevents.in/greater-noida/dandiya-night-carnival-tickets/80003551873791,,,AllEvents,贵州省,贵阳,
Manchester Derby - Live Screening,,,,,,https://allevents.in/ahmedabad/manchester-derby-live-screening-tickets/80002332346130,,,AllEvents,贵州省,贵阳,
Bhajan & Bollywood jamming,,,,,,https://allevents.in/ahmedabad/bhajan-and-bollywood-jamming-tickets/80009215811600,,,AllEvents,贵州省,贵阳,
41st Annual Cookie Tour of Historic Homes,,,,,,https://allevents.in/baltimore/41st-annual-cookie-tour-of-historic-homes-tickets/80001637824123,,,AllEvents,贵州省,贵阳,
Dastan-E-Karn First time in Kota,,,,,,https://allevents.in/kota/dastan-e-karn-first-time-in-kota-tickets/80005266865314,,,AllEvents,贵州省,贵阳,
Kukdukoo Fest Pune,,,,,,https://allevents.in/pune/kukdukoo-fest-pune-tickets/80003102290627,,,AllEvents,贵州省,贵阳,
Open Source India | 7-8 October 2026,,,,,,https://allevents.in/bangalore/open-source-india-7-8-october-2026-tickets/80001954100279,,,AllEvents,贵州省,贵阳,
EAST INDIA PRINT & PACK 2026,,,,,,https://allevents.in/kolkata/east-india-print-and-pack-2026-tickets/80002394181313,,,AllEvents,贵州省,贵阳,
2nd Gujarat Medical Expo,,,,,,https://allevents.in/ahmedabad/2nd-gujarat-medical-expo-tickets/80007267792282,,,AllEvents,贵州省,贵阳,
"Books, Brews & Tattoos Session 2",,,,,,https://allevents.in/phoenixville/books-brews-and-tattoos-session-2-tickets/80002692922015,,,AllEvents,贵州省,贵阳,
SHIV NAAD — Bhajan Jamming By Jammers Junction,,,,,,https://allevents.in/ahmedabad/shiv-naad-bhajan-jamming-by-jammers-junction-tickets/80001262741296,,,AllEvents,贵州省,贵阳,
"Liverpool Barber Bash - Barber Culture, Education & Socialising",,,,,,https://allevents.in/liverpool/liverpool-barber-bash-barber-culture-education-and-socialising-tickets/80002556227821,,,AllEvents,贵州省,贵阳,
Jobtoberfest 27th Annual Job & Resource Fair,,,,,,https://allevents.in/san-diego/jobtoberfest-27th-annual-job-and-resource-fair-tickets/80002667436473,,,AllEvents,贵州省,贵阳,
Make your own ceramic Rudi Reindeer - £38 - Sundays 11.30-2.00pm,,,,,,https://allevents.in/southam/make-your-own-ceramic-rudi-reindeer-£38-sundays-1130-200pm-tickets/80001716973678,,,AllEvents,贵州省,贵阳,
વાવ Ni Mandli,,,,,,https://allevents.in/patan/વાવ-ni-mandli-tickets/80002138559632,,,AllEvents,贵州省,贵阳,
Europe’s Number One Dire Straits Show - King's Lynn,,,,,,https://allevents.in/kings-lynn/europes-number-one-dire-straits-show-kings-lynn-tickets/80003715928710,,,AllEvents,贵州省,贵阳,
Book Fair and Swap-Tanner Brewing-Session 1,,,,,,https://allevents.in/haddon-heights/book-fair-and-swap-tanner-brewing-session-1-tickets/80002189231137,,,AllEvents,贵州省,贵阳,
"❤️TOTALLY TOM PETTY🎸💖 * Get Early Bird Deals Now* @ Circle Theatre, Sebring Florida- SAT, DEC 5",,,,,,https://allevents.in/sebring/totally-tom-petty-get-early-bird-deals-now-circle-theatre-sebring-florida-sat-dec-5-tickets/80003396329761,,,AllEvents,贵州省,贵阳,
"The Prince, the Courtesan and the Missing Diamonds by Calum MacLeod",,,,,,https://allevents.in/cambridge/the-prince-the-courtesan-and-the-missing-diamonds-by-calum-macleod-tickets/80001553156676,,,AllEvents,贵州省,贵阳,
Whispers from the Past,,,,,,https://allevents.in/piru/whispers-from-the-past-tickets/80002605828188,,,AllEvents,贵州省,贵阳,
THE ROOM OF MEMORIES,,,,,,https://allevents.in/hyderabad/the-room-of-memories-tickets/80001670909957,,,AllEvents,贵州省,贵阳,
Mirik Pine Run 2026,,,,,,https://allevents.in/darjeeling/mirik-pine-run-2026-tickets/80002478061605,,,AllEvents,贵州省,贵阳,
Bollywood x Northeast Night,,,,,,https://allevents.in/bangalore/bollywood-x-northeast-night-tickets/80001102162181,,,AllEvents,贵州省,贵阳,
2026 Community Mentoring Programme - Open Day,,,,,,https://allevents.in/london/2026-community-mentoring-programme-open-day-tickets/80001248324120,,,AllEvents,贵州省,贵阳,
Laksh Maheshwari Live in Vancouver: Khushiyan,,,,,,https://allevents.in/vancouver/laksh-maheshwari-live-in-vancouver-khushiyan-tickets/80003799370109,,,AllEvents,贵州省,贵阳,
A Grown-Up Book Fair & Swap,,,,,,https://allevents.in/canton/a-grown-up-book-fair-and-swap-tickets/80003759622952,,,AllEvents,贵州省,贵阳,
Uni Reunion Party '96-99,,,,,,https://allevents.in/brighton-and-hove/uni-reunion-party-96-99-tickets/80003605348769,,,AllEvents,贵州省,贵阳,
3rd Annual SHEConnects Women's Experience,,,,,,https://allevents.in/jacksonville/3rd-annual-sheconnects-womens-experience-tickets/100001990962583683,,,AllEvents,贵州省,贵阳,
THE ROOM OF MEMORIES,,,,,,https://allevents.in/chennai/the-room-of-memories-tickets/80003062635720,,,AllEvents,贵州省,贵阳,
THE ROOM OF MEMORIES,,,,,,https://allevents.in/new-delhi/the-room-of-memories-tickets/80001271647599,,,AllEvents,贵州省,贵阳,
The ડેલી Daira,,,,,,https://allevents.in/ahmedabad/the-ડેલી-daira-tickets/80003085600770,,,AllEvents,贵州省,贵阳,
DHOOM - CLUB NIGHT,,,,,,https://allevents.in/hamilton/dhoom-club-night-tickets/80001453731395,,,AllEvents,贵州省,贵阳,
Run&Ride2Fit 5k Unity Run 7.0,,,,,,https://allevents.in/vadodara/runandride2fit-5k-unity-run-70-tickets/80001480168954,,,AllEvents,贵州省,贵阳,
THE ROOM OF MEMORIES,,,,,,https://allevents.in/new-delhi/the-room-of-memories-tickets/80007744839848,,,AllEvents,贵州省,贵阳,
"Navrang Navratri Festival Canada 2026 With ADITYA GADHVI - SATURDAY 3rd October, 2026",,,,,,https://allevents.in/mississauga/navrang-navratri-festival-canada-2026-with-aditya-gadhvi-saturday-3rd-october-2026-tickets/80001660365227,,,AllEvents,贵州省,贵阳,
WFV-SIGA Navratri Utsav 2026 (Raas Garba and Dandiya),,,,,,https://allevents.in/bangalore/wfv-siga-navratri-utsav-2026-raas-garba-and-dandiya-tickets/80003122005580,,,AllEvents,贵州省,贵阳,
State Fair Theme Market with Snoopy & Kitty,,,,,,https://allevents.in/dallas/state-fair-theme-market-with-snoopy-and-kitty-tickets/80002092954751,,,AllEvents,贵州省,贵阳,
"💖🎸WOMEN OF ROCK LAS VEGAS | Citrus Springs Community Center, Friday November 20!! 💋",,,,,,https://allevents.in/pine-ridge/women-of-rock-las-vegas-citrus-springs-community-center-friday-november-20-tickets/80002092969292,,,AllEvents,贵州省,贵阳,
DIFF On the Road | Film Festival | Arthshila Patna,,,,,,https://allevents.in/patna/diff-on-the-road-film-festival-arthshila-patna-tickets/80003589721153,,,AllEvents,贵州省,贵阳,
Global Startup Summit 2026 | HYDERABAD,,,,,,https://allevents.in/hyderabad/global-startup-summit-2026-hyderabad-tickets/80002366469430,,,AllEvents,贵州省,贵阳,
AFTER DARK: ALL WHITE – Dallas Rooftop Party,,,,,,https://allevents.in/dallas/after-dark-all-white-dallas-rooftop-party-tickets/100001997264468791,,,AllEvents,贵州省,贵阳,
PLAYLIST - SUNDOWNER COFFEE RAVE,,,,,,https://allevents.in/ahmedabad/playlist-sundowner-coffee-rave-tickets/80003536866672,,,AllEvents,贵州省,贵阳,
Apna Open Mic - Ahmedabad - 75th Edition,,,,,,https://allevents.in/ahmedabad/apna-open-mic-ahmedabad-75th-edition-tickets/80002999436095,,,AllEvents,贵州省,贵阳,
GOLDEN SPEED DATING,,,,,,https://allevents.in/edmonton/golden-speed-dating-tickets/80007823572749,,,AllEvents,贵州省,贵阳,
Crowd Kacheri - Tamil Sing Along by SV Creative Arts,,,,,,https://allevents.in/ajax/crowd-kacheri-tamil-sing-along-by-sv-creative-arts-tickets/80003729531589,,,AllEvents,贵州省,贵阳,
Union Square  Crab Feast & Pig Roast Fundraiser,,,,,,https://allevents.in/baltimore/union-square-crab-feast-and-pig-roast-fundraiser-tickets/80001472794936,,,AllEvents,贵州省,贵阳,
Black Sea 3.0,,,,,,https://allevents.in/new-york/black-sea-30-tickets/80003387713616,,,AllEvents,贵州省,贵阳,
The Women Of Rock Las Vegas Show at Melbourne Auditorium - Sept 25,,,,,,https://allevents.in/melbourne/the-women-of-rock-las-vegas-show-at-melbourne-auditorium-sept-25-tickets/80002420107291,,,AllEvents,贵州省,贵阳,
Franchise Conclave 2026 · Jaipur · A Petpooja Initiative,,,,,,https://allevents.in/jaipur/franchise-conclave-2026-·-jaipur-·-a-petpooja-initiative-tickets/80001584491416,,,AllEvents,贵州省,贵阳,
You Can Live Again Awards Gala 2026,,,,,,https://allevents.in/dallas/you-can-live-again-awards-gala-2026-tickets/80002933537568,,,AllEvents,贵州省,贵阳,
好心程: 感情挑戰,,,,,,https://allevents.in/hong-kong/好心程-感情挑戰/100001991455192088,,,AllEvents,香港特别行政区,香港,
Mind HK: Standard Mental Health First Aid (MHFA) Course (Sept 19&20)+MH101,,,,,,https://allevents.in/hong-kong/mind-hk-standard-mental-health-first-aid-mhfa-course-sept-19and20mh101/100001989883852168,,,AllEvents,香港特别行政区,香港,
Mind HK: 精神健康急救證書課程（標準版）- 10 月 17 & 18 日 + 免費精神健康基礎培訓線上課程,,,,,,https://allevents.in/hong-kong/mind-hk-精神健康急救證書課程（標準版）-10-月-17-and-18-日-免費精神健康基礎培訓線上課程/100001991347082730,,,AllEvents,香港特别行政区,香港,
Bridge of Support 支持之橋 | Communication and Wellbeing Course,,,,,,https://allevents.in/hong-kong/bridge-of-support-支持之橋-communication-and-wellbeing-course/100001584040139699,,,AllEvents,香港特别行政区,香港,
有AI，為什麼團隊還是很忙？,,,,,,https://allevents.in/hong-kong/有ai，為什麼團隊還是很忙？/100002000340692860,,,AllEvents,香港特别行政区,香港,
Group Fitness Class,,,,,,https://allevents.in/hong-kong/group-fitness-class/100002000538687066,,,AllEvents,香港特别行政区,香港,
"ASIA AGRITRADE FORUM 2026 | Oils, Pulses & Grains Trade in Asia",,,,,,https://allevents.in/hong-kong/asia-agritrade-forum-2026-oils-pulses-and-grains-trade-in-asia/80003204894951,,,AllEvents,香港特别行政区,香港,
ICPPM 2026,,,,,,https://allevents.in/hong-kong/icppm-2026/200030622302053,,,AllEvents,香港特别行政区,香港,
Fung Scholars Leadership Conference 2026,,,,,,https://allevents.in/hong-kong/fung-scholars-leadership-conference-2026/200030570268503,,,AllEvents,香港特别行政区,香港,
Innovative Measures to Incentivise Urban Renewal: Gov't Briefing Session,,,,,,https://allevents.in/hong-kong/innovative-measures-to-incentivise-urban-renewal-govt-briefing-session/100002000154656420,,,AllEvents,香港特别行政区,香港,
"International Conference, Hong Kong",,,,,,https://allevents.in/hong-kong/international-conference-hong-kong/200030425504204,,,AllEvents,香港特别行政区,香港,
RICS HK Training – Procurement and Tendering: From Process to Strategy,,,,,,https://allevents.in/hong-kong/rics-hk-training-procurement-and-tendering-from-process-to-strategy/100002000082897788,,,AllEvents,香港特别行政区,香港,
"Stephen Hough: Beethoven, Schumann & More 侯夫鋼琴獨奏會 貝多芬、舒曼及更多",,,,,,https://allevents.in/hong-kong/stephen-hough-beethoven-schumann-and-more-侯夫鋼琴獨奏會-貝多芬、舒曼及更多/80001728676436,,,AllEvents,香港特别行政区,香港,
HK Bluesfest 2026,,,,,,https://allevents.in/hong-kong/hk-bluesfest-2026/200030425504712,,,AllEvents,香港特别行政区,香港,
Bold New Voices: Benett Tsai & Aristo Sham 飛躍新星：蔡崇恩與沈靖韜,,,,,,https://allevents.in/hong-kong/bold-new-voices-benett-tsai-and-aristo-sham-飛躍新星：蔡崇恩與沈靖韜/80003694048562,,,AllEvents,香港特别行政区,香港,
Premiere Performances Jazz Zaccai Curtis Quartet: Cubop Lives! 飛躍演奏爵士系列 Zaccai Curtis 四重奏：古巴波普之夜,,,,,,https://allevents.in/hong-kong/premiere-performances-jazz-zaccai-curtis-quartet-cubop-lives-飛躍演奏爵士系列-zaccai-curtis-四重奏：古巴波普之夜/80001973242547,,,AllEvents,香港特别行政区,香港,
Wanchai Daylight Bar Hop (Includes a 15 Min Tipsy Public Tram Ride),,,,,,https://allevents.in/hong-kong/wanchai-daylight-bar-hop-includes-a-15-min-tipsy-public-tram-ride/100001223144270439,,,AllEvents,香港特别行政区,香港,
Choose from Over 50 Whiskies and Spirits Tasting at Mizunara:The Shop,,,,,,https://allevents.in/hong-kong/choose-from-over-50-whiskies-and-spirits-tasting-at-mizunara-the-shop/100002000349972616,,,AllEvents,香港特别行政区,香港,
Not a book club,,,,,,https://allevents.in/hong-kong/not-a-book-club/100002000080795500,,,AllEvents,香港特别行政区,香港,
"Brunch, Babes & Blooms",,,,,,https://allevents.in/hong-kong/brunch-babes-and-blooms/100001999257010537,,,AllEvents,香港特别行政区,香港,
召集!高達同好咖啡聚@旺角音樂大排檔,,,,,,https://allevents.in/hong-kong/召集高達同好咖啡聚-旺角音樂大排檔/200030475112912,,,AllEvents,香港特别行政区,香港,
Coffee Run,,,,,,https://allevents.in/hong-kong/coffee-run/100001999088846554,,,AllEvents,香港特别行政区,香港,
22 Sep _ [性感·火熱] x Clare 小千,,,,,,https://allevents.in/hong-kong/22-sep-_-性感·火熱-x-clare-小千/200030280774658,,,AllEvents,香港特别行政区,香港,
Malvern College Pre‑School (Island West) Open Day 2026,,,,,,https://allevents.in/hong-kong/malvern-college-pre‑school-island-west-open-day-2026/100001998523428373,,,AllEvents,香港特别行政区,香港,
9月30號 大神 Kream @ Space Club 香港,,,,,,https://allevents.in/hong-kong/9月30號-大神-kream-space-club-香港/100002000034780869,,,AllEvents,香港特别行政区,香港,
YMCA Christian Academy Open Day,,,,,,https://allevents.in/hong-kong/ymca-christian-academy-open-day/100001996543260638,,,AllEvents,香港特别行政区,香港,
FORREST YOGA Building a Warrior's Heart: A 4-Part Yoga Series with Ana Forrest & Jose Calarco,,,,,,https://allevents.in/hong-kong/forrest-yoga-building-a-warriors-heart-a-4-part-yoga-series-with-ana-forrest-and-jose-calarco/200030630346910,,,AllEvents,香港特别行政区,香港,
📸 友好聚會 & 攝影漫步 / Make friends & Photowalk Meetup Hong Kong,,,,,,https://allevents.in/hong-kong/友好聚會-and-攝影漫步-make-friends-and-photowalk-meetup-hong-kong/200029947825454,,,AllEvents,香港特别行政区,香港,
Motown Day Party: Sydney ✨,,,,,,https://allevents.in/hong-kong/motown-day-party-sydney/200030305446800,,,AllEvents,香港特别行政区,香港,
Central Speakeasy Bar Hop,,,,,,https://allevents.in/hong-kong/central-speakeasy-bar-hop/100001223141131049,,,AllEvents,香港特别行政区,香港,
Lantau 2 Peaks - Hong Kong - 25km & 17km,,,,,,https://allevents.in/hong-kong/lantau-2-peaks-hong-kong-25km-and-17km/200030365013405,,,AllEvents,香港特别行政区,香港,
20th Anniversary of the Clean Half - Extreme Marathon Swim,,,,,,https://allevents.in/hong-kong/20th-anniversary-of-the-clean-half-extreme-marathon-swim/200030332123653,,,AllEvents,香港特别行政区,香港,
Hong Kong China SIXES CRICKET TOURNAMENT ( created by NATIONAL HONK KONG CHINA CRICKET TEAM),,,,,,https://allevents.in/hong-kong/hong-kong-china-sixes-cricket-tournament-created-by-national-honk-kong-china-cricket-team/200030489969320,,,AllEvents,香港特别行政区,香港,
CBRE HK50,,,,,,https://allevents.in/hong-kong/cbre-hk50/200030365075210,,,AllEvents,香港特别行政区,香港,
Hysan Island Hike & Run - 23km-15km-6km,,,,,,https://allevents.in/hong-kong/hysan-island-hike-and-run-23km-15km-6km/200030403309055,,,AllEvents,香港特别行政区,香港,
TOPO Lantau 30,,,,,,https://allevents.in/hong-kong/topo-lantau-30/200030425504411,,,AllEvents,香港特别行政区,香港,
Lantau 50 - 50km-27km-16km,,,,,,https://allevents.in/hong-kong/lantau-50-50km-27km-16km/200030484767337,,,AllEvents,香港特别行政区,香港,
Swimming Lesson on Sunday at 11 am in Tung Chung,,,,,,https://allevents.in/hong-kong/swimming-lesson-on-sunday-at-11-am-in-tung-chung/200030079730427,,,AllEvents,香港特别行政区,香港,
Hong Kong Run (Registration is mandatory / Weekly meetup / Recurrent event ),,,,,,https://allevents.in/hong-kong/hong-kong-run-registration-is-mandatory-weekly-meetup-recurrent-event/200030101177434,,,AllEvents,香港特别行政区,香港,
Candlelight: Ed Sheeran & Coldplay,,,,,,https://allevents.in/hong-kong/candlelight-ed-sheeran-and-coldplay/2700030035695907,,,AllEvents,香港特别行政区,香港,
"Camille Thomas: Rendez-vous (with Julien Brocal, piano) 湯瑪斯大提琴獨奏會 (朱利安・布羅卡,鋼琴)：相約再會",,,,,,https://allevents.in/hong-kong/camille-thomas-rendez-vous-with-julien-brocal-piano-湯瑪斯大提琴獨奏會-朱利安・布羅卡鋼琴：相約再會/200030565397223,,,AllEvents,香港特别行政区,香港,
The Life of a Schoolboy,,,,,,https://allevents.in/hong-kong/the-life-of-a-schoolboy/100001999666111168,,,AllEvents,香港特别行政区,香港,
Cheung Chau Island Mud Olympigs Plus DJ Music Festival 2026!,,,,,,https://allevents.in/hong-kong/cheung-chau-island-mud-olympigs-plus-dj-music-festival-2026/100001981393626675,,,AllEvents,香港特别行政区,香港,
樂儀社24週年師生音樂會(2),,,,,,https://allevents.in/hong-kong/樂儀社24週年師生音樂會2/200030441768938,,,AllEvents,香港特别行政区,香港,
The Jazz Room: A Journey to the Heart of New Orleans,,,,,,https://allevents.in/hong-kong/the-jazz-room-a-journey-to-the-heart-of-new-orleans/2700030484746343,,,AllEvents,香港特别行政区,香港,
Country Music Night (Oliver's Secret Sessions) (Acoustic Live),,,,,,https://allevents.in/hong-kong/country-music-night-olivers-secret-sessions-acoustic-live/100001999025164078,,,AllEvents,香港特别行政区,香港,
Premiere Performances Jazz Walter Blanding Quintet 飛躍演奏爵士系列 Walter Blanding 五重奏,,,,,,https://allevents.in/hong-kong/premiere-performances-jazz-walter-blanding-quintet-飛躍演奏爵士系列-walter-blanding-五重奏/80002412550932,,,AllEvents,香港特别行政区,香港,
Kindermusik + Playroom (6-18 months | 18-36 months ),,,,,,https://allevents.in/hong-kong/kindermusik-playroom-6-18-months-18-36-months/10000761061043067,,,AllEvents,香港特别行政区,香港,
Yuja Wang play-conducts the Mahler Chamber Orchestra 王羽佳與馬勒室樂團,,,,,,https://allevents.in/hong-kong/yuja-wang-play-conducts-the-mahler-chamber-orchestra-王羽佳與馬勒室樂團/200030380504730,,,AllEvents,香港特别行政区,香港,
Wycombe Abbey School Hong Kong – Open Day 2026,,,,,,https://allevents.in/hong-kong/wycombe-abbey-school-hong-kong-open-day-2026/100001998408404333,,,AllEvents,香港特别行政区,香港,
Lunchtime / Brunchtime Destress Doodling sessions,,,,,,https://allevents.in/hong-kong/lunchtime-brunchtime-destress-doodling-sessions/200030679757047,,,AllEvents,香港特别行政区,香港,
hongkong-china trip,,,,,,https://allevents.in/hong-kong/hongkong-china-trip/200030275756005,,,AllEvents,香港特别行政区,香港,
Crime Fiction Talk + Book Signing with Author Daniel Sellers,,,,,,https://allevents.in/hong-kong/crime-fiction-talk-book-signing-with-author-daniel-sellers/100001998399811632,,,AllEvents,香港特别行政区,香港,
TBC Improv Presents: Spotlight on the Pretentious Mind,,,,,,https://allevents.in/hong-kong/tbc-improv-presents-spotlight-on-the-pretentious-mind/100001989831711213,,,AllEvents,香港特别行政区,香港,
TBC Improv Presents: Last Story Standing,,,,,,https://allevents.in/hong-kong/tbc-improv-presents-last-story-standing/100001989832350124,,,AllEvents,香港特别行政区,香港,
Stitch DIaries : Art Embroidery 2026,,,,,,https://allevents.in/hong-kong/stitch-diaries-art-embroidery-2026/200030321941115,,,AllEvents,香港特别行政区,香港,
TEDx HKBU,,,,,,https://allevents.in/hong-kong/tedx-hkbu/200030637526922,,,AllEvents,香港特别行政区,香港,
2026 PPDS Mid-Autumn Event: 24 Sep ( Twilight Session),,,,,,https://allevents.in/hong-kong/2026-ppds-mid-autumn-event-24-sep-twilight-session/100001998471660534,,,AllEvents,香港特别行政区,香港,
"2026 PPDS Mid-Autumn Event:  25 Sep (AM Session, additional one ticket)",,,,,,https://allevents.in/hong-kong/2026-ppds-mid-autumn-event-25-sep-am-session-additional-one-ticket/100001998466838110,,,AllEvents,香港特别行政区,香港,
MIND MATTERS Vol. 1: Practical Wisdom for Busy Minds,,,,,,https://allevents.in/hong-kong/mind-matters-vol-1-practical-wisdom-for-busy-minds/100001998945040426,,,AllEvents,香港特别行政区,香港,
Death Forum 生死論壇 AI 是人類文明的里程碑還是人類文明的死亡？,,,,,,https://allevents.in/hong-kong/death-forum-生死論壇-ai-是人類文明的里程碑還是人類文明的死亡？/100001999089249760,,,AllEvents,香港特别行政区,香港,
©Universal Yoga Immersion for All Levels with Andrey Lappa & Christina Cheng,,,,,,https://allevents.in/hong-kong/universal-yoga-immersion-for-all-levels-with-andrey-lappa-and-christina-cheng/200030302779131,,,AllEvents,香港特别行政区,香港,
Discovery Space - Public Visits,,,,,,https://allevents.in/hong-kong/discovery-space-public-visits/100001984119933131,,,AllEvents,香港特别行政区,香港,
Kundalini Evolution 75 Hours Continuing Education Training with Dileep Puliyolly,,,,,,https://allevents.in/hong-kong/kundalini-evolution-75-hours-continuing-education-training-with-dileep-puliyolly/200030558603645,,,AllEvents,香港特别行政区,香港,
Evaluate to Elevate: Master the Art of Evaluation with Andrew Yeung,,,,,,https://allevents.in/hong-kong/evaluate-to-elevate-master-the-art-of-evaluation-with-andrew-yeung/100001998672505266,,,AllEvents,香港特别行政区,香港,
Hong Kong Achievers Toastmasters Club Special Event: Speakathon,,,,,,https://allevents.in/hong-kong/hong-kong-achievers-toastmasters-club-special-event-speakathon/100001998962569857,,,AllEvents,香港特别行政区,香港,
Asia Cornea Society Hong Kong 2026,,,,,,https://allevents.in/hong-kong/asia-cornea-society-hong-kong-2026/200030630346808,,,AllEvents,香港特别行政区,香港,
愛德循環運動 義工培訓班 (證書),,,,,,https://allevents.in/hong-kong/愛德循環運動-義工培訓班-證書/200030659618429,,,AllEvents,香港特别行政区,香港,
Intermediate Improv Course (201) w/ TBC Improv HK - Fall '26,,,,,,https://allevents.in/hong-kong/intermediate-improv-course-201-w-tbc-improv-hk-fall-26/200030466695416,,,AllEvents,香港特别行政区,香港,
Lunchtime LinkedIn Masterclass: Why Your Headshot Matters,,,,,,https://allevents.in/hong-kong/lunchtime-linkedin-masterclass-why-your-headshot-matters/100001993579365548,,,AllEvents,香港特别行政区,香港,
Gecko Theatre Workshop,,,,,,https://allevents.in/hong-kong/gecko-theatre-workshop/100001999009499224,,,AllEvents,香港特别行政区,香港,
200-hours Yoga Teacher Training Certificate Course (Tue & Thu Evening),,,,,,https://allevents.in/hong-kong/200-hours-yoga-teacher-training-certificate-course-tue-and-thu-evening/200030588585356,,,AllEvents,香港特别行政区,香港,
Champion Workshop Series - Impromptu Speaking Secrets – The Art of Thinking on Your Feet!,,,,,,https://allevents.in/hong-kong/champion-workshop-series-impromptu-speaking-secrets-the-art-of-thinking-on-your-feet/200030641856525,,,AllEvents,香港特别行政区,香港,
Mind HK: Standard Mental Health First Aid (MHFA) Course (Nov14&15)+MH101,,,,,,https://allevents.in/hong-kong/mind-hk-standard-mental-health-first-aid-mhfa-course-nov14and15mh101/100001991444948449,,,AllEvents,香港特别行政区,香港,
The Resilient Yogi -  A Workshop with John Lizcano,,,,,,https://allevents.in/hong-kong/the-resilient-yogi-a-workshop-with-john-lizcano/100001991972824340,,,AllEvents,香港特别行政区,香港,
"Monthly Reset: Regulate Stress, Restore Balance",,,,,,https://allevents.in/hong-kong/monthly-reset-regulate-stress-restore-balance/100001999460641603,,,AllEvents,香港特别行政区,香港,
無比度母 無畏懼者 | The Incomparable Tara — The Fearless One,,,,,,https://allevents.in/hong-kong/無比度母-無畏懼者-the-incomparable-tara-the-fearless-one/100001999078878740,,,AllEvents,香港特别行政区,香港,
The 852 | Thu | HIIT & Strength Hybrid Training with GG Squad,,,,,,https://allevents.in/hong-kong/the-852-thu-hiit-and-strength-hybrid-training-with-gg-squad/100001994927243086,,,AllEvents,香港特别行政区,香港,
"【Shamanic Drum Circle
薩滿鼓療癒儀式】",,,,,,https://allevents.in/hong-kong/【shamanic-drum-circle-薩滿鼓療癒儀式】/200030584502411,,,AllEvents,香港特别行政区,香港,
Pride Run Hong Kong 2026,,,,,,https://allevents.in/hong-kong/pride-run-hong-kong-2026/200030696145008,,,AllEvents,香港特别行政区,香港,
"300-hours Yoga Therapy and Ayurveda Teacher Training Certificate Course (Mon,Wed & Fri Morning)",,,,,,https://allevents.in/hong-kong/300-hours-yoga-therapy-and-ayurveda-teacher-training-certificate-course-monwed-and-fri-morning/200030371480449,,,AllEvents,香港特别行政区,香港,
職事心聞,,,,,,https://allevents.in/hong-kong/職事心聞/100002000609165870,,,AllEvents,香港特别行政区,香港,
AI Workshop: Get your Business Ready for AI Search,,,,,,https://allevents.in/hong-kong/ai-workshop-get-your-business-ready-for-ai-search/100001999448814227,,,AllEvents,香港特别行政区,香港,
"Generative AI for Managers and Directors: Leading Productivity, Innovation",,,,,,https://allevents.in/hong-kong/generative-ai-for-managers-and-directors-leading-productivity-innovation/100001997939452686,,,AllEvents,香港特别行政区,香港,
reCHARM + Injection Lab: Build Your Own Robot,,,,,,https://allevents.in/hong-kong/recharm-injection-lab-build-your-own-robot/100001998876040044,,,AllEvents,香港特别行政区,香港,
Call for Abstracts | Join the 3rd WFWPI Global Vision Summit in Hong Kong,,,,,,https://allevents.in/hong-kong/call-for-abstracts-join-the-3rd-wfwpi-global-vision-summit-in-hong-kong/200030449016257,,,AllEvents,香港特别行政区,香港,
Retail Asia Summit - Hong Kong 2026,,,,,,https://allevents.in/hong-kong/retail-asia-summit-hong-kong-2026/200030558607621,,,AllEvents,香港特别行政区,香港,
AI & Organization Index - The Great Compression 2.0 with HKU CAMO,,,,,,https://allevents.in/hong-kong/ai-and-organization-index-the-great-compression-20-with-hku-camo/100001997958954015,,,AllEvents,香港特别行政区,香港,
Globetrotter’s Meetup - Hong Kong (Registration is mandatory),,,,,,https://allevents.in/hong-kong/globetrotters-meetup-hong-kong-registration-is-mandatory/200030101178942,,,AllEvents,香港特别行政区,香港,
Jenny Erpenbeck In Conversation,,,,,,https://allevents.in/hong-kong/jenny-erpenbeck-in-conversation/100001998211006912,,,AllEvents,香港特别行政区,香港,
Meet Your Chapter 2.0,,,,,,https://allevents.in/hong-kong/meet-your-chapter-20/100002000102912653,,,AllEvents,香港特别行政区,香港,
October & November Infant Toddler Programme (Various tickets 多款套票),,,,,,https://allevents.in/hong-kong/october-and-november-infant-toddler-programme-various-tickets-多款套票/100002000084025160,,,AllEvents,香港特别行政区,香港,
Small Talks Circles/Rotaract-Education Culture HK Evening October,,,,,,https://allevents.in/hong-kong/small-talks-circles-rotaract-education-culture-hk-evening-october/100001999659508419,,,AllEvents,香港特别行政区,香港,
Cocktails + Convo: Hong Kong | A Night Out with New Friends,,,,,,https://allevents.in/hong-kong/cocktails-convo-hong-kong-a-night-out-with-new-friends/100001971161750859,,,AllEvents,香港特别行政区,香港,
HONG KONG  PSYCH-K® Basic Workshop,,,,,,https://allevents.in/hong-kong/hong-kong-psych-k-basic-workshop/200030305297744,,,AllEvents,香港特别行政区,香港,
Scent Detection Trial,,,,,,https://allevents.in/hong-kong/scent-detection-trial/200030693822030,,,AllEvents,香港特别行政区,香港,
The University of Sydney Macau SAR Open Day October 2026,,,,,,https://allevents.in/macau/the-university-of-sydney-macau-sar-open-day-october-2026/100001996191460394,,,AllEvents,澳门特别行政区,澳门,
Digital Nomad Meetup Macao (Registration is mandatory),,,,,,https://allevents.in/macau/digital-nomad-meetup-macao-registration-is-mandatory/200030026338156,,,AllEvents,澳门特别行政区,澳门,
Globetrotter’s Meetup - Macao (Registration is mandatory),,,,,,https://allevents.in/macau/globetrotters-meetup-macao-registration-is-mandatory/200030542298619,,,AllEvents,澳门特别行政区,澳门,
中文科幻的過去與未來──從倪匡談起（台北場）,,,,,,https://allevents.in/taipei/中文科幻的過去與未來──從倪匡談起（台北場）/200030663680817,,,AllEvents,台湾,台北,
"9月19日星期六下午,咪呀,（已額滿,可備取。）性感時裝外拍。（本團必開場喔。）",,,,,,https://allevents.in/taipei/9月19日星期六下午咪呀（已額滿可備取。）性感時裝外拍。（本團必開場喔。）/200030333955219,,,AllEvents,台湾,台北,
《富養自己》新書分享會,,,,,,https://allevents.in/taipei/《富養自己》新書分享會/200030701696504,,,AllEvents,台湾,台北,
名譽傳說 1st ONEMAN TOUR 2026,,,,,,https://allevents.in/taipei/名譽傳說-1st-oneman-tour-2026/200030523212628,,,AllEvents,台湾,台北,
安德烈亞・范佐 Intimacy Vol.2 鋼琴演奏會台灣站-台北場,,,,,,https://allevents.in/taipei/安德烈亞・范佐-intimacy-vol2-鋼琴演奏會台灣站-台北場/200030459416921,,,AllEvents,台湾,台北,
"Brujeria in Taipei, Taiwan",,,,,,https://allevents.in/taipei/brujeria-in-taipei-taiwan/200030202937719,,,AllEvents,台湾,台北,
邱舒《正來尞》台北首場簽唱會｜Come Hang with Chiu Shu!,,,,,,https://allevents.in/taipei/邱舒《正來尞》台北首場簽唱會｜come-hang-with-chiu-shu/200030641950102,,,AllEvents,台湾,台北,
HITORI-ESCAPE ASIA TOUR 2026【TAIPEI】,,,,,,https://allevents.in/taipei/hitori-escape-asia-tour-2026【taipei】/200030603771242,,,AllEvents,台湾,台北,
Taipei Death Match 台北死亡賽 Cerebral Incubation live in Taipei 之 絕頂Slam終極派對,,,,,,https://allevents.in/taipei/taipei-death-match-台北死亡賽-cerebral-incubation-live-in-taipei-之-絕頂slam終極派對/200030651698206,,,AllEvents,台湾,台北,
aka 10th Anniversary LIVE ✧ 十週年紀念・原創曲發表,,,,,,https://allevents.in/taipei/aka-10th-anniversary-live-✧-十週年紀念・原創曲發表/200030649149337,,,AllEvents,台湾,台北,
International meetings in  Taipei - On Thursdays - Recurrent Link,,,,,,https://allevents.in/taipei/international-meetings-in-taipei-on-thursdays-recurrent-link/200030210680854,,,AllEvents,台湾,台北,
"9月19日星期六早上,魏妤如,一般時裝外拍（本團必開場喔。）",,,,,,https://allevents.in/taipei/9月19日星期六早上魏妤如一般時裝外拍（本團必開場喔。）/200030646817437,,,AllEvents,台湾,台北,
珍·奧斯汀舞會預備班Lesson 2,,,,,,https://allevents.in/taipei/珍·奧斯汀舞會預備班lesson-2/200030467939747,,,AllEvents,台湾,台北,
"9月27日台北早場水博!甜美可愛,溫柔可人!幸玲!",,,,,,https://allevents.in/taipei/9月27日台北早場水博甜美可愛溫柔可人幸玲/200030640121714,,,AllEvents,台湾,台北,
"Apéro, 台北的友好/專業會議",,,,,,https://allevents.in/taipei/apéro-台北的友好-專業會議/200029800898134,,,AllEvents,台湾,台北,
10/18(日) 小安 性感時裝夜拍,,,,,,https://allevents.in/taipei/10-18日-小安-性感時裝夜拍/200030642486534,,,AllEvents,台湾,台北,
"9月28日星期一早上,Sunny（小采緹）,比基尼水博館外拍。（本團必開場喔。）",,,,,,https://allevents.in/taipei/9月28日星期一早上sunny（小采緹）比基尼水博館外拍。（本團必開場喔。）/200030494258618,,,AllEvents,台湾,台北,
10月3日 (午)  視覺滿滿  混血小美女 舒軒 (小柚)   自來水博物館  性感比基尼外拍,,,,,,https://allevents.in/taipei/10月3日-午-視覺滿滿-混血小美女-舒軒-小柚-自來水博物館-性感比基尼外拍/200030579813721,,,AllEvents,台湾,台北,
9月19日(午) 成熟嫵媚+活潑可愛 曼曼+芸芸  雙模同樂會  自來水博物館  性感比基尼 外拍 🈵,,,,,,https://allevents.in/taipei/9月19日午-成熟嫵媚活潑可愛-曼曼芸芸-雙模同樂會-自來水博物館-性感比基尼-外拍/200030514172833,,,AllEvents,台湾,台北,
11/4(三)午 Miyu小咪 性感時裝/樂活公園,,,,,,https://allevents.in/taipei/11-4三午-miyu小咪-性感時裝-樂活公園/200030495941101,,,AllEvents,台湾,台北,
金秋同樂會之學姐恰恰恰@享象,,,,,,https://allevents.in/taipei/金秋同樂會之學姐恰恰恰-享象/200030121403753,,,AllEvents,台湾,台北,
"琦琦,11/14,下午",,,,,,https://allevents.in/taipei/琦琦11-14下午/200030429500957,,,AllEvents,台湾,台北,
「能を知る会 鎌倉公演【難波】【巻絹】「梅花の能 -言祝ぎの曲-」」,,,,,,https://allevents.in/taipei/「能を知る会-鎌倉公演【難波】【巻絹】「梅花の能-言祝ぎの曲-」」/200030437492001,,,AllEvents,台湾,台北,
2026 SKY HUNTER 士林越野,,,,,,https://allevents.in/taipei/2026-sky-hunter-士林越野/200030022673052,,,AllEvents,台湾,台北,
2026 ZEPRO RUN 全國半程馬拉松 - 台北場,,,,,,https://allevents.in/taipei/2026-zepro-run-全國半程馬拉松-台北場/200030459391845,,,AllEvents,台湾,台北,
L1+L2運動營養專家專業講習(台北場),,,,,,https://allevents.in/taipei/l1l2運動營養專家專業講習台北場/200030590656431,,,AllEvents,台湾,台北,
【10月台北場】NASM美國國家運動醫學院&ISCA國際運動教練協會 運動矯正專家(CES)證照培訓講習雙證照班,,,,,,https://allevents.in/taipei/【10月台北場】nasm美國國家運動醫學院andisca國際運動教練協會-運動矯正專家ces證照培訓講習雙證照班/200030646019417,,,AllEvents,台湾,台北,
第八屆東三塔/東雙塔(東四塔/東環島)挑戰,,,,,,https://allevents.in/taipei/第八屆東三塔-東雙塔東四塔-東環島挑戰/200029788656839,,,AllEvents,台湾,台北,
A.R.T.®自律反應測試_ART-1&2基礎實作工作坊（台北）,,,,,,https://allevents.in/taipei/art自律反應測試_art-1and2基礎實作工作坊（台北）/200029681910954,,,AllEvents,台湾,台北,
【以筆觸採樣】閱讀推廣講座7｜故宮詩畫裡的植物學｜楊智凱,,,,,,https://allevents.in/taoyuan/【以筆觸採樣】閱讀推廣講座7｜故宮詩畫裡的植物學｜楊智凱/200030527567641,,,AllEvents,台湾,台北,
奇蹟 Miracle Festival 2027,,,,,,https://allevents.in/chu-nan/奇蹟-miracle-festival-2027/200030396635202,,,AllEvents,台湾,台北,
2026 永續青年營：氣候調適行動｜限時招募中!🌱,,,,,,https://allevents.in/taipei/2026-永續青年營：氣候調適行動｜限時招募中/200030658175755,,,AllEvents,台湾,台北,
2026教育創新國際年會｜下午C場｜AI × SEL翻轉教師充電場,,,,,,https://allevents.in/taipei/2026教育創新國際年會｜下午c場｜ai-×-sel翻轉教師充電場/200030515235601,,,AllEvents,台湾,台北,
2026/9/18-20 黃素菲、黃正旭【敘事取向生涯諮商：故事中的生活、生涯與生命】三日工作坊,,,,,,https://allevents.in/taipei/2026-9-18-20-黃素菲、黃正旭【敘事取向生涯諮商：故事中的生活、生涯與生命】三日工作坊/200030501882347,,,AllEvents,台湾,台北,
(額滿)CAK 臨床進階肌肉動力學 【台北場】,,,,,,https://allevents.in/taipei/額滿cak-臨床進階肌肉動力學-【台北場】/200030471215311,,,AllEvents,台湾,台北,
DNS Exercise Course Part 1__2026.9.17-19_台北(不需具備DNS基礎),,,,,,https://allevents.in/taipei/dns-exercise-course-part-1__2026917-19_台北不需具備dns基礎/200030568926424,,,AllEvents,台湾,台北,
NASM-CPT國際私人教練證照培訓講習(雙證照班),,,,,,https://allevents.in/taipei/nasm-cpt國際私人教練證照培訓講習雙證照班/200030460979231,,,AllEvents,台湾,台北,
Animal Flow L1 美國動物流 基礎師資證照培訓 No.39 (台北場),,,,,,https://allevents.in/taipei/animal-flow-l1-美國動物流-基礎師資證照培訓-no39-台北場/200029551267959,,,AllEvents,台湾,台北,
運動指導專家系列：精準導引技術—邏輯、口令與實戰【台北場】,,,,,,https://allevents.in/taipei/運動指導專家系列：精準導引技術邏輯、口令與實戰【台北場】/200030526386135,,,AllEvents,台湾,台北,
【9月台北場】NASM-CPT國際私人教練證照培訓講習(雙證照班),,,,,,https://allevents.in/taipei/【9月台北場】nasm-cpt國際私人教練證照培訓講習雙證照班/200030393316635,,,AllEvents,台湾,台北,
《全民版AI識讀》新書發表會,,,,,,https://allevents.in/taipei/《全民版ai識讀》新書發表會/200030603954042,,,AllEvents,台湾,台北,
(額滿)BAK基礎解剖肌肉動力學-LV01-脊椎-【台北場】,,,,,,https://allevents.in/taipei/額滿bak基礎解剖肌肉動力學-lv01-脊椎-【台北場】/200030292917609,,,AllEvents,台湾,台北,
Logical Thinking Approach(LTA)® II 進階課程-高位頸椎相關的頭痛與暈眩物理治療 (台北場）,,,,,,https://allevents.in/taipei/logical-thinking-approachlta-ii-進階課程-高位頸椎相關的頭痛與暈眩物理治療-台北場）/200030520140657,,,AllEvents,台湾,台北,
將北科大更改成科比大學,,,,,,https://allevents.in/taipei/將北科大更改成科比大學/200030287259654,,,AllEvents,台湾,台北,
Lightroom Classic｜從入門到實作,,,,,,https://allevents.in/taipei/lightroom-classic｜從入門到實作/200030548992023,,,AllEvents,台湾,台北,
【生活講座】你可能需要一帖運動～運動良方與習慣養成,,,,,,https://allevents.in/taipei/【生活講座】你可能需要一帖運動～運動良方與習慣養成/200030570660550,,,AllEvents,台湾,台北,
2026 10/2-4 Mike Boyle CFSC 功能性肌力認證教練 L1+L2 國際認證培訓 No.7,,,,,,https://allevents.in/taipei/2026-10-2-4-mike-boyle-cfsc-功能性肌力認證教練-l1l2-國際認證培訓-no7/200029798104135,,,AllEvents,台湾,台北,
2026參與式樸門永續設計課程秋季班,,,,,,https://allevents.in/taipei/2026參與式樸門永續設計課程秋季班/200030672201351,,,AllEvents,台湾,台北,
【旅讀E學堂】吳駿聲老師：【發現古埃及的秘密】古埃及文化 6 講,,,,,,https://allevents.in/taipei/【旅讀e學堂】吳駿聲老師：【發現古埃及的秘密】古埃及文化-6-講/200030631385937,,,AllEvents,台湾,台北,
BAI 呼吸的評估與動作整合【台北場】,,,,,,https://allevents.in/taipei/bai-呼吸的評估與動作整合【台北場】/200030571785859,,,AllEvents,台湾,台北,
BAK基礎解剖肌肉動力學-LV02-上肢-【台北場】,,,,,,https://allevents.in/taipei/bak基礎解剖肌肉動力學-lv02-上肢-【台北場】/200030461084742,,,AllEvents,台湾,台北,
9/22 大加蚋例會｜葉靜倫 Sara：非營利獨立媒體的經營之路——做無聲者的擴大機,,,,,,https://allevents.in/taipei/9-22-大加蚋例會｜葉靜倫-sara：非營利獨立媒體的經營之路做無聲者的擴大機/200030407391212,,,AllEvents,台湾,台北,
國際運動按摩技術員證照講習(台北場),,,,,,https://allevents.in/taipei/國際運動按摩技術員證照講習台北場/200030590656835,,,AllEvents,台湾,台北,
2026/12/05-06 王曙芳《認同創傷》導讀與實作兩日工作坊【實體教室】,,,,,,https://allevents.in/taipei/2026-12-05-06-王曙芳《認同創傷》導讀與實作兩日工作坊【實體教室】/200030322629617,,,AllEvents,台湾,台北,
TMC(Level1~6)中国語授業│Mandarin lesson │중국어 수업*Free,,,,,,https://allevents.in/taipei/tmclevel1~6中国語授業│mandarin-lesson-│중국어-수업free/200029901522312,,,AllEvents,台湾,台北,
(額滿)腦神經鬆解實作與應用工作坊【台北場】,,,,,,https://allevents.in/taipei/額滿腦神經鬆解實作與應用工作坊【台北場】/200030582386155,,,AllEvents,台湾,台北,
【台北現場+線上】地方感下的環境治理：吉拉米代阿美族的土地關係與自然管理,,,,,,https://allevents.in/taipei/【台北現場線上】地方感下的環境治理：吉拉米代阿美族的土地關係與自然管理/200030407588720,,,AllEvents,台湾,台北,
國際C級棒鈴功能性訓練專業認證講習(台北場),,,,,,https://allevents.in/taipei/國際c級棒鈴功能性訓練專業認證講習台北場/200030643055015,,,AllEvents,台湾,台北,
2027正念陰瑜珈100小時師資培訓,,,,,,https://allevents.in/taipei/2027正念陰瑜珈100小時師資培訓/200030446567459,,,AllEvents,台湾,台北,
(額滿)BAK基礎解剖肌肉動力學-LV04-頭顱臉部-【台北場】,,,,,,https://allevents.in/taipei/額滿bak基礎解剖肌肉動力學-lv04-頭顱臉部-【台北場】/200030245526826,,,AllEvents,台湾,台北,
"從巴黎到台北：當我們談論死刑時,我們在期待甚麼樣的正義?（逍遙法外法律扶助跨界講座第129場）",,,,,,https://allevents.in/taipei/從巴黎到台北：當我們談論死刑時我們在期待甚麼樣的正義（逍遙法外法律扶助跨界講座第129場）/200030646925527,,,AllEvents,台湾,台北,
賴家欣老師 | 人體解剖學系列課程（兩階段課程）,,,,,,https://allevents.in/taipei/賴家欣老師-人體解剖學系列課程（兩階段課程）/200030662601802,,,AllEvents,台湾,台北,
百夫長 說故事的旅行社｜保加利亞.羅馬尼亞—巴爾幹半島雙國奇旅,,,,,,https://allevents.in/taipei/百夫長-說故事的旅行社｜保加利亞羅馬尼亞巴爾幹半島雙國奇旅/200030643799751,,,AllEvents,台湾,台北,
懷孕及產後婦女體適能訓練-專業能力認證(台北場),,,,,,https://allevents.in/taipei/懷孕及產後婦女體適能訓練-專業能力認證台北場/200030646027943,,,AllEvents,台湾,台北,
運動伸展專家專業認證講習,,,,,,https://allevents.in/taipei/運動伸展專家專業認證講習/200030646034602,,,AllEvents,台湾,台北,
"BST_ 生物動力骨骼療法Biodynamic Skeletal Therapy第四期 (2027.1.16-18,台北)",,,,,,https://allevents.in/taipei/bst_-生物動力骨骼療法biodynamic-skeletal-therapy第四期-2027116-18台北/200030517627527,,,AllEvents,台湾,台北,
2026 ZEPRO RUN全國半程馬拉松 - 新竹場,,,,,,https://allevents.in/hsin-chu/2026-zepro-run全國半程馬拉松-新竹場/200030306124907,,,AllEvents,台湾,台北,
【10/27 大加蚋例會｜鄭國威：泛科學變成 YouTuber 的10個為什麼】,,,,,,https://allevents.in/taipei/【10-27-大加蚋例會｜鄭國威：泛科學變成-youtuber-的10個為什麼】/200030424190430,,,AllEvents,台湾,台北,
Globetrotter’s Meetup - Taipei (Registration is mandatory),,,,,,https://allevents.in/taipei/globetrotters-meetup-taipei-registration-is-mandatory/200028626442434,,,AllEvents,台湾,台北,
2026 ZEPRO RUN全國半程馬拉松 - 台南場,,,,,,https://allevents.in/tainan/2026-zepro-run全國半程馬拉松-台南場/200030447208252,,,AllEvents,台湾,高雄,
2026 嘉義雙潭馬拉松菁英賽,,,,,,https://allevents.in/chia-i-chia-i/2026-嘉義雙潭馬拉松菁英賽/200030447207637,,,AllEvents,台湾,高雄,
2026制霸極西超馬,,,,,,https://allevents.in/tainan/2026制霸極西超馬/200028806169334,,,AllEvents,台湾,高雄,
北大武山 三天輕鬆行,,,,,,https://allevents.in/ping-tung/北大武山-三天輕鬆行/200028160563613,,,AllEvents,台湾,高雄,
2027 東三塔 550,,,,,,https://allevents.in/ping-tung/2027-東三塔-550/200030004722212,,,AllEvents,台湾,高雄,
2026高雄百K自行車挑戰賽,,,,,,https://allevents.in/ping-tung/2026高雄百k自行車挑戰賽/200030646929754,,,AllEvents,台湾,高雄,
9月25日（五）語言漂流記｜臺語共賞－月圓共語（臺語探索《漂流宴》）,,,,,,https://allevents.in/kaohsiung/9月25日（五）語言漂流記｜臺語共賞－月圓共語（臺語探索《漂流宴》）/200030662459908,,,AllEvents,台湾,高雄,
"【活動延期至10/4】《最初的你,早已足夠》新書分享會 —— 高雄場",,,,,,https://allevents.in/kaohsiung/【活動延期至10-4】《最初的你早已足夠》新書分享會-高雄場/200030549883042,,,AllEvents,台湾,高雄,
「魔法仙人掌餐桌 _ 肉肉森林探險日」沉浸式食農繪本導讀活動,,,,,,https://allevents.in/kaohsiung/「魔法仙人掌餐桌-_-肉肉森林探險日」沉浸式食農繪本導讀活動/200030662456613,,,AllEvents,台湾,高雄,
秋季貓咪送養會 ｜ 日日暖暖中途貓窩 ｜ 📍 打狗好好橋,,,,,,https://allevents.in/kaohsiung/秋季貓咪送養會-｜-日日暖暖中途貓窩-｜-打狗好好橋/200030660620324,,,AllEvents,台湾,高雄,
高雄場｜SCA CSP Brewing 咖啡萃取(金杯理論) 基礎級.中級 國際咖啡證照,,,,,,https://allevents.in/kaohsiung/高雄場｜sca-csp-brewing-咖啡萃取金杯理論-基礎級中級-國際咖啡證照/200030642510943,,,AllEvents,台湾,高雄,
"Autumn Cat Adoption Pop-Up 貓咪送養會 | Cat Warm House Shelter | 📍 Kaohsiung, Takao Sogood Bridge",,,,,,https://allevents.in/kaohsiung/autumn-cat-adoption-pop-up-貓咪送養會-cat-warm-house-shelter-kaohsiung-takao-sogood-bridge/200030660593859,,,AllEvents,台湾,高雄,
Feel the Qi: Half-Day Courtyard Wellness in Beijing,,2026-09-19,2026-09-19,,"Cai Shi Kou Da Jie, Xi Cheng Qu, Bei Jing Shi",https://www.eventbrite.hk/e/feel-the-qi-half-day-courtyard-wellness-in-beijing-tickets-2000413239850,https://img.evbuc.com/https%3A%2F%2Fcdn.evbuc.com%2Fimages%2F1191483401%2F3009904658502%2F1%2Foriginal.20260820-030640?w=267&auto=format%2Ccompress&q=75&sharp=10&s=4da8e45a519a976383da833f3269e728,,Eventbrite/health,北京市,北京,Eventbrite
Beijing to Shanghai G-Train Tour: Safely Exploring Chastity with Keyholder,,2026-09-17,2026-09-17,,"地坛, 北京市, 北京市",https://www.eventbrite.com/e/beijing-to-shanghai-g-train-tour-safely-exploring-chastity-with-keyholder-tickets-1763459798729,https://img.evbuc.com/https%3A%2F%2Fcdn.evbuc.com%2Fimages%2F972897533%2F2659692582071%2F1%2Foriginal.20250302-084200?crop=focalpoint&fit=crop&w=400&auto=format%2Ccompress&q=75&sharp=10&fp-x=0.5&fp-y=0.5&s=532f9ba30a4409c02f097cd582b91c3b,,Eventbrite/performing-arts,北京市,北京,Eventbrite
HackerX - Beijing - Employer Ticket - 9/24,,2026-09-25,2026-09-25,,"Job Fair, Beijing, Beijing",https://www.eventbrite.com/e/hackerx-beijing-employer-ticket-924-tickets-1982107259169,https://img.evbuc.com/https%3A%2F%2Fcdn.evbuc.com%2Fimages%2F1173787393%2F84283668488%2F1%2Foriginal.20260101-040854?crop=focalpoint&fit=crop&w=267&auto=format%2Ccompress&q=75&sharp=10&fp-x=0.5&fp-y=0.5&s=bd677b86ef1650b2f627be34eb07fbba,,Eventbrite/performing-arts,北京市,北京,Eventbrite
Intro to BDSM & Custom Scene Creation  By Beijing Domina Alessandra,,2026-09-17,2026-09-17,,"地坛, 北京市, 北京市",https://www.eventbrite.com/e/intro-to-bdsm-custom-scene-creation-by-beijing-domina-alessandra-tickets-1763435475979,https://img.evbuc.com/https%3A%2F%2Fcdn.evbuc.com%2Fimages%2F972897533%2F2659692582071%2F1%2Foriginal.20250302-084200?crop=focalpoint&fit=crop&w=400&auto=format%2Ccompress&q=75&sharp=10&fp-x=0.5&fp-y=0.5&s=532f9ba30a4409c02f097cd582b91c3b,,Eventbrite/performing-arts,北京市,北京,Eventbrite
Legal Walking Tour for Class of 2016/17 Reunion,,2026-09-26,2026-09-26,,"67 - 69 Lincoln's Inn Fields, London WC2A 3JB, london, Greater London",https://www.eventbrite.co.uk/e/legal-walking-tour-for-class-of-201617-reunion-tickets-1999702213150,https://img.evbuc.com/https%3A%2F%2Fcdn.evbuc.com%2Fimages%2F1192587552%2F39731799270%2F1%2Foriginal.20260903-155140?crop=focalpoint&fit=crop&w=400&auto=format%2Ccompress&q=75&sharp=10&fp-x=0.5&fp-y=0.5&s=ecd32fe76e237a9d3853c2d99a594bf1,,Eventbrite/performing-arts,北京市,北京,Eventbrite
2026 International Conference on Artificial Intelligence and Robotic System,,2026-10-23,2026-10-23,,"No. 399, Binshui West Road, Jingwu Town, Xiqing District, Tianjin",https://www.eventbrite.hk/e/2026-international-conference-on-artificial-intelligence-and-robotic-system-tickets-1991027238066,https://img.evbuc.com/https%3A%2F%2Fcdn.evbuc.com%2Fimages%2F1186124348%2F457048189644%2F1%2Foriginal.20260604-032442?crop=focalpoint&fit=crop&w=512&auto=format%2Ccompress&q=75&sharp=10&fp-x=0.5&fp-y=0.5&s=55bd2161543ee6e108605a9cf67b4866,,Eventbrite/performing-arts,北京市,北京,Eventbrite
My Boyfriend Is Out of Town — Ladies Night at The Fellas Terrace,,2026-09-17,2026-09-18,,"7号 Yan An Dong Lu, Huang Pu Qu, Shang Hai Shi",https://www.eventbrite.com/e/my-boyfriend-is-out-of-town-ladies-night-at-the-fellas-terrace-tickets-1999365574254,https://img.evbuc.com/https%3A%2F%2Fcdn.evbuc.com%2Fimages%2F1192349048%2F3012506746502%2F1%2Foriginal.20260901-094633?crop=focalpoint&fit=crop&auto=format%2Ccompress&q=75&sharp=10&fp-x=0.493&fp-y=0.189&s=c84f194ad335d6d3b2faf13359b7e937,,Eventbrite/food-and-drink,上海市,上海,Eventbrite
ERA: The Journey of Time 2 Acrobatics Show上海馬戲城 ERA・時空之旅 2,,2026-09-17,2026-09-17,,"No. 2266, Gonghexin Road, Jing'an District, Shanghai, China(Metro Line 1, Shanghai Circus World Station, Exit 3), Shanghai, Shanghai",https://www.eventbrite.com/e/era-the-journey-of-time-2-acrobatics-show-era-2-tickets-1993435959617,https://img.evbuc.com/https%3A%2F%2Fcdn.evbuc.com%2Fimages%2F1170667071%2F2982829680105%2F1%2Foriginal.20251111-074912?crop=focalpoint&fit=crop&auto=format%2Ccompress&q=75&sharp=10&fp-x=0.5&fp-y=0.5&s=59954fd2be3ff59d283d7e7367113b4f,,Eventbrite/arts,上海市,上海,Eventbrite
FASHION • BEAUTY • TALENT MASTERCLASSES LIVE™ IN SHANGHAI,,2026-11-05,2026-11-08,,"15号 Xin Jin Qiao Lu, Pu Dong Xin Qu, Shang Hai Shi",https://www.eventbrite.com/e/fashion-beauty-talent-masterclasses-livetm-in-shanghai-tickets-1999346089976,https://img.evbuc.com/https%3A%2F%2Fcdn.evbuc.com%2Fimages%2F1192340315%2F3008917383618%2F1%2Foriginal.20260901-052304?crop=focalpoint&fit=crop&auto=format%2Ccompress&q=75&sharp=10&fp-x=0.5&fp-y=0.5&s=5873f5c9a2a679306fec1d93c462285d,,Eventbrite/fashion,上海市,上海,Eventbrite
"Traditional Chinese Medicine workshop: massage, diet, well-being KongFu",,2026-10-01,2026-10-01,,"69 九江路, 黄浦区, 上海市",https://www.eventbrite.hk/e/traditional-chinese-medicine-workshop-massage-diet-well-being-kongfu-tickets-1999973409305,https://img.evbuc.com/https%3A%2F%2Fcdn.evbuc.com%2Fimages%2F1192851646%2F3011776868874%2F1%2Foriginal.20260907-024211?w=300&auto=format%2Ccompress&q=75&sharp=10&s=58a2044ba5d5c3f45b6bfc47effebf4e,,Eventbrite/health,上海市,上海,Eventbrite
Introduction to Chinese Massage Workshop,,2026-10-01,2026-10-01,,"69 九江路, 黄浦区, 上海市",https://www.eventbrite.com/e/introduction-to-chinese-massage-workshop-tickets-1998855497601,https://img.evbuc.com/https%3A%2F%2Fcdn.evbuc.com%2Fimages%2F1192657645%2F3011776868874%2F1%2Foriginal.20260904-065348?crop=focalpoint&fit=crop&w=300&auto=format%2Ccompress&q=75&sharp=10&fp-x=0.5&fp-y=0.5&s=f5fa2169cfbdc234ffab0c21b6ae2118,,Eventbrite/health,上海市,上海,Eventbrite
Intro to 75 Dominant Female & Submissive Male Roleplay Ideas,,2026-09-17,2026-09-17,,"中山东一路, 黄浦区, 上海市",https://www.eventbrite.com/e/intro-to-75-dominant-female-submissive-male-roleplay-ideas-tickets-1793735584419,https://img.evbuc.com/https%3A%2F%2Fcdn.evbuc.com%2Fimages%2F1016458563%2F2731248944721%2F1%2Foriginal.20250425-025756?crop=focalpoint&fit=crop&h=200&auto=format%2Ccompress&q=75&sharp=10&fp-x=0.00555375&fp-y=0.0036673151751&s=44518410fb3b0810669d154f6a9f6d1f,,Eventbrite/performing-arts,上海市,上海,Eventbrite
1-on-1 Intro to Furniture Kink with Shanghai BDSM Coach & Domme Alessandra,,2026-09-17,2026-09-17,,"1686 南京西路, 静安区, 上海市",https://www.eventbrite.com/e/1-on-1-intro-to-furniture-kink-with-shanghai-bdsm-coach-domme-alessandra-tickets-1981399883389,https://img.evbuc.com/https%3A%2F%2Fcdn.evbuc.com%2Fimages%2F1142225063%2F444697109076%2F1%2Foriginal.20251002-050058?crop=focalpoint&fit=crop&auto=format%2Ccompress&q=75&sharp=10&fp-x=0.565&fp-y=0.287&s=92eda337cc390e5f59bce59903dc609d,,Eventbrite/performing-arts,上海市,上海,Eventbrite
Shanghai Art Tour: Alessandra's  Intro To Local BDSM Culture & History,,2026-09-17,2026-09-17,,"409 花木路, 浦东新区, 上海市",https://www.eventbrite.com/e/shanghai-art-tour-alessandras-intro-to-local-bdsm-culture-history-tickets-1970060890155,https://img.evbuc.com/https%3A%2F%2Fcdn.evbuc.com%2Fimages%2F1106385173%2F2869519319191%2F1%2Foriginal.20250827-112727?h=200&w=300&auto=format%2Ccompress&q=75&sharp=10&s=f7452c76739e52004221c006b35730af,,Eventbrite/performing-arts,上海市,上海,Eventbrite
Shanghai Shibari Guide: Domme Alessandra’s Intro to Rope Bondage,,2026-09-17,2026-09-17,,"409 花木路, 浦东新区, 上海市",https://www.eventbrite.com/e/shanghai-shibari-guide-domme-alessandras-intro-to-rope-bondage-tickets-1971502236260,https://img.evbuc.com/https%3A%2F%2Fcdn.evbuc.com%2Fimages%2F1106385173%2F2869519319191%2F1%2Foriginal.20250827-112727?h=200&w=300&auto=format%2Ccompress&q=75&sharp=10&s=f7452c76739e52004221c006b35730af,,Eventbrite/performing-arts,上海市,上海,Eventbrite
Introduction to Chinese Massage Workshop,,2026-10-01,2026-10-01,,"69 九江路, 黄浦区, 上海市",https://www.eventbrite.hk/e/introduction-to-chinese-massage-workshop-tickets-1998855497601,https://img.evbuc.com/https%3A%2F%2Fcdn.evbuc.com%2Fimages%2F1192657645%2F3011776868874%2F1%2Foriginal.20260904-065348?crop=focalpoint&fit=crop&h=200&w=300&auto=format%2Ccompress&q=75&sharp=10&fp-x=0.5&fp-y=0.5&s=8274e153ef9c5a519030598213005fa1,,Eventbrite/performing-arts,上海市,上海,Eventbrite
Shanghai Entertainment Tour: Treasure Hunting with Mistress Alessandra,,2026-09-17,2026-09-17,,"gate 1, 普陀区, 上海市",https://www.eventbrite.com/e/shanghai-entertainment-tour-treasure-hunting-with-mistress-alessandra-tickets-1988222608343,https://img.evbuc.com/https%3A%2F%2Fcdn.evbuc.com%2Fimages%2F1183016434%2F2995393742180%2F1%2Foriginal.20260425-065241?crop=focalpoint&fit=crop&h=200&w=300&auto=format%2Ccompress&q=75&sharp=10&fp-x=0.5&fp-y=0.5&s=bba866291df21b0a1c40eb217d638345,,Eventbrite/performing-arts,上海市,上海,Eventbrite
Shanghai Tower Tour With Fetish Guide Dominatrix Alessandra,,2026-09-17,2026-09-17,,"501号 银城中路, 浦东新区, 上海市",https://www.eventbrite.com/e/shanghai-tower-tour-with-fetish-guide-dominatrix-alessandra-tickets-1763488334079,https://img.evbuc.com/https%3A%2F%2Fcdn.evbuc.com%2Fimages%2F919384413%2F444697109076%2F1%2Foriginal.20241218-024028?crop=focalpoint&fit=crop&h=200&auto=format%2Ccompress&q=75&sharp=10&fp-x=0.443205143855&fp-y=0.175907921698&s=df4e54cc7d1930db4be52961dcc65805,,Eventbrite/performing-arts,上海市,上海,Eventbrite
Shanghai Kayaking Tour with Mistress Alessandra,,2026-09-17,2026-09-17,,"gate 1, 普陀区, 上海市",https://www.eventbrite.com/e/shanghai-kayaking-tour-with-mistress-alessandra-tickets-1988221353590,https://img.evbuc.com/https%3A%2F%2Fcdn.evbuc.com%2Fimages%2F1183015840%2F2995393742180%2F1%2Foriginal.20260425-061626?crop=focalpoint&fit=crop&h=200&auto=format%2Ccompress&q=75&sharp=10&fp-x=0.5&fp-y=0.5&s=b035589e0c2f5f7d176ee18ebb8e8ec3,,Eventbrite/performing-arts,上海市,上海,Eventbrite
Shanghai Nightlife: Introduction to 50 Custom BDSM Scenes,,2026-09-17,2026-09-17,,"501号 银城中路, 浦东新区, 上海市",https://www.eventbrite.com/e/shanghai-nightlife-introduction-to-50-custom-bdsm-scenes-tickets-1763581372359,https://img.evbuc.com/https%3A%2F%2Fcdn.evbuc.com%2Fimages%2F921597153%2F444697109076%2F1%2Foriginal.20241222-030523?crop=focalpoint&fit=crop&h=200&w=300&auto=format%2Ccompress&q=75&sharp=10&fp-x=0.00486929279484&fp-y=0.00335927406638&s=1492973c383318bd8989f90626af2da9,,Eventbrite/performing-arts,上海市,上海,Eventbrite
Shanghai Christmas Dinner: BDSM Talk with Domme Alessandra,,2026-09-17,2026-09-17,,"409 花木路, 浦东新区, 上海市",https://www.eventbrite.com/e/shanghai-christmas-dinner-bdsm-talk-with-domme-alessandra-tickets-1831388264599,https://img.evbuc.com/https%3A%2F%2Fcdn.evbuc.com%2Fimages%2F1154585283%2F2869519319191%2F1%2Foriginal.20251016-015319?h=200&auto=format%2Ccompress&q=75&sharp=10&s=2b8f148b9a20f3c8edf29a97e450be97,,Eventbrite/performing-arts,上海市,上海,Eventbrite
Shanghai Expat Meetup With Personal BDSM Trainer Miss Alessandra,,2026-09-17,2026-09-17,,"501号 银城中路, 浦东新区, 上海市",https://www.eventbrite.com/e/shanghai-expat-meetup-with-personal-bdsm-trainer-miss-alessandra-tickets-1763586908919,https://img.evbuc.com/https%3A%2F%2Fcdn.evbuc.com%2Fimages%2F921314623%2F444697109076%2F1%2Foriginal.20241221-025721?crop=focalpoint&fit=crop&auto=format%2Ccompress&q=75&sharp=10&fp-x=0.486929279484&fp-y=0.335927406638&s=a0bae9b239fc2d3b451eaf0989c962a2,,Eventbrite/performing-arts,上海市,上海,Eventbrite
Beyond Lifestyle™ — Wellness Travel & Biohacking Expo in Shanghai,,2026-11-05,2026-11-08,,"399 Jin Zun Lu, Pu Dong Xin Qu, Shang Hai Shi",https://www.eventbrite.com/e/beyond-lifestyletm-wellness-travel-biohacking-expo-in-shanghai-tickets-1998072565831,https://img.evbuc.com/https%3A%2F%2Fcdn.evbuc.com%2Fimages%2F1191140470%2F3008917383618%2F1%2Foriginal.20260815-143550?crop=focalpoint&fit=crop&auto=format%2Ccompress&q=75&sharp=10&fp-x=0.5&fp-y=0.5&s=2ba81f72dec3ace23f4bbe360c98350a,,Eventbrite/performing-arts,上海市,上海,Eventbrite
Shanghai Bike Tour: Intro to Kinky Fantasy Exploration,,2026-09-17,2026-09-17,,"码头19, 黄浦区, 上海市",https://www.eventbrite.com/e/shanghai-bike-tour-intro-to-kinky-fantasy-exploration-tickets-1745038369739,https://img.evbuc.com/https%3A%2F%2Fcdn.evbuc.com%2Fimages%2F1135995763%2F2921851175751%2F1%2Foriginal.20250926-035035?crop=focalpoint&fit=crop&h=200&auto=format%2Ccompress&q=75&sharp=10&fp-x=0.4&fp-y=0.161&s=091d4ee2be519f19d9ed8d7eba14bafd,,Eventbrite/performing-arts,上海市,上海,Eventbrite
100 Cities Project: Shanghai | Dinner with New Friends,,2026-09-19,2026-09-19,,"Shi Ji Da Dao, Pu Dong Xin Qu, Shang Hai Shi",https://www.eventbrite.com/e/100-cities-project-shanghai-dinner-with-new-friends-tickets-1925591188079,https://img.evbuc.com/https%3A%2F%2Fcdn.evbuc.com%2Fimages%2F1166724793%2F2590974569761%2F1%2Foriginal.20251030-192908?crop=focalpoint&fit=crop&h=200&auto=format%2Ccompress&q=75&sharp=10&fp-x=0.5&fp-y=0.5&s=a88679396c79b38af726c04b0bea54b2,,Eventbrite/performing-arts,上海市,上海,Eventbrite
EP Shanghai 2026,,2026-12-03,2026-12-03,,"2345号 龙阳路, Pu Dong Xin Qu, Shang Hai Shi",https://www.eventbrite.com/e/ep-shanghai-2026-tickets-1977687186613,https://img.evbuc.com/https%3A%2F%2Fcdn.evbuc.com%2Fimages%2F1172817328%2F2068885879443%2F1%2Foriginal.jpg?w=512&auto=format%2Ccompress&q=75&sharp=10&rect=314%2C156%2C1534%2C767&s=e6ba2790af93930d45f5dc3f9c6a5730,,Eventbrite/science-and-tech,上海市,上海,Eventbrite
2026   International Conference on Data Science and Information Technology,,2026-11-27,2026-11-27,,"No. 111, Taicang Avenue, Taicang City, Suzhou, Jiangsu",https://www.eventbrite.hk/e/2026-international-conference-on-data-science-and-information-technology-tickets-1986975483158,https://img.evbuc.com/https%3A%2F%2Fcdn.evbuc.com%2Fimages%2F1181674199%2F457048189644%2F1%2Foriginal.20260408-094042?w=373&auto=format%2Ccompress&q=75&sharp=10&s=872c9fe53742459484183b5c57c45dcd,,Eventbrite/science-and-tech,上海市,上海,Eventbrite
9月18號 Techno 女王 Lilly Palmer 首次來港演出！,,2026-09-18,2026-09-19,,"60號 雲咸街, Hong Kong, HKI",https://www.eventbrite.com/e/918-techno-lilly-palmer-tickets-1999778794206,https://img.evbuc.com/https%3A%2F%2Fcdn.evbuc.com%2Fimages%2F1192678692%2F1519979957413%2F1%2Foriginal.20260904-132932?crop=focalpoint&fit=crop&auto=format%2Ccompress&q=75&sharp=10&fp-x=0.5&fp-y=0.5&s=423e9b80f5378d29dc7009fe500c2322,,Eventbrite/music,广东省,深圳,Eventbrite
Country Music Night (Oliver's Secret Sessions) (Acoustic Live),,2026-09-17,2026-09-17,,"Central, Hong Kong, HKI",https://www.eventbrite.com/e/country-music-night-olivers-secret-sessions-acoustic-live-tickets-1999025164078,https://img.evbuc.com/https%3A%2F%2Fcdn.evbuc.com%2Fimages%2F1192030294%2F2896433116161%2F1%2Foriginal.20260827-125319?crop=focalpoint&fit=crop&auto=format%2Ccompress&q=75&sharp=10&fp-x=0.5&fp-y=0.5&s=1f77cf468031e44e248a3d2dccd55f10,,Eventbrite/music,广东省,深圳,Eventbrite
Business of Design Week 2026,,2026-11-18,2026-11-20,,"1號 Expo Drive, Wanchai, HKI",https://www.eventbrite.hk/e/business-of-design-week-2026-tickets-1993433108088,https://img.evbuc.com/https%3A%2F%2Fcdn.evbuc.com%2Fimages%2F1188507115%2F491999098315%2F1%2Foriginal.20260709-015438?crop=focalpoint&fit=crop&w=400&auto=format%2Ccompress&q=75&sharp=10&fp-x=0.5&fp-y=0.5&s=09eab9beb2d22758bf789a377c46d2b1,,Eventbrite/business,广东省,深圳,Eventbrite
Evaluate to Elevate: Master the Art of Evaluation with Andrew Yeung,,2026-09-28,2026-09-28,,"95  Queensway, Hong Kong, HKI",https://www.eventbrite.hk/e/evaluate-to-elevate-master-the-art-of-evaluation-with-andrew-yeung-tickets-1998672505266,https://img.evbuc.com/https%3A%2F%2Fcdn.evbuc.com%2Fimages%2F1191699524%2F357702875527%2F1%2Foriginal.20260823-153006?crop=focalpoint&fit=crop&auto=format%2Ccompress&q=75&sharp=10&fp-x=0.5&fp-y=0.5&s=6861af94eb653e04360c95039485f95b,,Eventbrite/business,广东省,深圳,Eventbrite
Back to Business Happy Hour,,2026-09-16,2026-09-16,,"5th Floor, QRE Plaza, 202 Queen's Rd E, Wan Chai, Hong Kong, HKI",https://www.eventbrite.hk/e/back-to-business-happy-hour-tickets-1995051966136,https://img.evbuc.com/https%3A%2F%2Fcdn.evbuc.com%2Fimages%2F1189521688%2F53111004684%2F1%2Foriginal.20260724-021434?w=400&auto=format%2Ccompress&q=75&sharp=10&s=b7817fd1e7cf5406b397b306350d5e1c,,Eventbrite/business,广东省,深圳,Eventbrite
FINI'S Boozy Bingo Night Returns in Wanchai!,,2026-09-24,2026-09-24,,"69 Stone Nullah Lane, Hong Kong, HKI",https://www.eventbrite.hk/e/finis-boozy-bingo-night-returns-in-wanchai-tickets-1999328251621,https://img.evbuc.com/https%3A%2F%2Fcdn.evbuc.com%2Fimages%2F1192336936%2F616682559523%2F1%2Foriginal.20260901-034943?crop=focalpoint&fit=crop&auto=format%2Ccompress&q=75&sharp=10&fp-x=0.5&fp-y=0.5&s=150e45281927fc67629903b7d4b4fde6,,Eventbrite/food-and-drink,广东省,深圳,Eventbrite
"The Pontiac Classics 101: Shake, Sip & Nacho Bar",,2026-09-19,2026-09-19,,"13 奧卑利街, Hong Kong, HKI",https://www.eventbrite.hk/e/the-pontiac-classics-101-shake-sip-nacho-bar-tickets-1999975743286,https://img.evbuc.com/https%3A%2F%2Fcdn.evbuc.com%2Fimages%2F1192938949%2F2988692151138%2F1%2Foriginal.20260908-045813?crop=focalpoint&fit=crop&auto=format%2Ccompress&q=75&sharp=10&fp-x=0.5&fp-y=0.5&s=923c7779f681bc41f3177a38b38492d7,,Eventbrite/food-and-drink,广东省,深圳,Eventbrite
香港 Hong Kong Comedy Season Presents Saaj Raja: Bad Indian at Soho House,,2026-09-24,2026-09-24,,"33 Des Voeux Road West, Hong Kong, HKI",https://www.eventbrite.hk/e/hong-kong-comedy-season-presents-saaj-raja-bad-indian-at-soho-house-tickets-1996973323969,https://img.evbuc.com/https%3A%2F%2Fcdn.evbuc.com%2Fimages%2F1190684009%2F1583805460223%2F1%2Foriginal.20260810-063350?crop=focalpoint&fit=crop&auto=format%2Ccompress&q=75&sharp=10&fp-x=0.778&fp-y=0.558&s=78b225cd7de5b9e24efedf50e85a29cd,,Eventbrite/arts,广东省,深圳,Eventbrite
TBC Improv Presents: The Will of The Wheel,,2026-09-18,2026-09-18,,"2 Lower Albert Road, Hong Kong, HKI",https://www.eventbrite.hk/e/tbc-improv-presents-the-will-of-the-wheel-tickets-1989743431165,https://img.evbuc.com/https%3A%2F%2Fcdn.evbuc.com%2Fimages%2F1188365911%2F196985169006%2F1%2Foriginal.20260707-131624?crop=focalpoint&fit=crop&auto=format%2Ccompress&q=75&sharp=10&fp-x=0.407&fp-y=0.492&s=9c65636d0651922630595fea5ddf6f00,,Eventbrite/arts,广东省,深圳,Eventbrite
This week at TakeOut Comedy - 17th HKICF with Sorabh Pant!,,2026-09-18,2026-09-18,,"34 Elgin Street, Central, HKI",https://www.eventbrite.hk/e/this-week-at-takeout-comedy-17th-hkicf-with-sorabh-pant-tickets-1985364206787,https://img.evbuc.com/https%3A%2F%2Fcdn.evbuc.com%2Fimages%2F1180031106%2F906183479023%2F1%2Foriginal.20260317-112251?crop=focalpoint&fit=crop&auto=format%2Ccompress&q=75&sharp=10&fp-x=0.5&fp-y=0.5&s=e0080131895575940239cda108036bba,,Eventbrite/arts,广东省,深圳,Eventbrite
Friends Trivia,,2026-09-17,2026-09-17,,"4/F, Harilela House, Hong Kong, HKI",https://www.eventbrite.hk/e/friends-trivia-tickets-1998943955180,https://img.evbuc.com/https%3A%2F%2Fcdn.evbuc.com%2Fimages%2F1191925324%2F2985326387569%2F1%2Foriginal.20260826-082952?crop=focalpoint&fit=crop&auto=format%2Ccompress&q=75&sharp=10&fp-x=0.5&fp-y=0.5&s=41a1b97f0741e24b939505ccd65dfbc5,,Eventbrite/nightlife,广东省,深圳,Eventbrite
PizzaExpress Live Sessions - K!RZ,,2026-09-30,2026-09-30,,"Shop G31-33,, Tsim Sha Tsui, KOW",https://www.eventbrite.hk/e/pizzaexpress-live-sessions-krz-tickets-1999018362735,https://img.evbuc.com/https%3A%2F%2Fcdn.evbuc.com%2Fimages%2F1192022488%2F573790020877%2F1%2Foriginal.20260827-103209?crop=focalpoint&fit=crop&auto=format%2Ccompress&q=75&sharp=10&fp-x=0.5&fp-y=0.5&s=df607a9adeaafd0b3ff6887b72e4c3a9,,Eventbrite/nightlife,广东省,深圳,Eventbrite
CANTO-HIP HOP @ATMOS,,2026-09-18,2026-09-18,,"10 Knutsford Terrace, Hong Kong, KOW",https://www.eventbrite.com/e/canto-hip-hop-atmos-tickets-1999419094334,https://img.evbuc.com/https%3A%2F%2Fcdn.evbuc.com%2Fimages%2F1192420018%2F2115834495263%2F1%2Foriginal.20260901-215114?crop=focalpoint&fit=crop&auto=format%2Ccompress&q=75&sharp=10&fp-x=0.5&fp-y=0.5&s=cb08ed60b6fef90b91af644171516e9e,,Eventbrite/nightlife,广东省,深圳,Eventbrite
Rooftop Moonlit Market: Local Flavours,,2026-09-19,2026-09-19,,"13/F  Liberal Factory Building, Cheung Sha Wan, KOW",https://www.eventbrite.hk/e/rooftop-moonlit-market-local-flavours-tickets-1991683984412,https://img.evbuc.com/https%3A%2F%2Fcdn.evbuc.com%2Fimages%2F1191726844%2F233310055666%2F1%2Foriginal.20260824-022525?crop=focalpoint&fit=crop&w=512&auto=format%2Ccompress&q=75&sharp=10&fp-x=0.5&fp-y=0.5&s=072ae2a82db04f57cdd0a12552d14c2d,,Eventbrite/community,广东省,深圳,Eventbrite
Hong Kong Stories Presents: Now or Never,,2026-09-23,2026-09-23,,"Jockey Club Studio Theatre, 1st Floor, Hong Kong, HKI",https://www.eventbrite.com/e/hong-kong-stories-presents-now-or-never-tickets-1995324476221,https://img.evbuc.com/https%3A%2F%2Fcdn.evbuc.com%2Fimages%2F1190175415%2F179407172364%2F1%2Foriginal.20260803-074055?crop=focalpoint&fit=crop&w=512&auto=format%2Ccompress&q=75&sharp=10&fp-x=0.5&fp-y=0.5&s=761127cb46122d3cb353c7149f695f35,,Eventbrite/community,广东省,深圳,Eventbrite
"When Love Is Not Enough: Money, Capacity and Family Conflict in Later Life",,2026-09-29,2026-09-29,,"57-59 Wyndham Street, Central, HKI",https://www.eventbrite.hk/e/when-love-is-not-enough-money-capacity-and-family-conflict-in-later-life-tickets-2000575657646,https://img.evbuc.com/https%3A%2F%2Fcdn.evbuc.com%2Fimages%2F1132452553%2F2774243605251%2F1%2Foriginal.20250923-100227?w=512&auto=format%2Ccompress&q=75&sharp=10&rect=0%2C209%2C6666%2C3333&s=840ef0b36a80ed82e5a1e41ad7cef94a,,Eventbrite/community,广东省,深圳,Eventbrite
BAD B*TCH BINGO AT THE PONTIAC,,2026-09-20,2026-09-21,,"13 奧卑利街, Hong Kong, HKI",https://www.eventbrite.hk/e/bad-btch-bingo-at-the-pontiac-tickets-1999643640959,https://img.evbuc.com/https%3A%2F%2Fcdn.evbuc.com%2Fimages%2F1192873915%2F2988692151138%2F1%2Foriginal.20260907-114503?crop=focalpoint&fit=crop&w=512&auto=format%2Ccompress&q=75&sharp=10&fp-x=0.5&fp-y=0.5&s=70805621cdeafadf7a6d8b19209b7ab3,,Eventbrite/community,广东省,深圳,Eventbrite
"Climate Fresk Facilitator Training, Hong Kong Central",,2026-09-24,2026-09-24,,"Central, Hong Kong, HKI",https://www.eventbrite.hk/e/climate-fresk-facilitator-training-hong-kong-central-tickets-1992431716900,https://img.evbuc.com/https%3A%2F%2Fcdn.evbuc.com%2Fimages%2F1154862553%2F271687633280%2F1%2Foriginal.20251016-113904?w=512&auto=format%2Ccompress&q=75&sharp=10&rect=0%2C31%2C1080%2C540&s=40a0a0281d343b4623254e45a73ea8ea,,Eventbrite/community,广东省,深圳,Eventbrite
FASHION • BEAUTY • TALENT MASTERCLASSES LIVE™ IN SHENZHEN,,2026-11-12,2026-11-15,,"8号 Bao Xing Lu, Shen Zhen Shi, Guang Dong Sheng",https://www.eventbrite.com/e/fashion-beauty-talent-masterclasses-livetm-in-shenzhen-tickets-1999894309716,https://img.evbuc.com/https%3A%2F%2Fcdn.evbuc.com%2Fimages%2F1192804084%2F3008917383618%2F1%2Foriginal.20260906-051833?crop=focalpoint&fit=crop&auto=format%2Ccompress&q=75&sharp=10&fp-x=0.5&fp-y=0.5&s=ddd71397b4a3efe1df7a347672a951ed,,Eventbrite/fashion,广东省,深圳,Eventbrite
BYREDO Future Memories Studio: Create Tomorrow's Memories Today,,2026-09-26,2026-09-26,,"中環, 香港, HKI",https://www.eventbrite.hk/e/byredo-future-memories-studio-create-tomorrows-memories-today-tickets-2000143975473,https://img.evbuc.com/https%3A%2F%2Fcdn.evbuc.com%2Fimages%2F1192342226%2F3012104430869%2F1%2Foriginal.20260901-062647?crop=focalpoint&fit=crop&w=512&auto=format%2Ccompress&q=75&sharp=10&fp-x=0.511&fp-y=0.08&s=e71dc05e4b0c49153684e1a7951a9867,,Eventbrite/fashion,广东省,深圳,Eventbrite
MUA 一對一化妝班,,2026-09-17,2026-09-17,,"HOP HING INDUSTRIAL BUILDING, Lai Chi Kok, KOW",https://www.eventbrite.com/e/mua-tickets-1993317967700,https://img.evbuc.com/https%3A%2F%2Fcdn.evbuc.com%2Fimages%2F1188197793%2F260646946707%2F1%2Foriginal.20260704-110113?crop=focalpoint&fit=crop&w=512&auto=format%2Ccompress&q=75&sharp=10&fp-x=0.5&fp-y=0.5&s=a8f40afdf7b7d0dcab2d63482fa03806,,Eventbrite/fashion,广东省,深圳,Eventbrite
Sustainability in Textiles: The Higg Facility Environmental Module,,2026-12-01,2026-12-01,,"2/F, Garment Centre, Hong Kong SAR",https://www.eventbrite.hk/e/sustainability-in-textiles-the-higg-facility-environmental-module-tickets-1973062282400,https://img.evbuc.com/https%3A%2F%2Fcdn.evbuc.com%2Fimages%2F1171219796%2F235285802757%2F1%2Foriginal.20251118-085120?w=512&auto=format%2Ccompress&q=75&sharp=10&rect=0%2C69%2C888%2C444&s=4e4b73d06d5ae3c62163cf7c4a29c5bf,,Eventbrite/fashion,广东省,深圳,Eventbrite
時尚焦點 Kit Wan Studios  | Kit Wan Studios The Fashion Spotlight,,2026-09-17,2026-09-17,,"DX design hub, Sham Shui Po, KOW",https://www.eventbrite.hk/e/kit-wan-studios-kit-wan-studios-the-fashion-spotlight-tickets-1991053210751,https://img.evbuc.com/https%3A%2F%2Fcdn.evbuc.com%2Fimages%2F1186142315%2F1906117772893%2F1%2Foriginal.20260604-103801?crop=focalpoint&fit=crop&w=512&auto=format%2Ccompress&q=75&sharp=10&fp-x=0.5&fp-y=0.5&s=747e93eed070de6133212b57e11553ea,,Eventbrite/fashion,广东省,深圳,Eventbrite
FA x 2026: LEAP 躍·全球巡迴展覽,,2026-09-16,2026-09-16,,"HONGKONG, HONGKONG, HKI",https://www.eventbrite.com/e/fa-x-2026-leap-tickets-2000148719663,https://img.evbuc.com/https%3A%2F%2Fcdn.evbuc.com%2Fimages%2F1192950589%2F3013361139680%2F1%2Foriginal.20260908-095038?crop=focalpoint&fit=crop&w=512&auto=format%2Ccompress&q=75&sharp=10&fp-x=0.5&fp-y=0.5&s=bec891f16d85397a3d2dd8b8524e31c7,,Eventbrite/fashion,广东省,深圳,Eventbrite
2026 GUANGZHOU INTERNATIONAL FASHION & LIFESTYLE FAIR,,2026-10-30,2026-11-02,,"1000 新港东路, 广州市, 广东省",https://www.eventbrite.com/e/2026-guangzhou-international-fashion-lifestyle-fair-tickets-1992910573172,https://img.evbuc.com/https%3A%2F%2Fcdn.evbuc.com%2Fimages%2F1187989183%2F1690842964373%2F1%2Foriginal.20260701-094859?crop=focalpoint&fit=crop&w=512&auto=format%2Ccompress&q=75&sharp=10&fp-x=0.5&fp-y=0.5&s=998f0251dbc9f51b4fee2db2d61be7af,,Eventbrite/fashion,广东省,深圳,Eventbrite
"Film Discussion | Meet the Khumalos,2025",,2026-09-25,2026-09-25,,"191 Woosung Street, Jordan, KOW",https://www.eventbrite.hk/e/film-discussion-meet-the-khumalos2025-tickets-2000354730848,https://img.evbuc.com/https%3A%2F%2Fcdn.evbuc.com%2Fimages%2F1193126702%2F406817443619%2F1%2Foriginal.20260910-030002?crop=focalpoint&fit=crop&auto=format%2Ccompress&q=75&sharp=10&fp-x=0.5&fp-y=0.5&s=7b20101f02c45d290fe76c476dbeafd6,,Eventbrite/film-and-media,广东省,深圳,Eventbrite
Suits Trivia,,2026-10-15,2026-10-15,,"4/F, Harilela House, Hong Kong, HKI",https://www.eventbrite.hk/e/suits-trivia-tickets-1999357365702,https://img.evbuc.com/https%3A%2F%2Fcdn.evbuc.com%2Fimages%2F1192343420%2F2985326387569%2F1%2Foriginal.20260901-071007?crop=focalpoint&fit=crop&auto=format%2Ccompress&q=75&sharp=10&fp-x=0.5&fp-y=0.5&s=bca6b55a7590a88073551ef45dbbb3a0,,Eventbrite/film-and-media,广东省,深圳,Eventbrite
Brooklyn99 Trivia,,2026-09-24,2026-09-24,,"21 Elgin Street, Central, HKI",https://www.eventbrite.hk/e/brooklyn99-trivia-tickets-1998944167816,https://img.evbuc.com/https%3A%2F%2Fcdn.evbuc.com%2Fimages%2F1191925659%2F2985326387569%2F1%2Foriginal.20260826-083512?crop=focalpoint&fit=crop&auto=format%2Ccompress&q=75&sharp=10&fp-x=0.5&fp-y=0.5&s=76bafbdaee9d729a89017f6cf9341cc7,,Eventbrite/film-and-media,广东省,深圳,Eventbrite
How I met your mother Trivia,,2026-09-30,2026-09-30,,"4/F, Harilela House, Hong Kong, HKI",https://www.eventbrite.hk/e/how-i-met-your-mother-trivia-tickets-1998944414554,https://img.evbuc.com/https%3A%2F%2Fcdn.evbuc.com%2Fimages%2F1191926035%2F2985326387569%2F1%2Foriginal.20260826-084049?crop=focalpoint&fit=crop&auto=format%2Ccompress&q=75&sharp=10&fp-x=0.5&fp-y=0.5&s=59eb25bb168ce38bcdca86d93951e65b,,Eventbrite/film-and-media,广东省,深圳,Eventbrite
"Film Screening: ""Cuisine and Science""",,2026-10-09,2026-10-09,,"2號 Science Museum Road, Hong Kong, KOW",https://www.eventbrite.hk/e/film-screening-cuisine-and-science-tickets-1998875645865,,,Eventbrite/film-and-media,广东省,深圳,Eventbrite
#18 Moroccan Movie Night - Solarpunk Movie Nights HK,,2026-09-20,2026-09-20,,"Wing On Street, Peng Chau, NT",https://www.eventbrite.co.uk/e/18-moroccan-movie-night-solarpunk-movie-nights-hk-tickets-2000004149249,https://img.evbuc.com/https%3A%2F%2Fcdn.evbuc.com%2Fimages%2F1192864816%2F201932945687%2F1%2Foriginal.20260907-091121?crop=focalpoint&fit=crop&auto=format%2Ccompress&q=75&sharp=10&fp-x=0.5&fp-y=0.5&s=a03c0bf1424f6b767f8cb9b91db5c941,,Eventbrite/film-and-media,广东省,深圳,Eventbrite
Spanish Movie Night: 18 Comidas - 18 Meals,,2026-10-26,2026-10-26,,"Pottinger Street, Hong Kong, HKI",https://www.eventbrite.com/e/spanish-movie-night-18-comidas-18-meals-tickets-2000391320288,https://img.evbuc.com/https%3A%2F%2Fcdn.evbuc.com%2Fimages%2F1193143531%2F308172518142%2F1%2Foriginal.20260910-093026?crop=focalpoint&fit=crop&auto=format%2Ccompress&q=75&sharp=10&fp-x=0.5&fp-y=0.5&s=7ffd0abdc2857ecf440432d68648e496,,Eventbrite/film-and-media,广东省,深圳,Eventbrite
AIGC短片製作體驗工作坊,,2026-09-20,2026-09-20,,"長沙灣道, Hong Kong, KOW",https://www.eventbrite.hk/e/aigc-tickets-2001003943661,https://img.evbuc.com/https%3A%2F%2Fcdn.evbuc.com%2Fimages%2F1193467851%2F3009501385212%2F1%2Foriginal.20260914-172126?crop=focalpoint&fit=crop&auto=format%2Ccompress&q=75&sharp=10&fp-x=0.489&fp-y=0.565&s=ba71a694bac2e0cb8f47b458566941c7,,Eventbrite/film-and-media,广东省,深圳,Eventbrite
Not a book club,,2026-09-30,2026-09-30,,"33 Des Voeux Road West, Hong Kong, HKI",https://www.eventbrite.hk/e/not-a-book-club-tickets-2000080795500,https://img.evbuc.com/https%3A%2F%2Fcdn.evbuc.com%2Fimages%2F1170963785%2F293343097790%2F1%2Foriginal.20251114-131158?crop=focalpoint&fit=crop&auto=format%2Ccompress&q=75&sharp=10&fp-x=0.62&fp-y=0.392&s=61d60b3ec4e44907ed7d57d0795bc5de,,Eventbrite/hobbies,广东省,深圳,Eventbrite
An Evening with Henry & House of Self,,2026-09-23,2026-09-23,,"6/F, Infinitus Plaza,, Sheung Wan, HKI",https://www.eventbrite.hk/e/an-evening-with-henry-house-of-self-tickets-1998943202930,https://img.evbuc.com/https%3A%2F%2Fcdn.evbuc.com%2Fimages%2F1191923897%2F295708500510%2F1%2Foriginal.20260826-080717?crop=focalpoint&fit=crop&auto=format%2Ccompress&q=75&sharp=10&fp-x=0.5&fp-y=0.5&s=d82f98a7f66de1d37d834cb7b21eb7d6,,Eventbrite/hobbies,广东省,深圳,Eventbrite
【DX設計館】四海波竹編花籠工作坊 | Shikainami Basket-Weaving Workshop,,2026-10-17,2026-10-17,,"DX design hub, Sham Shui Po, KOW",https://www.eventbrite.hk/e/dx-shikainami-basket-weaving-workshop-tickets-1999016843190,https://img.evbuc.com/https%3A%2F%2Fcdn.evbuc.com%2Fimages%2F1192021682%2F1906117772893%2F1%2Foriginal.20260827-101458?crop=focalpoint&fit=crop&auto=format%2Ccompress&q=75&sharp=10&fp-x=0.5&fp-y=0.5&s=484be4a59e15876ad9d396088d7b9731,,Eventbrite/hobbies,广东省,深圳,Eventbrite
The Tavern | LIVE Dungeons & Dragons Show,,2026-10-24,2026-10-24,,"12P Smithfield, Hong Kong, HKI",https://www.eventbrite.com/e/the-tavern-live-dungeons-dragons-show-tickets-1999144423787,https://img.evbuc.com/https%3A%2F%2Fcdn.evbuc.com%2Fimages%2F1192690400%2F3006081292986%2F1%2Foriginal.20260904-153740?crop=focalpoint&fit=crop&auto=format%2Ccompress&q=75&sharp=10&fp-x=0.5&fp-y=0.5&s=3bd812958971f460e7de1d9120d84b94,,Eventbrite/hobbies,广东省,深圳,Eventbrite
Not a book club: morning session,,2026-09-19,2026-09-19,,"118號 Queen's Road West, Hong Kong, HKI",https://www.eventbrite.hk/e/not-a-book-club-morning-session-tickets-1999249535178,https://img.evbuc.com/https%3A%2F%2Fcdn.evbuc.com%2Fimages%2F1170963785%2F293343097790%2F1%2Foriginal.20251114-131158?crop=focalpoint&fit=crop&auto=format%2Ccompress&q=75&sharp=10&fp-x=0.62&fp-y=0.392&s=61d60b3ec4e44907ed7d57d0795bc5de,,Eventbrite/hobbies,广东省,深圳,Eventbrite
【DX設計館 】中秋花月夜 花藝燈籠工作坊│Mid-Autumn Floral Moon Lantern Workshop,,2026-09-19,2026-09-19,,"DX design hub, Sham Shui Po, KOW",https://www.eventbrite.hk/e/dx-mid-autumn-floral-moon-lantern-workshop-tickets-1999976303963,https://img.evbuc.com/https%3A%2F%2Fcdn.evbuc.com%2Fimages%2F1193367142%2F1906117772893%2F1%2Foriginal.20260913-085506?crop=focalpoint&fit=crop&auto=format%2Ccompress&q=75&sharp=10&fp-x=0.5&fp-y=0.5&s=f0ab5a9bc7873ba7223c8dafa9ec17f7,,Eventbrite/hobbies,广东省,深圳,Eventbrite
好師傅裝修預備班 (2026年10月11日班),,2026-10-11,2026-10-11,,"長沙灣道, Hong Kong, KOW",https://www.eventbrite.hk/e/20261011-tickets-1999248339602,https://img.evbuc.com/https%3A%2F%2Fcdn.evbuc.com%2Fimages%2F1190252639%2F394487900767%2F1%2Foriginal.20260804-031645?w=381&auto=format%2Ccompress&q=75&sharp=10&s=0f599cde4f4e825ff3171e07574ec3f5,,Eventbrite/home-and-lifestyle,广东省,深圳,Eventbrite
"Global Sources Smart Home, Security & Appliances – October 2026",,2026-10-18,2026-10-21,,"1 Airport Expo Blvd, Chek Lap Kok, Hong Kong, Hong Kong, NT",https://www.eventbrite.com/e/global-sources-smart-home-security-appliances-october-2026-tickets-1999478223190,https://img.evbuc.com/https%3A%2F%2Fcdn.evbuc.com%2Fimages%2F1192450432%2F3012618419781%2F1%2Foriginal.20260902-081349?w=400&auto=format%2Ccompress&q=75&sharp=10&s=8c2d01e1bd7d8badc09c072a16506c43,,Eventbrite/home-and-lifestyle,广东省,深圳,Eventbrite
Nina Hotel Kowloon East Long Staying Open Day  九龍東如心酒店「長期住宿計劃」開放日,,2026-09-18,2026-09-18,,"38 Chong Yip Street, Kwun Tong, KOW",https://www.eventbrite.hk/e/nina-hotel-kowloon-east-long-staying-open-day-registration-1999974147513,https://img.evbuc.com/https%3A%2F%2Fcdn.evbuc.com%2Fimages%2F1184584571%2F3002048666828%2F1%2Foriginal.20260514-105407?crop=focalpoint&fit=crop&auto=format%2Ccompress&q=75&sharp=10&fp-x=0.5&fp-y=0.5&s=a0d68e96298c7854ec088f06370d00e3,,Eventbrite/home-and-lifestyle,广东省,深圳,Eventbrite
The 54th Jinhan Fair for Home & Gifts,,2026-10-21,2026-10-27,,"1000 新港东路, 广州市, 广东省",https://www.eventbrite.com/e/the-54th-jinhan-fair-for-home-gifts-tickets-1991430348781,https://img.evbuc.com/https%3A%2F%2Fcdn.evbuc.com%2Fimages%2F1186463239%2F1690842964373%2F1%2Foriginal.20260609-030119?crop=focalpoint&fit=crop&auto=format%2Ccompress&q=75&sharp=10&fp-x=0.5&fp-y=0.5&s=dff01bbe43f62d6b22b9eb86a3f8f5de,,Eventbrite/home-and-lifestyle,广东省,深圳,Eventbrite
香港 ¡Backstage Comedy presenta a Carmen Lynch en Hong Kong!,,2026-10-15,2026-10-15,,"32 Wyndham Street, Hong Kong, HKI",https://www.eventbrite.hk/e/backstage-comedy-presenta-a-carmen-lynch-en-hong-kong-tickets-1993010393738,https://img.evbuc.com/https%3A%2F%2Fcdn.evbuc.com%2Fimages%2F1184775937%2F1583805460223%2F1%2Foriginal.20260517-065812?w=320&auto=format%2Ccompress&q=75&sharp=10&s=4d252d23b35d990f566e4a7358fb516c,,Eventbrite/performing-arts,广东省,深圳,Eventbrite
香港 Hong Kong Comedy Season Presents Mohammed Magdi: Discount Pharaoh,,2026-09-19,2026-09-19,,"32 Wyndham Street, Hong Kong, HKI",https://www.eventbrite.hk/e/hong-kong-comedy-season-presents-mohammed-magdi-discount-pharaoh-tickets-1993763185358,https://img.evbuc.com/https%3A%2F%2Fcdn.evbuc.com%2Fimages%2F1191827261%2F1583805460223%2F1%2Foriginal.20260825-060100?crop=focalpoint&fit=crop&auto=format%2Ccompress&q=75&sharp=10&fp-x=0.231&fp-y=0.386&s=c9691257bfd8ea4bf80c4696d911e463,,Eventbrite/performing-arts,广东省,深圳,Eventbrite
香港 Hong Kong Comedy Season Presents Saaj Raja: Bad Indian,,2026-09-25,2026-09-25,,"32號 Wyndham Street, Hong Kong, HKI",https://www.eventbrite.hk/e/hong-kong-comedy-season-presents-saaj-raja-bad-indian-tickets-1993459610357,https://img.evbuc.com/https%3A%2F%2Fcdn.evbuc.com%2Fimages%2F1189189135%2F1583805460223%2F1%2Foriginal.20260720-035152?crop=focalpoint&fit=crop&auto=format%2Ccompress&q=75&sharp=10&fp-x=0.769&fp-y=0.282&s=fc9af1d4df440caf5314185db20b8bdd,,Eventbrite/performing-arts,广东省,深圳,Eventbrite
Comedy by Beats - Open Mic,,2026-09-22,2026-09-22,,"63 Wyndham Street, Hong Kong, HKI",https://www.eventbrite.com/e/comedy-by-beats-open-mic-tickets-1975222470581,https://img.evbuc.com/https%3A%2F%2Fcdn.evbuc.com%2Fimages%2F1171580955%2F2613581306891%2F1%2Foriginal.20251123-095043?crop=focalpoint&fit=crop&auto=format%2Ccompress&q=75&sharp=10&fp-x=0.489&fp-y=0.232&s=6295c2b7f62e3977d2a98981fa89245f,,Eventbrite/performing-arts,广东省,深圳,Eventbrite
THE BITCHES ARE BACK!,,2026-09-18,2026-09-18,,"57-59 Wyndham St, Hong Kong, HKI",https://www.eventbrite.com/e/the-bitches-are-back-tickets-1999708536062,https://img.evbuc.com/https%3A%2F%2Fcdn.evbuc.com%2Fimages%2F1192741152%2F15785787385%2F1%2Foriginal.20260905-020716?crop=focalpoint&fit=crop&auto=format%2Ccompress&q=75&sharp=10&fp-x=0.438&fp-y=0.529&s=8a54d4c5b86bb474c04651f4e53b2385,,Eventbrite/performing-arts,广东省,深圳,Eventbrite
African Kidz Club,,2026-10-03,2026-10-03,,"191 Woosung Street, Jordan, NT",https://www.eventbrite.hk/e/african-kidz-club-tickets-1999899186302,https://img.evbuc.com/https%3A%2F%2Fcdn.evbuc.com%2Fimages%2F1192805550%2F406817443619%2F1%2Foriginal.20260906-063343?crop=focalpoint&fit=crop&auto=format%2Ccompress&q=75&sharp=10&fp-x=0.5&fp-y=0.5&s=b49e4bb928ebf271416cb0a6ea31770a,,Eventbrite/performing-arts,广东省,深圳,Eventbrite
Raw & Uncut Comedy @ Nook Bar,,2026-09-17,2026-09-17,,"79 Wyndham Street, Central, HKI",https://www.eventbrite.com/e/raw-uncut-comedy-nook-bar-tickets-1755263573599,https://img.evbuc.com/https%3A%2F%2Fcdn.evbuc.com%2Fimages%2F1017176833%2F2613581306891%2F1%2Foriginal.20250426-042331?crop=focalpoint&fit=crop&auto=format%2Ccompress&q=75&sharp=10&fp-x=0.5&fp-y=0.5&s=41fb3b8ca256d00614f62f05cc27ff67,,Eventbrite/performing-arts,广东省,深圳,Eventbrite
香港 Backstage Comedy Presents Carmen Lynch Live! in Hong Kong,,2026-10-16,2026-10-16,,"1 Connaught Place, Hong Kong, HKI",https://www.eventbrite.hk/e/backstage-comedy-presents-carmen-lynch-live-in-hong-kong-tickets-1989772773930,https://img.evbuc.com/https%3A%2F%2Fcdn.evbuc.com%2Fimages%2F1191828182%2F1583805460223%2F1%2Foriginal.20260825-063030?crop=focalpoint&fit=crop&auto=format%2Ccompress&q=75&sharp=10&fp-x=0.093&fp-y=0.349&s=910cdd840a4cebe35e8f554278ca7a1f,,Eventbrite/performing-arts,广东省,深圳,Eventbrite
Love 21 Celebration of Ability 2026: The Museum of Dreams,,2026-11-26,2026-11-26,,"238 柴灣道, Hong Kong, HKI",https://www.eventbrite.com/e/love-21-celebration-of-ability-2026-the-museum-of-dreams-tickets-1997434627741,https://img.evbuc.com/https%3A%2F%2Fcdn.evbuc.com%2Fimages%2F1191041959%2F2895411897321%2F1%2Foriginal.20260814-070119?crop=focalpoint&fit=crop&auto=format%2Ccompress&q=75&sharp=10&fp-x=0.5&fp-y=0.5&s=e1329c0e727f1e9f56c05eb4b53194b4,,Eventbrite/performing-arts,广东省,深圳,Eventbrite
Raw & Raunchy Comedy @ Fa Gai,,2026-09-17,2026-09-17,,"G/F, 32 Wyndham Street, Hong Kong, HKI",https://www.eventbrite.com/e/raw-raunchy-comedy-fa-gai-tickets-1982737165235,https://img.evbuc.com/https%3A%2F%2Fcdn.evbuc.com%2Fimages%2F1177126805%2F2613581306891%2F1%2Foriginal.20260210-011141?crop=focalpoint&fit=crop&auto=format%2Ccompress&q=75&sharp=10&fp-x=0.47&fp-y=0.202&s=e5304954847c8bb8cba728041bc5f5ab,,Eventbrite/performing-arts,广东省,深圳,Eventbrite
Challenges of live sewer rehabilitation,,2026-09-26,2026-09-26,,"Room 824-825, 8/F, Middle Block, Star House, Kowloon, KOW",https://www.eventbrite.hk/e/challenges-of-live-sewer-rehabilitation-tickets-1999738876812,https://img.evbuc.com/https%3A%2F%2Fcdn.evbuc.com%2Fimages%2F1192649268%2F2986765819551%2F1%2Foriginal.20260904-025111?crop=focalpoint&fit=crop&auto=format%2Ccompress&q=75&sharp=10&fp-x=0.5&fp-y=0.5&s=d055917813f5a400a244269709f8e247,,Eventbrite/science-and-tech,广东省,深圳,Eventbrite
Death Forum 生死論壇 AI 是人類文明的里程碑還是人類文明的死亡？,,2026-09-29,2026-09-29,,"The university of hong kong, Hong Kong, HKI",https://www.eventbrite.com/e/death-forum-ai-tickets-1999089249760,https://img.evbuc.com/https%3A%2F%2Fcdn.evbuc.com%2Fimages%2F1193627140%2F1992900489113%2F1%2Foriginal.20260916-053951?crop=focalpoint&fit=crop&auto=format%2Ccompress&q=75&sharp=10&fp-x=0.509&fp-y=0.467&s=f8d6141c2d6f3f0fde178da8ff27db5b,,Eventbrite/science-and-tech,广东省,深圳,Eventbrite
Seamless Test,,2026-09-30,2026-09-30,,"1號 Expo Drive, Hong Kong SAR, HKI",https://www.eventbrite.com/e/seamless-test-tickets-1994629462416,,,Eventbrite/science-and-tech,广东省,深圳,Eventbrite
"International Conference on Electrical, Electronics, Communication & Robot",,2026-11-05,2026-11-06,,"8 Pak Hok Ting Street, Hong Kong, HKI",https://www.eventbrite.com/e/international-conference-on-electrical-electronics-communication-robot-tickets-1991362913079,https://img.evbuc.com/https%3A%2F%2Fcdn.evbuc.com%2Fimages%2F1186394275%2F983813773643%2F1%2Foriginal.20260608-115540?crop=focalpoint&fit=crop&auto=format%2Ccompress&q=75&sharp=10&fp-x=0.5&fp-y=0.5&s=1d3816fe262b4fc17a90dbbdd5e3a4c4,,Eventbrite/science-and-tech,广东省,深圳,Eventbrite
Decrypting DeSci (Decentralized Science) | Hong Kong,,2026-10-06,2026-10-06,,"Online Event, Hong Kong, HKI",https://www.eventbrite.com.au/e/decrypting-desci-decentralized-science-hong-kong-tickets-1929602937329,https://img.evbuc.com/https%3A%2F%2Fcdn.evbuc.com%2Fimages%2F1167067913%2F955667871893%2F1%2Foriginal.20251031-054931?crop=focalpoint&fit=crop&auto=format%2Ccompress&q=75&sharp=10&fp-x=0.5&fp-y=0.5&s=af8648b02e46c91ecc9e4a373c9fd418,,Eventbrite/science-and-tech,广东省,深圳,Eventbrite
The 6th World Biological Science and Technology Conference 2026,,2026-12-01,2026-12-01,,"50 Nathan Road, Tsim Sha Tsui, KOW",https://www.eventbrite.hk/e/the-6th-world-biological-science-and-technology-conference-2026-tickets-1993440196289,https://img.evbuc.com/https%3A%2F%2Fcdn.evbuc.com%2Fimages%2F1188352536%2F1403300357773%2F1%2Foriginal.20260707-081950?crop=focalpoint&fit=crop&auto=format%2Ccompress&q=75&sharp=10&fp-x=0.5&fp-y=0.5&s=8eb8c4daf6a92ba3c1d707a94b4c8eeb,,Eventbrite/science-and-tech,广东省,深圳,Eventbrite
Australian Strength and Conditioning Association (ASCA) Level 1,,2026-12-12,2026-12-13,,"Shop G1 & G2, Hong Kong, NT",https://www.eventbrite.com.au/e/australian-strength-and-conditioning-association-asca-level-1-tickets-1999475200148,https://img.evbuc.com/https%3A%2F%2Fcdn.evbuc.com%2Fimages%2F1192794275%2F3009315595726%2F1%2Foriginal.20260905-230332?crop=focalpoint&fit=crop&auto=format%2Ccompress&q=75&sharp=10&fp-x=0.5&fp-y=0.5&s=fd925c168eb4866f0e56210b0140dedc,,Eventbrite/sports-and-fitness,广东省,深圳,Eventbrite
FOCUS presents: MAX LOPEZ HONG KONG TAKEOVER,,2026-09-17,2026-09-17,,"100號 彌敦道, HONG KONG, HKI",https://www.eventbrite.com/e/focus-presents-max-lopez-hong-kong-takeover-tickets-1999771664882,https://img.evbuc.com/https%3A%2F%2Fcdn.evbuc.com%2Fimages%2F1192674913%2F3012901138052%2F1%2Foriginal.20260904-123301?crop=focalpoint&fit=crop&auto=format%2Ccompress&q=75&sharp=10&fp-x=0.481&fp-y=0.212&s=8a2899cdd6cef28b10485c35bd398a82,,Eventbrite/sports-and-fitness,广东省,深圳,Eventbrite
Group Fitness Class,,2026-10-11,2026-10-11,,"28 Queen's Road Central, Hong Kong, HKI",https://www.eventbrite.hk/e/group-fitness-class-tickets-2000538687066,https://img.evbuc.com/https%3A%2F%2Fcdn.evbuc.com%2Fimages%2F1193230079%2F642808741513%2F1%2Foriginal.20260911-041539?crop=focalpoint&fit=crop&auto=format%2Ccompress&q=75&sharp=10&fp-x=0.5&fp-y=0.5&s=9bf2dbb5e9886f3ab8964113440e8994,,Eventbrite/sports-and-fitness,广东省,深圳,Eventbrite
【NEWAVE 新競技田徑】兒童恆常田徑班（2026年9-10月）,,2026-09-18,2026-09-18,,"Hong Kong, Hong Kong",https://www.eventbrite.hk/e/newave-20269-10-tickets-1999082451426,https://img.evbuc.com/https%3A%2F%2Fcdn.evbuc.com%2Fimages%2F1192103027%2F1575397946733%2F1%2Foriginal.20260828-084023?crop=focalpoint&fit=crop&auto=format%2Ccompress&q=75&sharp=10&fp-x=0.5&fp-y=0.5&s=fd5e758805892f0868d84fc20f2192b7,,Eventbrite/sports-and-fitness,广东省,深圳,Eventbrite
【NEWAVE 新競技田徑】青少年恆常田徑班（2026年9-10月）,,2026-09-17,2026-09-17,,"Hong Kong, Hong Kong",https://www.eventbrite.hk/e/newave-20269-10-tickets-1998725915016,https://img.evbuc.com/https%3A%2F%2Fcdn.evbuc.com%2Fimages%2F1191733621%2F1575397946733%2F1%2Foriginal.20260824-061927?crop=focalpoint&fit=crop&auto=format%2Ccompress&q=75&sharp=10&fp-x=0.5&fp-y=0.5&s=fe9268332f41b46bbeb8e622f3318126,,Eventbrite/sports-and-fitness,广东省,深圳,Eventbrite
IWG Hong Kong Pickleball Social,,2026-10-23,2026-10-23,,"Hong Kong Island, Hong Kong Island, HKI",https://www.eventbrite.hk/e/iwg-hong-kong-pickleball-social-tickets-2000247850165,https://img.evbuc.com/https%3A%2F%2Fcdn.evbuc.com%2Fimages%2F1193032367%2F1637396993223%2F1%2Foriginal.20260909-062858?crop=focalpoint&fit=crop&auto=format%2Ccompress&q=75&sharp=10&fp-x=0.093&fp-y=0.504&s=68962580dc948c89c8f91b5c7009a0eb,,Eventbrite/sports-and-fitness,广东省,深圳,Eventbrite
【暑假限定】香港西貢遊艇跳島遊 Yacht Volcanic Island-Hopping tour：客家小吃品嘗・萬年火山岩景觀・橋咀島菠蘿包石,,2026-09-19,2026-09-19,,"1號泊位, Hong Kong, NT",https://www.eventbrite.hk/e/yacht-volcanic-island-hopping-tour-tickets-1996782404925,https://img.evbuc.com/https%3A%2F%2Fcdn.evbuc.com%2Fimages%2F1190348251%2F3009986434958%2F1%2Foriginal.20260805-051155?crop=focalpoint&fit=crop&auto=format%2Ccompress&q=75&sharp=10&fp-x=0.5&fp-y=0.5&s=5ed4b4feae873fc5691ee46157410396,,Eventbrite/travel-and-outdoor,广东省,深圳,Eventbrite
South Lantau Hiking Weekend,,2026-10-10,2026-10-11,,"South Lantau, Hong Kong, NT",https://www.eventbrite.hk/e/south-lantau-hiking-weekend-tickets-1999290926982,https://img.evbuc.com/https%3A%2F%2Fcdn.evbuc.com%2Fimages%2F1192301094%2F2985032836999%2F1%2Foriginal.20260831-185451?crop=focalpoint&fit=crop&auto=format%2Ccompress&q=75&sharp=10&fp-x=0.5&fp-y=0.5&s=becdc510e54de45b7e4e8969dc8b69a0,,Eventbrite/travel-and-outdoor,广东省,深圳,Eventbrite
Book A Visit With Us!  [请阅读下方的说明],,2026-09-17,2026-09-17,,"2/F, Far East Mansion,, Hong Kong, KOW",https://www.eventbrite.com/e/book-a-visit-with-us-tickets-1999077456486,https://img.evbuc.com/https%3A%2F%2Fcdn.evbuc.com%2Fimages%2F1192097415%2F3012101186315%2F1%2Foriginal.20260828-055438?crop=focalpoint&fit=crop&auto=format%2Ccompress&q=75&sharp=10&fp-x=0.5&fp-y=0.5&s=d625b9435f691e66ee105a5c03d1a83f,,Eventbrite/travel-and-outdoor,广东省,深圳,Eventbrite
2026 5th Asian Conference on Frontiers of Power and Energy (ACFPE 2026),,2026-10-22,2026-10-24,,"Chengdu, Chengdu",https://www.eventbrite.com/e/2026-5th-asian-conference-on-frontiers-of-power-and-energy-acfpe-2026-tickets-1977357999004,https://img.evbuc.com/https%3A%2F%2Fcdn.evbuc.com%2Fimages%2F1172588102%2F185181418113%2F1%2Foriginal.png?w=512&auto=format%2Ccompress&q=75&sharp=10&rect=0%2C0%2C940%2C470&s=1151db87a70377544b29e99177ba3721,,Eventbrite/performing-arts,四川省,成都,Eventbrite
"Power, Electrical and Energy Systems Engineering (PEESE 2026)",,2026-10-31,2026-10-31,,"No. 2006, Xiyuan Avenue, High-tech Zone (West District), Chengdu, Sichuan",https://www.eventbrite.hk/e/power-electrical-and-energy-systems-engineering-peese-2026-tickets-1989445079788,https://img.evbuc.com/https%3A%2F%2Fcdn.evbuc.com%2Fimages%2F1184571520%2F457048189644%2F1%2Foriginal.20260514-061650?crop=focalpoint&fit=crop&w=512&auto=format%2Ccompress&q=75&sharp=10&fp-x=0.5&fp-y=0.5&s=dae09b581988623619688ee44ecab559,,Eventbrite/performing-arts,四川省,成都,Eventbrite
Chengdu Youth Study Track for UK Biomedical Executive Families,,2026-10-22,2026-10-24,,"1577 Middle Tianfu Avenue, Chengdu, Sichuan",https://www.eventbrite.co.uk/e/chengdu-youth-study-track-for-uk-biomedical-executive-families-tickets-1993668172171,https://img.evbuc.com/https%3A%2F%2Fcdn.evbuc.com%2Fimages%2F1188606340%2F3005116401698%2F1%2Foriginal.20260710-124033?crop=focalpoint&fit=crop&w=512&auto=format%2Ccompress&q=75&sharp=10&fp-x=0.5&fp-y=0.5&s=4ffba86b13ce9ce369a6b383862440ec,,Eventbrite/performing-arts,四川省,成都,Eventbrite
Dujiangyan Scenic Area Tickets,,2026-09-17,2026-09-17,,"No.1 Gongyuan Road, Guankou Sub-district, Dujiangyan City, Chengdu, Sichuan Province, P.R. China, 611800, Chengdu",https://www.eventbrite.com/e/dujiangyan-scenic-area-tickets-tickets-1976728041785,https://img.evbuc.com/https%3A%2F%2Fcdn.evbuc.com%2Fimages%2F1172230523%2F2982829680105%2F1%2Foriginal.20251203-132853?crop=focalpoint&fit=crop&w=512&auto=format%2Ccompress&q=75&sharp=10&fp-x=0.5&fp-y=0.5&s=5d5dabbcec04e986b32bb5c573c4a176,,Eventbrite/performing-arts,四川省,成都,Eventbrite
Cheung Chau Island Mud Olympigs Plus DJ Music Festival 2026!,,2026-10-10,2026-10-10,,"Cheung Chau, 西灣 DD CC Lot 12, Hong Kong, HKI",https://www.eventbrite.hk/e/cheung-chau-island-mud-olympigs-plus-dj-music-festival-2026-tickets-1981393626675,https://img.evbuc.com/https%3A%2F%2Fcdn.evbuc.com%2Fimages%2F1175616709%2F2988201487367%2F1%2Foriginal.20260123-025647?crop=focalpoint&fit=crop&w=512&auto=format%2Ccompress&q=75&sharp=10&fp-x=0.5&fp-y=0.5&s=3f6dfc349b3775b9eee78a81c1bf7108,,Eventbrite/music,湖南省,长沙,Eventbrite
✨ 隆重呈獻  【第14屆歌唱比賽 - 6小時綜藝派對】✨- KAIROS 刻遇,,2026-09-27,2026-09-27,,"荔枝角, 荔枝角, KOW",https://www.eventbrite.hk/e/14-6-kairos-tickets-1999944180882,https://img.evbuc.com/https%3A%2F%2Fcdn.evbuc.com%2Fimages%2F1192833383%2F3013161797988%2F1%2Foriginal.20260906-195705?crop=focalpoint&fit=crop&auto=format%2Ccompress&q=75&sharp=10&fp-x=0.5&fp-y=0.5&s=7c9be6279bbe2a1b7d207ff7b7cf369e,,Eventbrite/music,湖南省,长沙,Eventbrite
"HARDCORE, FRIENDSHIPS AND PIZZA",,2026-10-25,2026-10-25,,"Kung Yip Street, Kwai Chung, NT",https://www.eventbrite.hk/e/hardcore-friendships-and-pizza-tickets-2000965655139,https://img.evbuc.com/https%3A%2F%2Fcdn.evbuc.com%2Fimages%2F1193433838%2F130011954379%2F1%2Foriginal.20260914-110510?crop=focalpoint&fit=crop&auto=format%2Ccompress&q=75&sharp=10&fp-x=0.511&fp-y=0.968&s=f4463145fccd9f3c5f87aa45c29c453c,,Eventbrite/music,湖南省,长沙,Eventbrite
"Amazon Sellers Networking, Canton Fair, Phase 3, Sun 1st Nov FREE EVENT",,2026-11-01,2026-11-02,,"11号 Qiao Guang Xi Lu, Guang Zhou Shi, Guang Dong Sheng",https://www.eventbrite.hk/e/amazon-sellers-networking-canton-fair-phase-3-sun-1st-nov-free-event-tickets-1894117790299,https://img.evbuc.com/https%3A%2F%2Fcdn.evbuc.com%2Fimages%2F1161463353%2F183825657761%2F1%2Foriginal.20251024-093837?w=512&auto=format%2Ccompress&q=75&sharp=10&rect=0%2C0%2C2160%2C1080&s=dab1162f61c61a0e66cff1218cea52e2,,Eventbrite/business,湖南省,长沙,Eventbrite
ACA Signature: Canton Fair Fall Session 2026,,2026-10-12,2026-10-22,,"Zhan Chang Xi Lu, Guang Zhou Shi, Guang Dong Sheng",https://www.eventbrite.com/e/aca-signature-canton-fair-fall-session-2026-tickets-1975189071684,https://img.evbuc.com/https%3A%2F%2Fcdn.evbuc.com%2Fimages%2F1184706409%2F1954404017023%2F1%2Foriginal.20260515-181005?crop=focalpoint&fit=crop&w=512&auto=format%2Ccompress&q=75&sharp=10&fp-x=0.5&fp-y=0.5&s=643bc81fd0b8f770f21391f442e17462,,Eventbrite/business,湖南省,长沙,Eventbrite
CHINA TOUR - CATON FAIR TRADE SHOW,,2026-10-14,2026-10-21,,"Yue Jiang Zhong Lu, Guang Zhou Shi, Guang Dong Sheng",https://www.eventbrite.com/e/china-tour-caton-fair-trade-show-tickets-1988053433336,https://img.evbuc.com/https%3A%2F%2Fcdn.evbuc.com%2Fimages%2F1182844075%2F2991856104858%2F1%2Foriginal.20260423-034409?crop=focalpoint&fit=crop&w=512&auto=format%2Ccompress&q=75&sharp=10&fp-x=0.5&fp-y=0.5&s=7e8afe164afb24d768c781b048259058,,Eventbrite/business,湖南省,长沙,Eventbrite
18th Solar PV and Energy Storage World Expo 2026 (PV Guangzhou),,2026-09-16,2026-09-18,,"China Import and Export Fair Complex, Guangzhou, Guangdong",https://www.eventbrite.com/e/18th-solar-pv-and-energy-storage-world-expo-2026-pv-guangzhou-tickets-1633768729249,https://img.evbuc.com/https%3A%2F%2Fcdn.evbuc.com%2Fimages%2F1106321203%2F213664635660%2F1%2Foriginal.20250827-094620?w=382&auto=format%2Ccompress&q=75&sharp=10&s=ef86c0f55ca8ff619ab3aa362a6927d0,,Eventbrite/business,湖南省,长沙,Eventbrite
JixiangFang Cruise A Culinary Voyage Through Ancient,,2026-09-17,2026-09-17,,"滨江东路, 广州市, 广东省",https://www.eventbrite.com/e/jixiangfang-cruise-a-culinary-voyage-through-ancient-tickets-1994789636501,https://img.evbuc.com/https%3A%2F%2Fcdn.evbuc.com%2Fimages%2F1189380491%2F2982829680105%2F1%2Foriginal.20260722-100042?crop=focalpoint&fit=crop&auto=format%2Ccompress&q=75&sharp=10&fp-x=0.693&fp-y=0.561&s=2e117625967a7f7ebd9acf95b5d1efdb,,Eventbrite/food-and-drink,湖南省,长沙,Eventbrite
37th Interwine & Spirits Asia,,2026-11-11,2026-11-16,,"阅江西路, 广州市, 广东省",https://www.eventbrite.hk/e/37th-interwine-spirits-asia-tickets-1993979861442,https://img.evbuc.com/https%3A%2F%2Fcdn.evbuc.com%2Fimages%2F1188891326%2F1436472780583%2F1%2Foriginal.20260715-023244?crop=focalpoint&fit=crop&auto=format%2Ccompress&q=75&sharp=10&fp-x=0.5&fp-y=0.5&s=edc26f67d5c255fdc4a200d9e0fab396,,Eventbrite/food-and-drink,湖南省,长沙,Eventbrite
"Blotto 3rd Anniversary Community Pub Crawl – Kennedy Town, Hong Kong",,2026-09-26,2026-09-26,,"66-68 Catchick Street, Kennedy Town, HKI",https://www.eventbrite.com/e/blotto-3rd-anniversary-community-pub-crawl-kennedy-town-hong-kong-tickets-1999194953924,https://img.evbuc.com/https%3A%2F%2Fcdn.evbuc.com%2Fimages%2F1192208447%2F2086458532943%2F1%2Foriginal.20260830-054825?crop=focalpoint&fit=crop&auto=format%2Ccompress&q=75&sharp=10&fp-x=0.453&fp-y=0.469&s=73e3e6435ab2d9f38d5206f5dfdd92d5,,Eventbrite/food-and-drink,湖南省,长沙,Eventbrite
A Spark of Sichuan - Cooking Workshop,,2026-09-23,2026-09-23,,"Sai Ning Street, Hong Kong, HKI",https://www.eventbrite.hk/e/a-spark-of-sichuan-cooking-workshop-tickets-2000854935975,https://img.evbuc.com/https%3A%2F%2Fcdn.evbuc.com%2Fimages%2F1193377967%2F630401846963%2F1%2Foriginal.20260913-144517?crop=focalpoint&fit=crop&auto=format%2Ccompress&q=75&sharp=10&fp-x=0.021&fp-y=0.065&s=75d65d37c61531669092f4fc9f537eb9,,Eventbrite/food-and-drink,湖南省,长沙,Eventbrite
✨【中秋正日】海鮮 BBQ 派對 ｜專人代燒・輕鬆交友@格調會所,,2026-09-25,2026-09-25,,"元朗, 元朗, NT",https://www.eventbrite.hk/e/bbq-tickets-2001068602056,https://img.evbuc.com/https%3A%2F%2Fcdn.evbuc.com%2Fimages%2F1193573694%2F3013161797988%2F1%2Foriginal.20260915-165227?crop=focalpoint&fit=crop&auto=format%2Ccompress&q=75&sharp=10&fp-x=0.5&fp-y=0.5&s=2a8d2a5e319997b808193646523c8e9c,,Eventbrite/food-and-drink,湖南省,长沙,Eventbrite
Gecko Theatre Workshop,,2026-10-09,2026-10-09,,"12P Smithfield, hong kong, HKI",https://www.eventbrite.hk/e/gecko-theatre-workshop-tickets-1999009499224,https://img.evbuc.com/https%3A%2F%2Fcdn.evbuc.com%2Fimages%2F1192009428%2F232716970932%2F1%2Foriginal.20260827-054321?crop=focalpoint&fit=crop&auto=format%2Ccompress&q=75&sharp=10&fp-x=0.5&fp-y=0.5&s=72f9484989cea6ddeb30907a09c28c2e,,Eventbrite/arts,湖南省,长沙,Eventbrite
Exhibition Tour - The Measure of Shade,,2026-09-27,2026-09-27,,"Pok Fu Lam Road, Hong Kong, HKI",https://www.eventbrite.com/e/exhibition-tour-the-measure-of-shade-tickets-2000726697410,https://img.evbuc.com/https%3A%2F%2Fcdn.evbuc.com%2Fimages%2F1193366930%2F2079674817023%2F1%2Foriginal.20260913-084135?crop=focalpoint&fit=crop&auto=format%2Ccompress&q=75&sharp=10&fp-x=1.0&fp-y=0.461&s=afe447438f9c3bc37ac21e3be600a52d,,Eventbrite/arts,湖南省,长沙,Eventbrite
GECKO Theatre Workshop,,2026-10-09,2026-10-09,,"12P Smithfield, Hong Kong, HKI",https://www.eventbrite.com/e/gecko-theatre-workshop-tickets-2000550527481,https://img.evbuc.com/https%3A%2F%2Fcdn.evbuc.com%2Fimages%2F1193523037%2F2993955921398%2F1%2Foriginal.20260915-043713?crop=focalpoint&fit=crop&auto=format%2Ccompress&q=75&sharp=10&fp-x=0.5&fp-y=0.5&s=8d21984f53d2a2743bba415062fbdcff,,Eventbrite/arts,湖南省,长沙,Eventbrite
攝影書角 — 尋找自然 Looking for Nature,,2026-09-27,2026-09-27,,"338 Route Twisk, Tsuen Wan, NT",https://www.eventbrite.hk/e/looking-for-nature-tickets-1998865716165,https://img.evbuc.com/https%3A%2F%2Fcdn.evbuc.com%2Fimages%2F1191829916%2F226456242476%2F1%2Foriginal.20260825-072859?crop=focalpoint&fit=crop&auto=format%2Ccompress&q=75&sharp=10&fp-x=0.819&fp-y=0.849&s=ae810abab10cc2e5d7a1a55fd0753c2a,,Eventbrite/arts,湖南省,长沙,Eventbrite
2026大澳搖櫓夜彩遊,,2026-09-25,2026-09-25,,"吉慶街71號, 香港, NT",https://www.eventbrite.hk/e/2026-tickets-2000667507371,https://img.evbuc.com/https%3A%2F%2Fcdn.evbuc.com%2Fimages%2F1193243301%2F2897334068991%2F1%2Foriginal.20260911-095524?crop=focalpoint&fit=crop&auto=format%2Ccompress&q=75&sharp=10&fp-x=0.5&fp-y=0.5&s=b3f6de6de2954ca62a4d2dd37d7740da,,Eventbrite/community,湖南省,长沙,Eventbrite
"Walls and Roads: Openness, Creativity, the Belt and Road in Image & Thought",,2026-09-17,2026-09-17,,"Convocation Room, MB218, Pok Fu Lam, HKI",https://www.eventbrite.com/e/walls-and-roads-openness-creativity-the-belt-and-road-in-image-thought-tickets-1999014568386,https://img.evbuc.com/https%3A%2F%2Fcdn.evbuc.com%2Fimages%2F1193228475%2F3012000800499%2F1%2Foriginal.20260911-033231?crop=focalpoint&fit=crop&auto=format%2Ccompress&q=75&sharp=10&fp-x=0.047&fp-y=0.334&s=4f0f6dccc777497ef57e404e42a7e743,,Eventbrite/community,湖南省,长沙,Eventbrite
Walk Your Way: Mui Wo Creative Exploration supported by Bupa,,2026-09-19,2026-09-19,,"Mui Wo Ferry Pier Road, Mui Wo, Lantau, HKI",https://www.eventbrite.com/e/walk-your-way-mui-wo-creative-exploration-supported-by-bupa-tickets-1997949400440,https://img.evbuc.com/https%3A%2F%2Fcdn.evbuc.com%2Fimages%2F1191037864%2F1118688816003%2F1%2Foriginal.20260814-043430?crop=focalpoint&fit=crop&auto=format%2Ccompress&q=75&sharp=10&fp-x=0.019&fp-y=0.513&s=8824926f0083fd0c3831cc8fea92ebaa,,Eventbrite/health,湖南省,长沙,Eventbrite
回歸自己：深度放鬆．呼吸療癒旅程 《從焦慮到放鬆》,,2026-09-18,2026-09-18,,"Cheung Sha Wan Road, hong kong, KOW",https://www.eventbrite.com/e/1999638054249,https://img.evbuc.com/https%3A%2F%2Fcdn.evbuc.com%2Fimages%2F1192544892%2F3012744134668%2F1%2Foriginal.20260903-042058?crop=focalpoint&fit=crop&auto=format%2Ccompress&q=75&sharp=10&fp-x=0.498&fp-y=0.353&s=4e2f98a0afb89a960253ba3f6771bc69,,Eventbrite/health,湖南省,长沙,Eventbrite
TBC HK's October 16th Improv Fun Friday Jam!,,2026-10-16,2026-10-16,,"12P Smithfield, Hong Kong, HKI",https://www.eventbrite.hk/e/tbc-hks-october-16th-improv-fun-friday-jam-tickets-1998485709555,https://img.evbuc.com/https%3A%2F%2Fcdn.evbuc.com%2Fimages%2F1191177102%2F196985169006%2F1%2Foriginal.20260816-121930?crop=focalpoint&fit=crop&auto=format%2Ccompress&q=75&sharp=10&fp-x=0.867&fp-y=0.513&s=4a43039c14cb1aab931fa62fe68f2da4,,Eventbrite/performing-arts,湖南省,长沙,Eventbrite
A New Horizon of All-Weather Entertainment at Noah's Ark,,2026-10-20,2026-10-20,,"Ma Wan, Hong Kong",https://www.eventbrite.hk/e/a-new-horizon-of-all-weather-entertainment-at-noahs-ark-tickets-2000390134742,https://img.evbuc.com/https%3A%2F%2Fcdn.evbuc.com%2Fimages%2F1193143421%2F282515496445%2F1%2Foriginal.20260910-092846?crop=focalpoint&fit=crop&auto=format%2Ccompress&q=75&sharp=10&fp-x=0.5&fp-y=0.5&s=811c0fb4ac0c13d4d9c3217fe183687c,,Eventbrite/performing-arts,湖南省,长沙,Eventbrite
✨Art & Wine 中秋特別場：葡陶美酒月光光,,2026-09-25,2026-09-25,,"1511 wing hang ind. bldg., 13-29 kwai hei st., kwai fong., hong kong, NT",https://www.eventbrite.com/e/art-wine-tickets-2000260606319,https://img.evbuc.com/https%3A%2F%2Fcdn.evbuc.com%2Fimages%2F1193054182%2F3013478385697%2F1%2Foriginal.20260909-132530?crop=focalpoint&fit=crop&auto=format%2Ccompress&q=75&sharp=10&fp-x=0.5&fp-y=0.5&s=397e740e5ed83cce7f6642b38335993c,,Eventbrite/performing-arts,湖南省,长沙,Eventbrite
18th Solar PV & Energy Storage World Expo 2026 (Guangzhou),,2026-09-16,2026-09-18,,"No. 380, Yuejiang Zhong Road, Guangzhou, China, Guangzhou, --",https://www.eventbrite.com/e/18th-solar-pv-energy-storage-world-expo-2026-guangzhou-tickets-1988373838677,https://img.evbuc.com/https%3A%2F%2Fcdn.evbuc.com%2Fimages%2F1183189213%2F221494973002%2F1%2Foriginal.20260428-033016?crop=focalpoint&fit=crop&auto=format%2Ccompress&q=75&sharp=10&fp-x=0.5&fp-y=0.5&s=ec9ded30fca76539c8e641611f92939d,,Eventbrite/science-and-tech,湖南省,长沙,Eventbrite
The 10th Asia-Pacific Cleanroom Technology & Equipment Exhibition,,2026-09-16,2026-09-18,,"展场西路, 广州市, 广东省",https://www.eventbrite.hk/e/the-10th-asia-pacific-cleanroom-technology-equipment-exhibition-tickets-1979292181195,https://img.evbuc.com/https%3A%2F%2Fcdn.evbuc.com%2Fimages%2F1173697624%2F2532407580671%2F1%2Foriginal.20251230-070403?crop=focalpoint&fit=crop&auto=format%2Ccompress&q=75&sharp=10&fp-x=0.451&fp-y=0.308&s=d95ae9fa7da4b19c3f3be8288c01bc98,,Eventbrite/science-and-tech,湖南省,长沙,Eventbrite
Abantu Voices Fireside Chat - Jazz in HK,,2026-09-25,2026-09-25,,"41 Heung Yip Road, Wong Chuk Hang, HKI",https://www.eventbrite.hk/e/abantu-voices-fireside-chat-jazz-in-hk-tickets-1999255171035,https://img.evbuc.com/https%3A%2F%2Fcdn.evbuc.com%2Fimages%2F1192266472%2F253795219014%2F1%2Foriginal.20260831-101350?crop=focalpoint&fit=crop&w=512&auto=format%2Ccompress&q=75&sharp=10&fp-x=0.5&fp-y=0.5&s=00730d0fed6917880ae4312f1aa30803,,Eventbrite/community,香港特别行政区,香港,Eventbrite
Japan Night,,2026-09-22,2026-09-22,,"1208 Houtex Industrial Building, Kwun Tong, KOW",https://www.eventbrite.hk/e/japan-night-tickets-1999148969383,https://img.evbuc.com/https%3A%2F%2Fcdn.evbuc.com%2Fimages%2F1192169478%2F472975941875%2F1%2Foriginal.20260829-072057?crop=focalpoint&fit=crop&w=512&auto=format%2Ccompress&q=75&sharp=10&fp-x=0.5&fp-y=0.5&s=51a05c6f6c27d6018a8d16163d5e179f,,Eventbrite/community,香港特别行政区,香港,Eventbrite
Mind HK: 精神健康急救證書課程（標準版）- 12 月 5 & 6 日 + 免費精神健康基礎培訓線上課程,,2026-12-05,2026-12-06,,"Mind HK, 18B, One Capital Place, Wan Chai",https://www.eventbrite.hk/e/mind-hk-12-5-6-tickets-1991434699795,https://img.evbuc.com/https%3A%2F%2Fcdn.evbuc.com%2Fimages%2F965070913%2F243907309789%2F1%2Foriginal.20250220-062105?w=512&auto=format%2Ccompress&q=75&sharp=10&rect=0%2C0%2C2160%2C1080&s=a29723593cbbda1a3125403444d6b1ee,,Eventbrite/health,香港特别行政区,香港,Eventbrite
reCHARM + Injection Lab: Build Your Own Robot,,2026-09-19,2026-09-19,,"9 Star Street, Wanchai, Hong Kong, HKI",https://www.eventbrite.hk/e/recharm-injection-lab-build-your-own-robot-tickets-1998876088188,https://img.evbuc.com/https%3A%2F%2Fcdn.evbuc.com%2Fimages%2F1190531444%2F3009989160907%2F1%2Foriginal.20260807-094042?crop=focalpoint&fit=crop&auto=format%2Ccompress&q=75&sharp=10&fp-x=0.365&fp-y=0.353&s=c0787d4b4eef01e7bcc9aa31f7c3087a,,Eventbrite/hobbies,香港特别行政区,香港,Eventbrite
The 1st Workshop on History and Philosophy of Science in the East,,2026-11-07,2026-11-08,,"Clear Water Bay, Hong Kong, NT",https://www.eventbrite.com/e/the-1st-workshop-on-history-and-philosophy-of-science-in-the-east-tickets-1992965751211,https://img.evbuc.com/https%3A%2F%2Fcdn.evbuc.com%2Fimages%2F1188067344%2F2987494534094%2F1%2Foriginal.20260702-093624?crop=focalpoint&fit=crop&auto=format%2Ccompress&q=75&sharp=10&fp-x=0.971&fp-y=0.948&s=300eb88c3dc8fbb5c7d3d20c4e7130c8,,Eventbrite/science-and-tech,香港特别行政区,香港,Eventbrite
7PM AI Academy｜由聊天機械人到 AI 隊友：Agentic AI 職場工作坊,,2026-09-23,2026-09-23,,"228 Electric Road, North Point, HKI",https://www.eventbrite.com/e/7pm-ai-academy-ai-agentic-ai-tickets-1999842244989,https://img.evbuc.com/https%3A%2F%2Fcdn.evbuc.com%2Fimages%2F1192860572%2F3013000625624%2F1%2Foriginal.20260907-073019?crop=focalpoint&fit=crop&auto=format%2Ccompress&q=75&sharp=10&fp-x=0.5&fp-y=0.5&s=7114f505c20b4b3af4e431ff94ac5c5c,,Eventbrite/science-and-tech,香港特别行政区,香港,Eventbrite
FIFA Museum Hong Kong,,2026-09-17,2026-09-17,,"1 Matheson Street, Hong Kong, HKI",https://www.eventbrite.com/e/fifa-museum-hong-kong-tickets-1992035944133,https://img.evbuc.com/https%3A%2F%2Fcdn.evbuc.com%2Fimages%2F1187626684%2F3001919182740%2F1%2Foriginal.20260625-095058?crop=focalpoint&fit=crop&auto=format%2Ccompress&q=75&sharp=10&fp-x=0.5&fp-y=0.5&s=4852438da11cbb9ea9b837e5cdc7256f,,Eventbrite/sports-and-fitness,香港特别行政区,香港,Eventbrite
IFEX Kunming International Flowers & Plants Expo,,2026-09-18,2026-09-18,,"289 Chun Cheng Lu, Kun Ming Shi, Yun Nan Sheng",https://www.eventbrite.co.uk/e/ifex-kunming-international-flowers-plants-expo-tickets-1992903825991,https://img.evbuc.com/https%3A%2F%2Fcdn.evbuc.com%2Fimages%2F1187984608%2F648192435403%2F1%2Foriginal.20260701-075920?crop=focalpoint&fit=crop&auto=format%2Ccompress&q=75&sharp=10&fp-x=0.019&fp-y=0.088&s=97af5cc2847413b33f8ea5b866e766d0,,Eventbrite/home-and-lifestyle,澳门特别行政区,澳门,Eventbrite
Trade Mission | China Fisheries and Seafood Expo,,2026-10-28,2026-10-30,,"火炬路, 青岛市, 山东省",https://www.eventbrite.ca/e/trade-mission-china-fisheries-and-seafood-expo-tickets-1992395601879,https://img.evbuc.com/https%3A%2F%2Fcdn.evbuc.com%2Fimages%2F1187443256%2F1799317115143%2F1%2Foriginal.20260623-001456?crop=focalpoint&fit=crop&auto=format%2Ccompress&q=75&sharp=10&fp-x=0.5&fp-y=0.5&s=45b43e522d6810860576db67eeb0ec59,,Eventbrite/performing-arts,澳门特别行政区,澳门,Eventbrite
"5th International Conference on Computing, Big Data and Internet of Thing",,2026-10-16,2026-10-16,,"No. 122, Luoshui Road, Hongshan District, Wuhan, Hubei",https://www.eventbrite.hk/e/5th-international-conference-on-computing-big-data-and-internet-of-thing-tickets-1989368666233,https://img.evbuc.com/https%3A%2F%2Fcdn.evbuc.com%2Fimages%2F1184478576%2F457048189644%2F1%2Foriginal.20260513-084258?crop=focalpoint&fit=crop&w=512&auto=format%2Ccompress&q=75&sharp=10&fp-x=0.123&fp-y=0.487&s=dae9c867067276d392174364a08f3f0e,,Eventbrite/science-and-tech,澳门特别行政区,澳门,Eventbrite
International Conference on Data Science and Intelligent Systems,,2026-11-20,2026-11-20,,"No. 928, 2nd Avenue, Qiantang District, Hangzhou, Zhejiang",https://www.eventbrite.hk/e/international-conference-on-data-science-and-intelligent-systems-tickets-1990070639855,https://img.evbuc.com/https%3A%2F%2Fcdn.evbuc.com%2Fimages%2F1185108744%2F457048189644%2F1%2Foriginal.20260521-065941?crop=focalpoint&fit=crop&auto=format%2Ccompress&q=75&sharp=10&fp-x=0.383&fp-y=0.536&s=b6a83a2bf489d087cca55c963a760e8c,,Eventbrite/science-and-tech,澳门特别行政区,澳门,Eventbrite
Jazz Thursdays,,2026-09-17,2026-09-17,,"65號 Xining North Road, Yongle Village, Taipei City",https://www.eventbrite.co.uk/e/jazz-thursdays-tickets-1997391703353,https://img.evbuc.com/https%3A%2F%2Fcdn.evbuc.com%2Fimages%2F1192102140%2F3010380488156%2F1%2Foriginal.20260828-082536?crop=focalpoint&fit=crop&auto=format%2Ccompress&q=75&sharp=10&fp-x=0.5&fp-y=0.5&s=8ab71ad5905cc76e96e96b896376b790,,Eventbrite/music,台湾,台北,Eventbrite
SIOPA 10-Year Celebration Event (Melbourne),,2026-11-18,2026-11-18,,"TBC, Brisbane, QLD",https://www.eventbrite.com.au/e/siopa-10-year-celebration-event-melbourne-tickets-2000975947925,https://img.evbuc.com/https%3A%2F%2Fcdn.evbuc.com%2Fimages%2F1193380380%2F206164912530%2F1%2Foriginal.20260913-154659?crop=focalpoint&fit=crop&auto=format%2Ccompress&q=75&sharp=10&fp-x=0.5&fp-y=0.5&s=c68d7ac03ebbac14ca1f1b37f4b581cf,,Eventbrite/business,台湾,台北,Eventbrite
From Fog To Focus,,2026-10-06,2026-10-06,,"Online via Zoom, Taipei City, Taipei City",https://www.eventbrite.com/e/from-fog-to-focus-tickets-1985060352952,https://img.evbuc.com/https%3A%2F%2Fcdn.evbuc.com%2Fimages%2F1179687979%2F199988229301%2F1%2Foriginal.20260312-142758?crop=focalpoint&fit=crop&w=512&auto=format%2Ccompress&q=75&sharp=10&fp-x=0.5&fp-y=0.5&s=c956cbc7cb0ab52ac70e4d0fb0f4b77a,,Eventbrite/business,台湾,台北,Eventbrite
阿布達比房產 × Modon 開發商說明會｜Abu Dhabi Real Estate Briefing,,2026-09-17,2026-09-17,,"77號 館前路, 忠明里, 臺中市",https://www.eventbrite.com/e/modon-abu-dhabi-real-estate-briefing-tickets-2000951674322,https://img.evbuc.com/https%3A%2F%2Fcdn.evbuc.com%2Fimages%2F1193419320%2F3014019309845%2F1%2Foriginal.png?w=512&auto=format%2Ccompress&q=75&sharp=10&rect=0%2C0%2C940%2C470&s=53aba3831f12886316ab9d40a6b5ed57,,Eventbrite/business,台湾,台北,Eventbrite
Funny Women Taipei: October,,2026-10-02,2026-10-02,,"286 Linsen North Road, 中山里, Taipei City",https://www.eventbrite.co.uk/e/funny-women-taipei-october-tickets-2000972650061,https://img.evbuc.com/https%3A%2F%2Fcdn.evbuc.com%2Fimages%2F1170865062%2F152509403813%2F1%2Foriginal.20251113-110512?crop=focalpoint&fit=crop&auto=format%2Ccompress&q=75&sharp=10&fp-x=0.5&fp-y=0.5&s=1d268e4a86c8b9d9d9495bdb15d8bc00,,Eventbrite/arts,台湾,台北,Eventbrite
Saturday Taipei Social Night: Make New Friends & Language Exchange,,2026-09-19,2026-09-19,,"66號 和平東路三段, Huxiao Village, Taipei City",https://www.eventbrite.com/e/saturday-taipei-social-night-make-new-friends-language-exchange-tickets-1987516633754,https://img.evbuc.com/https%3A%2F%2Fcdn.evbuc.com%2Fimages%2F1182226364%2F2473715371131%2F1%2Foriginal.20260415-133406?crop=focalpoint&fit=crop&auto=format%2Ccompress&q=75&sharp=10&fp-x=0.5&fp-y=0.5&s=1088195995d26a98fc68e9afcd81610a,,Eventbrite/nightlife,台湾,台北,Eventbrite
Cat Cafe Taipei Language Exchange Social Game Party 貓咪咖啡廳 台北国際交流会 活動,,2026-09-18,2026-09-18,,"24-1號 Section 2, Jinan Road, 文北里, Taipei City",https://www.eventbrite.com/e/cat-cafe-taipei-language-exchange-social-game-party-tickets-1296510851859,https://img.evbuc.com/https%3A%2F%2Fcdn.evbuc.com%2Fimages%2F989238173%2F2336358714223%2F1%2Foriginal.20250321-082229?crop=focalpoint&fit=crop&auto=format%2Ccompress&q=75&sharp=10&fp-x=0.5&fp-y=0.5&s=27882b26cd0da1365e6d386a8a627f27,,Eventbrite/nightlife,台湾,台北,Eventbrite
Wednesdays Taipei Language Exchange Social Game Party 每週三 台北国際交流会 活動,,2026-09-16,2026-09-16,,"No. 18-1, Lane 160, Section 1, Xinsheng S Rd, Zhongzheng District, Taipei City, 100, Taipei, Taipei City",https://www.eventbrite.com/e/wednesdays-taipei-language-exchange-social-game-party-tickets-1301567777259,https://img.evbuc.com/https%3A%2F%2Fcdn.evbuc.com%2Fimages%2F1091161053%2F2336358714223%2F1%2Foriginal.20250808-082531?crop=focalpoint&fit=crop&auto=format%2Ccompress&q=75&sharp=10&fp-x=5e-05&fp-y=5e-05&s=0848c57fb0ba7a73090108743c82b0bb,,Eventbrite/community,台湾,台北,Eventbrite
Saturday Karaoke Taipei Language Exchange Social Party  每週六 下午 台北国際交流会 活動,,2026-09-26,2026-09-26,,"66號 和平東路三段, 虎嘯里, Taipei City",https://www.eventbrite.com/e/saturday-karaoke-taipei-language-exchange-social-party-tickets-1949526077979,https://img.evbuc.com/https%3A%2F%2Fcdn.evbuc.com%2Fimages%2F1168681283%2F2336358714223%2F1%2Foriginal.20251103-023216?crop=focalpoint&fit=crop&auto=format%2Ccompress&q=75&sharp=10&fp-x=0.5&fp-y=0.5&s=574fe0f87b1bf0a61c7186c48ab0cffc,,Eventbrite/community,台湾,台北,Eventbrite
Thurdays Taipei Language Exchange Social Game Party  每週四 台北国際交流会 活動,,2026-09-17,2026-09-17,,"B1，No. 47號, Yitong St, Zhongshan District, Taipei City, 104, Taipei, Taipei City",https://www.eventbrite.com/e/thurdays-taipei-language-exchange-social-game-party-tickets-1987105279382,https://img.evbuc.com/https%3A%2F%2Fcdn.evbuc.com%2Fimages%2F1035644983%2F2336358714223%2F1%2Foriginal.20250521-070043?crop=focalpoint&fit=crop&auto=format%2Ccompress&q=75&sharp=10&fp-x=0.5&fp-y=0.5&s=95803d18f29aabb396d62154189c2e76,,Eventbrite/community,台湾,台北,Eventbrite
BonBon: From Stray to the Sky — Charity Art Exhibition Opening,,2026-09-26,2026-09-26,,"133號 Guling Street, Wangxi Village, Taipei City",https://www.eventbrite.com/e/bonbon-from-stray-to-the-sky-charity-art-exhibition-opening-tickets-1998375051574,https://img.evbuc.com/https%3A%2F%2Fcdn.evbuc.com%2Fimages%2F1191344792%2F210085582442%2F1%2Foriginal.20260818-155337?crop=focalpoint&fit=crop&w=512&auto=format%2Ccompress&q=75&sharp=10&fp-x=0.5&fp-y=0.5&s=06a130d57e86c85566b31f23c99fe87a,,Eventbrite/performing-arts,台湾,台北,Eventbrite
Worship as One - GBI Taiwan (Special 18th Anniversary),,2026-09-20,2026-09-20,,"550 Ruiguang Road, Xihu Village, Taipei City",https://www.eventbrite.com/e/worship-as-one-gbi-taiwan-special-18th-anniversary-tickets-1998943601121,https://img.evbuc.com/https%3A%2F%2Fcdn.evbuc.com%2Fimages%2F1192216594%2F447205016394%2F1%2Foriginal.20260830-121455?crop=focalpoint&fit=crop&w=512&auto=format%2Ccompress&q=75&sharp=10&fp-x=0.515&fp-y=0.483&s=a9ac31957ca476cd17b8d38bc6950dbe,,Eventbrite/performing-arts,台湾,台北,Eventbrite
Leeds Alumni Reunion Event in Taiwan,,2026-10-03,2026-10-03,,"1號 Section 1, Jinan Road, Xingfu Village, Taipei City",https://www.eventbrite.co.uk/e/leeds-alumni-reunion-event-in-taiwan-tickets-1998477376631,https://img.evbuc.com/https%3A%2F%2Fcdn.evbuc.com%2Fimages%2F1191497534%2F436333295358%2F1%2Foriginal.20260820-093324?w=300&auto=format%2Ccompress&q=75&sharp=10&s=a8f28b40e1ced2532bc3124ee84b88b2,,Eventbrite/performing-arts,台湾,台北,Eventbrite
"Fitfam Saturdays  Morning Exercise Meetup   英文運動（台北 台灣）Taipei, Taiwan",,2026-09-19,2026-09-19,,"信義路三段, 龍門里, Taipei City",https://www.eventbrite.com/e/fitfam-saturdays-morning-exercise-meetup-taipei-taiwan-tickets-1053034302947,https://img.evbuc.com/https%3A%2F%2Fcdn.evbuc.com%2Fimages%2F879371019%2F2336358714223%2F1%2Foriginal.20241021-035050?crop=focalpoint&fit=crop&w=512&auto=format%2Ccompress&q=75&sharp=10&fp-x=0.5&fp-y=0.5&s=8ec8a04139025841ba76a8f74edf9372,,Eventbrite/performing-arts,台湾,台北,Eventbrite
"Fitfam free Monday Exercise  Social Party 英文運動（台北 台灣）Taipei, Taiwan",,2026-09-21,2026-09-21,,"信義路三段, 龍門里, Taipei City",https://www.eventbrite.com/e/fitfam-free-monday-exercise-social-party-taipei-taiwan-tickets-1037133182267,https://img.evbuc.com/https%3A%2F%2Fcdn.evbuc.com%2Fimages%2F865118439%2F2336358714223%2F1%2Foriginal.20241002-195108?crop=focalpoint&fit=crop&w=512&auto=format%2Ccompress&q=75&sharp=10&fp-x=0.5&fp-y=0.5&s=193acd5b648ff2ba015c1277947abf98,,Eventbrite/performing-arts,台湾,台北,Eventbrite
MAAP LaB TpE - Ride Recovery Yoga,,2026-09-27,2026-09-27,,"155號 Section 4, Zhongxiao East Road, Jian'an Village, Taipei City",https://www.eventbrite.com.au/e/maap-lab-tpe-ride-recovery-yoga-tickets-1993081419177,https://img.evbuc.com/https%3A%2F%2Fcdn.evbuc.com%2Fimages%2F1188124492%2F1293731235483%2F1%2Foriginal.20260702-234543?w=400&auto=format%2Ccompress&q=75&sharp=10&s=81d0bea7088b4bc2ee1aa2a0246fdc5e,,Eventbrite/sports-and-fitness,台湾,台北,Eventbrite
"Fitfam free exercise Wednesday  Workout Social   英文運動（台北 台灣）Taipei, Taiwan",,2026-09-23,2026-09-23,,"Zhongzheng District, Taipei, Taipei City",https://www.eventbrite.com/e/fitfam-free-exercise-wednesday-workout-social-taipei-taiwan-tickets-1037085971057,https://img.evbuc.com/https%3A%2F%2Fcdn.evbuc.com%2Fimages%2F865036859%2F2336358714223%2F1%2Foriginal.20241002-184246?w=267&auto=format%2Ccompress&q=75&sharp=10&s=a34486ef727e16052099a6b79f5b67f5,,Eventbrite/sports-and-fitness,台湾,台北,Eventbrite
2026 Force Triathlon present by Trifactor,,2026-11-22,2026-11-22,,"-, Tainan, Tainan City",https://www.eventbrite.sg/e/2026-force-triathlon-present-by-trifactor-tickets-1984859678730,https://img.evbuc.com/https%3A%2F%2Fcdn.evbuc.com%2Fimages%2F988269643%2F1896448297073%2F1%2Foriginal.20250320-050154?crop=focalpoint&fit=crop&auto=format%2Ccompress&q=75&sharp=10&fp-x=0.528408975312&fp-y=0.470601066214&s=9623b1f89a9ceb6841561f639f8fb38c,,Eventbrite/performing-arts,台湾,高雄,Eventbrite
心灵魔术聚会，让你亲自感受读心术的神奇派对！！！,,2026-10-01,2026-12-26,,,https://www.douban.com/event/37905316/,https://img1.doubanio.com/pview/event_poster/large/public/b482fae88c09f2b.jpg,,同城活动,北京市,北京,
大脑魔术大讲座，让你感受读心术，潜意识的神奇沙龙,,2026-10-01,2026-12-26,,,https://www.douban.com/event/37907729/,https://img3.doubanio.com/pview/event_poster/large/public/5905200057ed02a.jpg,,同城活动,北京市,北京,
周末茶话｜聊生活，遇知音,,2026-10-01,2026-12-26,,,https://www.douban.com/event/37782697/,https://img1.doubanio.com/pview/event_poster/large/public/ff0e01151fed170.jpg,,同城活动,北京市,北京,
免费催眠治疗：交谈中解决你的困扰,,2026-10-01,2026-12-26,,,https://www.douban.com/event/37744131/,https://img1.doubanio.com/pview/event_poster/large/public/14b3b58faac5fcb.jpg,,同城活动,北京市,北京,
生活畅谈｜谈谈生活，邂逅友谊,,2026-10-01,2026-12-26,,,https://www.douban.com/event/37782972/,https://img1.doubanio.com/pview/event_poster/large/public/9516f7504cec63d.jpg,,同城活动,北京市,北京,
【中国工美馆非遗体验】探寻文化瑰宝，体验壁画临摹/古法制玉/仿点翠技艺,,2026-10-01,2026-12-26,,,https://www.douban.com/event/36904562/,https://img3.doubanio.com/pview/event_poster/large/public/b8e3add23301c02.jpg,,同城活动,北京市,北京,
五棵松喜剧精品相声大会《嘻哈包袱铺专场》华熙live轩吐槽展览脱口秀开心｜笑德云集京城社专场,,2026-10-01,2026-12-26,,,https://www.douban.com/event/35349969/,https://img9.doubanio.com/pview/event_poster/large/public/f1da5016efca9c4.jpg,,同城活动,北京市,北京,
瑜伽冥想——静下来，享受宁静（公益免费，长期有效）,,2026-10-01,2026-12-26,,,https://www.douban.com/event/37722320/,https://img9.doubanio.com/pview/event_poster/large/public/0ab744ca2369d74.jpg,,同城活动,北京市,北京,
周末约一场羽毛球（海淀区-北京）,,2026-10-01,2026-12-26,,,https://www.douban.com/event/37902631/,https://img9.doubanio.com/pview/event_poster/large/public/d22e53d0ec83256.jpg,,同城活动,北京市,北京,
三里屯太古里|综艺卡司|爆笑脱口秀吐槽专场名大咖|解压打卡|即兴互动精品秀,,2026-09-16,2026-10-11,,,https://www.douban.com/event/37604670/,https://img3.doubanio.com/pview/event_poster/large/public/41942926b48518a.jpg,,同城活动,北京市,北京,
空灵 禅蕴「坂本龙一」经典名曲音乐会｜圣诞快乐劳伦斯先生｜约会打卡｜家庭亲子｜钢琴｜小提琴,,2026-09-16,2026-10-11,,,https://www.douban.com/event/37725759/,https://img2.doubanio.com/pview/event_poster/large/public/059d52e0d5f8bc1.jpg,,同城活动,北京市,北京,
【北京站】孟京辉戏剧作品《一个无政府主义者的意外死亡》在线选座,,2026-09-16,2026-10-11,,,https://www.douban.com/event/36709677/,https://img3.doubanio.com/pview/event_poster/large/public/f58de0ce64dfb42.jpg,,同城活动,北京市,北京,
跨行业社交，倾听创业者们的声音,,2026-09-16,2026-10-11,,,https://www.douban.com/event/38043989/,https://img9.doubanio.com/pview/event_poster/large/public/3b9bf9a1be91735.jpg,,同城活动,北京市,北京,
【北京站】 孟京辉戏剧作品《恋爱的犀牛》在线选座,,2026-09-16,2026-10-11,,,https://www.douban.com/event/36685455/,https://img2.doubanio.com/pview/event_poster/large/public/d71260a75862d3e.jpg,,同城活动,北京市,北京,
开心麻花首部惊悚爆笑戏剧《开心聊斋·三生沉浸版》,,2026-09-16,2026-10-11,,,https://www.douban.com/event/36961575/,https://img1.doubanio.com/pview/event_poster/large/public/a7bdeb59707666d.jpg,,同城活动,北京市,北京,
《铁达妮的号》北京观影【贤Movie609期】,,2026-09-16,2026-10-11,,,https://www.douban.com/event/38038781/,https://img2.doubanio.com/pview/event_poster/large/public/e3a13a4d1a5b90e.jpg,,同城活动,北京市,北京,
李静训和她的时代,,2026-09-16,2026-10-11,,,https://www.douban.com/event/37974359/,https://img1.doubanio.com/pview/event_poster/large/public/34d8206525edfd8.jpg,,同城活动,北京市,北京,
体验画画---零基础油画棒、水彩、彩铅、素描,,2026-09-16,2026-10-11,,,https://www.douban.com/event/37637715/,https://img1.doubanio.com/pview/event_poster/large/public/b32907226c6dd9d.jpg,,同城活动,北京市,北京,
悠游海盐：走进余华笔下的江南小镇沈荡，打卡许三观卖血记里胜利饭店,,2026-10-01,2026-10-15,,,https://www.douban.com/event/36988401/,https://img9.doubanio.com/pview/event_poster/large/public/1669da789e53564.jpg,,同城活动,上海市,上海,
周末不知道做什么，一起周末约打球吧,,2026-10-01,2026-10-15,,,https://www.douban.com/event/36947253/,https://img1.doubanio.com/pview/event_poster/large/public/1b625b24ae439ab.jpg,,同城活动,上海市,上海,
探寻隐秘小众的衢山岛，沙滩风车王国（上海2天）,,2026-10-01,2026-10-15,,,https://www.douban.com/event/37439761/,https://img3.doubanio.com/pview/event_poster/large/public/a385e7d4c7e0852.jpg,,同城活动,上海市,上海,
徒步醉美秋景南黄古道，探访隋朝古刹国清寺（2天1晚活动）,,2026-10-01,2026-10-15,,,https://www.douban.com/event/36737403/,https://img1.doubanio.com/pview/event_poster/large/public/eb35799ae339028.jpg,,同城活动,上海市,上海,
爬杭州“小富士山”，走甘岭水库,,2026-10-01,2026-10-15,,,https://www.douban.com/event/37485604/,https://img3.doubanio.com/pview/event_poster/large/public/1717c6c5b7b395f.jpg,,同城活动,上海市,上海,
走进指南村，赏华东醉美秋色（上海1天活动）,,2026-10-01,2026-10-15,,,https://www.douban.com/event/36737272/,https://img3.doubanio.com/pview/event_poster/large/public/dc88a917e3dab33.jpg,,同城活动,上海市,上海,
天平山赏红枫，打卡木渎古镇,,2026-10-01,2026-10-15,,,https://www.douban.com/event/37497883/,https://img1.doubanio.com/pview/event_poster/large/public/3b04c383e73d35b.jpg,,同城活动,上海市,上海,
深入世外桃源龙川古村，探访皖南净土：阳产土楼（上海出发2天1晚）,,2026-10-01,2026-10-15,,,https://www.douban.com/event/37439964/,https://img9.doubanio.com/pview/event_poster/large/public/34e9e7940a2e865.jpg,,同城活动,上海市,上海,
Norah/71/油百万领衔 普通话/沪语/英文脱口秀 by SpicyComedy,,2026-10-01,2026-10-15,,,https://www.douban.com/event/36977803/,https://img1.doubanio.com/pview/event_poster/large/public/d56eadd5cbab70c.jpg,,同城活动,上海市,上海,
跨职业社交，来和创业者们一起脑暴,,2026-09-05,2026-10-03,,,https://www.douban.com/event/37845647/,https://img3.doubanio.com/pview/event_poster/large/public/3c09e3e783d0427.jpg,,同城活动,广东省,深圳,
周末约一场羽毛球（深圳）,,2026-09-05,2026-10-03,,,https://www.douban.com/event/37904916/,https://img2.doubanio.com/pview/event_poster/large/public/9906807b073014e.jpg,,同城活动,广东省,深圳,
《你的名字-天气之子》新海诚动漫作品钢琴音乐会,,2026-09-05,2026-10-03,,,https://www.douban.com/event/36346035/,https://img1.doubanio.com/pview/event_poster/large/public/4d83830b28385a8.jpg,,同城活动,广东省,深圳,
深圳安格斯每周日英语角-Angus English Corner,,2026-09-05,2026-10-03,,,https://www.douban.com/event/37739835/,https://img3.doubanio.com/pview/event_poster/large/public/465e858d6be00aa.jpg,,同城活动,广东省,深圳,
【限量特惠】福田COCOPark脱口秀丨大咖不定时空降丨笑点密集炸裂丨幽默油条×购物公园站,,2026-09-05,2026-10-03,,,https://www.douban.com/event/36606962/,https://img3.doubanio.com/pview/event_poster/large/public/778cde284c741cf.jpg,,同城活动,广东省,深圳,
沉浸式形体剧《交易人生》（The Deal）,,2026-09-05,2026-10-03,,,https://www.douban.com/event/37435648/,https://img3.doubanio.com/pview/event_poster/large/public/87455c5cb5c200a.jpg,,同城活动,广东省,深圳,
深圳必看|沉浸式互动情感喜剧《情人请再见》,,2026-09-05,2026-10-03,,,https://www.douban.com/event/37508979/,https://img1.doubanio.com/pview/event_poster/large/public/61cba208c6430cb.jpg,,同城活动,广东省,深圳,
《海上钢琴师1900》经典名曲钢琴独奏音乐会,,2026-09-05,2026-10-03,,,https://www.douban.com/event/36621203/,https://img3.doubanio.com/pview/event_poster/large/public/5660fa2b89c1803.jpg,,同城活动,广东省,深圳,
[双人特惠]爆笑霸榜｜泼猴脱口秀+即兴喜剧｜回头客Hi多@会展中心B口(领展中心城),,2026-09-05,2026-10-03,,,https://www.douban.com/event/36283950/,https://img1.doubanio.com/pview/event_poster/large/public/0c7cede792e4850.jpg,,同城活动,广东省,深圳,
周末打球吗？羽毛球,,2026-09-05,2026-10-03,,,https://www.douban.com/event/37905296/,https://img1.doubanio.com/pview/event_poster/large/public/db02719372f6020.jpg,,同城活动,广东省,深圳,
在街头读懂一座城市 - citywalk 解密冒险活动（成都）,,2026-10-02,2026-09-30,,,https://www.douban.com/event/38037623/,https://img1.doubanio.com/pview/event_poster/large/public/f58e3f18ab5e0ec.jpg,,同城活动,四川省,成都,
跨职业社交，一起来听听创业者们的声音,,2026-10-02,2026-09-30,,,https://www.douban.com/event/37690051/,https://img1.doubanio.com/pview/event_poster/large/public/0e17f634e70561d.jpg,,同城活动,四川省,成都,
芙蓉国粹川剧变脸秀(省川剧院),,2026-10-02,2026-09-30,,,https://www.douban.com/event/35011789/,https://img1.doubanio.com/pview/event_poster/large/public/5bf3bb555e0297d.jpg,,同城活动,四川省,成都,
周末约一场羽毛球（成都）,,2026-10-02,2026-09-30,,,https://www.douban.com/event/37902625/,https://img2.doubanio.com/pview/event_poster/large/public/7ddc1119500169e.jpg,,同城活动,四川省,成都,
类型小说作家的坚守与跨界——《冬之喜剧》新书分享会,,2026-10-02,2026-09-30,,,https://www.douban.com/event/38052694/,https://img1.doubanio.com/pview/event_poster/large/public/69df7d4f2911a68.jpg,,同城活动,四川省,成都,
回忆、书写和永恒——陆庆屹成都新书分享会,,2026-10-02,2026-09-30,,,https://www.douban.com/event/38058132/,https://img9.doubanio.com/pview/event_poster/large/public/5a11ac61d7e94f4.jpg,,同城活动,四川省,成都,
【成都】春熙路喜剧之夜【一支麦喜剧】每周都有特邀大咖秀|爆笑解压精品秀演出|开心互动&约会推荐,,2026-10-02,2026-09-30,,,https://www.douban.com/event/36605859/,https://img3.doubanio.com/pview/event_poster/large/public/94e36814aa73392.jpg,,同城活动,四川省,成都,
【成都】3-12岁沉浸式互动亲子话剧｜【疯狂动物园奇案】周末场｜寓教于乐｜爆笑不停,,2026-10-02,2026-09-30,,,https://www.douban.com/event/37647188/,https://img2.doubanio.com/pview/event_poster/large/public/44f2398ae20aebe.jpg,,同城活动,四川省,成都,
天府古戏园-非遗川剧变脸演出（春熙路太古里店）,,2026-10-02,2026-09-30,,,https://www.douban.com/event/36887715/,https://img1.doubanio.com/pview/event_poster/large/public/a7145e19cfcb87d.jpg,,同城活动,四川省,成都,
哈哈曲艺社牙尖相声专场丨西门峨影闲亭店丨成都相声大会丨旅游必打卡丨比脱口秀好笑不踩雷丨非德云社,,2026-10-02,2026-09-30,,,https://www.douban.com/event/36332372/,https://img9.doubanio.com/pview/event_poster/large/public/4fba8b094616a66.jpg,,同城活动,四川省,成都,
【重庆】扯馆儿喜剧专场——沙坪坝扯馆儿剧场(相声小品脱口秀话剧),,2026-09-18,2026-09-29,,,https://www.douban.com/event/34820466/,https://img1.doubanio.com/pview/event_poster/large/public/fa81232619af989.jpg,,同城活动,重庆市,重庆,
【脱口秀小剧场·肖璐领衔】 | 旅行箱喜剧@新光里+SKLP,,2026-09-18,2026-09-29,,,https://www.douban.com/event/35575767/,https://img3.doubanio.com/pview/event_poster/large/public/f550e5d56b2f322.jpg,,同城活动,重庆市,重庆,
[重庆必看]《开关SWITCH》鬼混剧场,,2026-09-18,2026-09-29,,,https://www.douban.com/event/37595164/,https://img3.doubanio.com/pview/event_poster/large/public/8be4ffafcb4773f.jpg,,同城活动,重庆市,重庆,
重庆读书聊心会【读心社】,,2026-09-18,2026-09-29,,,https://www.douban.com/event/38024231/,https://img3.doubanio.com/pview/event_poster/large/public/76b67f1cc84919f.jpg,,同城活动,重庆市,重庆,
9月27日周日下午体验草场骑马休闲活动,,2026-09-18,2026-09-29,,,https://www.douban.com/event/37998675/,https://img3.doubanio.com/pview/event_poster/large/public/7b249df32fa2563.jpg,,同城活动,重庆市,重庆,
[早鸟票7折]奇妙的乐境II这世界那么多人·流行金曲烛光音乐会,,2026-09-18,2026-09-29,,,https://www.douban.com/event/37925232/,https://img3.doubanio.com/pview/event_poster/large/public/ec6724c16c5b062.jpg,,同城活动,重庆市,重庆,
中式小居酒屋一起看电影 看什么电影大家说了算 支持点播,,2026-09-18,2026-09-29,,,https://www.douban.com/event/37676673/,https://img1.doubanio.com/pview/event_poster/large/public/61a32ecbf751348.jpg,,同城活动,重庆市,重庆,
脱口秀开放麦&「要不整点」播客录制 | 旅行箱喜剧@新光里+SKLP,,2026-09-18,2026-09-29,,,https://www.douban.com/event/37580468/,https://img9.doubanio.com/pview/event_poster/large/public/47bf97c32718d66.jpg,,同城活动,重庆市,重庆,
【重庆】扯馆儿喜剧专场——扯馆儿渝中品牌形象店(相声小品脱口秀话剧),,2026-09-18,2026-09-29,,,https://www.douban.com/event/37679513/,https://img1.doubanio.com/pview/event_poster/large/public/c2203cf0a537cc9.jpg,,同城活动,重庆市,重庆,
解放碑|原气喜剧爆笑脱口秀·朱砂痣·跳跳龙·互动秀|八一广场天天演,,2026-09-18,2026-09-29,,,https://www.douban.com/event/37921995/,https://img1.doubanio.com/pview/event_poster/large/public/86ed054b0c40329.jpg,,同城活动,重庆市,重庆,
【重庆国泰艺术中心】格林童话音乐儿童剧—《白雪公主》,,2026-09-19,2026-10-05,,,https://www.douban.com/event/37241105/,https://img3.doubanio.com/pview/event_poster/large/public/e19184299892787.jpg,,同城活动,重庆市,重庆,
征集重庆主城13-17岁中学女宝家庭每周末相约郊游散心,,2026-09-19,2026-10-05,,,https://www.douban.com/event/38051569/,https://img1.doubanio.com/pview/event_poster/large/public/35918a79d6608dc.jpg,,同城活动,重庆市,重庆,
一间贩售温暖的中式小居酒屋 相遇的人们一起聊天、小聚：）,,2026-09-19,2026-10-05,,,https://www.douban.com/event/37530194/,https://img9.doubanio.com/pview/event_poster/large/public/41a2aee2bd1e5e4.jpg,,同城活动,重庆市,重庆,
[中秋限定·5折特惠]《指环王》好莱坞电影往事中秋音乐会,,2026-09-19,2026-10-05,,,https://www.douban.com/event/37924201/,https://img9.doubanio.com/pview/event_poster/large/public/c03bf8aaaaf5f45.jpg,,同城活动,重庆市,重庆,
白皮书「只喝一杯」十周年No Stage巡演 重庆站,,2026-09-19,2026-10-05,,,https://www.douban.com/event/38012450/,https://img3.doubanio.com/pview/event_poster/large/public/c59f564998d6a02.jpg,,同城活动,重庆市,重庆,
9月26日周六晚免费体验夜间水上乐园活动,,2026-09-19,2026-10-05,,,https://www.douban.com/event/37905911/,https://img3.doubanio.com/pview/event_poster/large/public/04fe07634601d22.jpg,,同城活动,重庆市,重庆,
9月26日周六畅游水龙湖大型湿地公园，有空的约起。,,2026-09-19,2026-10-05,,,https://www.douban.com/event/37905937/,https://img1.doubanio.com/pview/event_poster/large/public/84fadd651797c5c.jpg,,同城活动,重庆市,重庆,
世纪幻想--肖邦、李斯特专场江帆钢琴独奏音乐会,,2026-09-19,2026-10-05,,,https://www.douban.com/event/37926028/,https://img1.doubanio.com/pview/event_poster/large/public/b4731e073ee1929.jpg,,同城活动,重庆市,重庆,
2026年9月27日周日下午免费观摩电影《野兽之心》活动,,2026-09-19,2026-10-05,,,https://www.douban.com/event/37905922/,https://img2.doubanio.com/pview/event_poster/large/public/31df66a47293fbe.jpg,,同城活动,重庆市,重庆,
【2026第八届重庆(十一)车展】10月1日-5日；重庆国际博览中心(悦来),,2026-09-19,2026-10-05,,,https://www.douban.com/event/37975486/,https://img1.doubanio.com/pview/event_poster/large/public/6530c4474e4c9dd.jpg,,同城活动,重庆市,重庆,
重庆学画画，用画笔画出生活中的美好时光,,2026-09-01,2026-09-23,,,https://www.douban.com/event/37882052/,https://img3.doubanio.com/pview/event_poster/large/public/99bebdd0e2d1a22.jpg,,同城活动,重庆市,重庆,
跨越山海-寻找东西方传说中的生物,,2026-09-01,2026-09-23,,,https://www.douban.com/event/38031088/,https://img2.doubanio.com/pview/event_poster/large/public/341073568c3f17e.jpg,,同城活动,重庆市,重庆,
[早鸟票7折]奇妙的乐境V 请回答1988×鬼怪×浪漫满屋·韩剧经典烛光音乐会,,2026-09-01,2026-09-23,,,https://www.douban.com/event/37925010/,https://img1.doubanio.com/pview/event_poster/large/public/6a9f074c455783c.jpg,,同城活动,重庆市,重庆,
脱友3年度亚军步惊云脱口秀专场《母老虎》|三好姐妹@重庆,,2026-09-01,2026-09-23,,,https://www.douban.com/event/37973699/,https://img9.doubanio.com/pview/event_poster/large/public/95c6cdf388dc466.jpg,,同城活动,重庆市,重庆,
体验画画---零基础油画棒、水彩、彩铅、素描,,2026-09-01,2026-09-23,,,https://www.douban.com/event/37845320/,https://img9.doubanio.com/pview/event_poster/large/public/ee419d99edd12b5.jpg,,同城活动,重庆市,重庆,
《大唐雅韵 ·钟鸣鼓乐》西安外事鼓乐团-重庆站（大剧场）,,2026-09-01,2026-09-23,,,https://www.douban.com/event/37923383/,https://img3.doubanio.com/pview/event_poster/large/public/c47c74f6d398517.jpg,,同城活动,重庆市,重庆,
体验零基础画画的乐趣，素描-彩铅-水彩-油画-国画,,2026-09-01,2026-09-23,,,https://www.douban.com/event/37869878/,https://img9.doubanio.com/pview/event_poster/large/public/59004a433b682e5.jpg,,同城活动,重庆市,重庆,
外出聚会：露营、爬山、探风景、吃美食｜移动茶摊：江边、山上、天台,,2026-09-01,2026-09-23,,,https://www.douban.com/event/37890730/,https://img9.doubanio.com/pview/event_poster/large/public/edc39f29c3e95d4.jpg,,同城活动,重庆市,重庆,
环球活体自然科普展（重庆印象城馆）,,2026-09-01,2026-09-23,,,https://www.douban.com/event/37862830/,https://img1.doubanio.com/pview/event_poster/large/public/af7cdc718cd8760.jpg,,同城活动,重庆市,重庆,
「雨后初晴·黄作林油画作品展」东方学院主义·中国艺术院校著名教授个人作品展,,2026-09-01,2026-09-23,,,https://www.douban.com/event/37922573/,https://img9.doubanio.com/pview/event_poster/large/public/b676fc31ca32a14.jpg,,同城活动,重庆市,重庆,
笑嘛脱口秀小剧场 长沙站,,2026-09-17,2026-11-23,,,https://www.douban.com/event/34835398/,https://img3.doubanio.com/pview/event_poster/large/public/ceec081632e8e37.jpg,,同城活动,湖南省,长沙,
【脱口秀大会卡司参演】五一广场、黄兴广场【笑嘛脱口秀】，爆笑丨解压丨吐槽丨每周欢乐上演！,,2026-09-17,2026-11-23,,,https://www.douban.com/event/34835477/,https://img3.doubanio.com/pview/event_poster/large/public/03bb28beb9d7052.jpg,,同城活动,湖南省,长沙,
湖南红星相声社│沉浸式茶馆相声 长沙站[可选座],,2026-09-17,2026-11-23,,,https://www.douban.com/event/36165564/,https://img3.doubanio.com/pview/event_poster/large/public/e8be69ade39f7c3.jpg,,同城活动,湖南省,长沙,
阿咻、吕博伟、川池、小楚、头孢、森林、超声波、陈天乐丨《脱口秀和Ta的朋友们》明星卡司出演,,2026-09-17,2026-11-23,,,https://www.douban.com/event/36866730/,https://img2.doubanio.com/pview/event_poster/large/public/20f6c127dc35d61.jpg,,同城活动,湖南省,长沙,
橘子洲《恰同学少年》沉浸式青春剧场,,2026-09-17,2026-11-23,,,https://www.douban.com/event/37702762/,https://img1.doubanio.com/pview/event_poster/large/public/fcfff981e2858d0.jpg,,同城活动,湖南省,长沙,
麓山圆桌派创业主题分享会,,2026-09-17,2026-11-23,,,https://www.douban.com/event/37855110/,https://img1.doubanio.com/pview/event_poster/large/public/0cbe4f81aedaea9.jpg,,同城活动,湖南省,长沙,
青木读书会，每周六晚上，共读好书，共同成长,,2026-09-17,2026-11-23,,,https://www.douban.com/event/37866645/,https://img3.doubanio.com/pview/event_poster/large/public/1d87a2b7d5271af.jpg,,同城活动,湖南省,长沙,
[口碑必看]笑泪狂飙丨沉浸体验丨高分热剧《美丽人生》,,2026-09-17,2026-11-23,,,https://www.douban.com/event/37372418/,https://img9.doubanio.com/pview/event_poster/large/public/318135680b0ef34.jpg,,同城活动,湖南省,长沙,
[长沙必看]悬疑暗黑喜剧《杀手桂香》,,2026-09-17,2026-11-23,,,https://www.douban.com/event/37585527/,https://img1.doubanio.com/pview/event_poster/large/public/0e35fe097558a2d.jpg,,同城活动,湖南省,长沙,
长沙破圈交友计划持续招募中~,,2026-09-17,2026-11-23,,,https://www.douban.com/event/38017441/,https://img9.doubanio.com/pview/event_poster/large/public/a057b221c9acc75.jpg,,同城活动,湖南省,长沙,
《文成公主大型实景剧》,,2026-09-16,2026-09-30,,,https://www.douban.com/event/37751868/,https://img1.doubanio.com/pview/event_poster/large/public/d1489d6aa6f6208.jpg,,同城活动,西藏自治区,拉萨,
大十字丨原气喜剧爆笑脱口秀·互动秀·即兴喜剧·黔味方言秀|贵阳必打卡·壹号商场天天演,,2026-09-16,2026-11-29,,,https://www.douban.com/event/36851063/,https://img1.doubanio.com/pview/event_poster/large/public/ba39bbecf549e49.jpg,,同城活动,贵州省,贵阳,
沉浸式荒诞喜剧《荒野大表哥》,,2026-09-16,2026-11-29,,,https://www.douban.com/event/37926262/,https://img9.doubanio.com/pview/event_poster/large/public/da5979651a3d456.jpg,,同城活动,贵州省,贵阳,
贵州长征文化数字艺术馆（红飘带）,,2026-09-16,2026-11-29,,,https://www.douban.com/event/37926297/,https://img1.doubanio.com/pview/event_poster/large/public/d6e43d88be16279.jpg,,同城活动,贵州省,贵阳,
方蕉喜剧|| 沉浸式亲子魔术秀《图图奇遇记》之《魔法物语》,,2026-09-16,2026-11-29,,,https://www.douban.com/event/37766737/,https://img3.doubanio.com/pview/event_poster/large/public/32d19ee474ef99a.jpg,,同城活动,贵州省,贵阳,
中西部情绪麻将 「秋游」贵阳专场,,2026-09-16,2026-11-29,,,https://www.douban.com/event/37985224/,https://img3.doubanio.com/pview/event_poster/large/public/41cf1de57bddfaa.jpg,,同城活动,贵州省,贵阳,
浪漫与星辰——从浪漫主义到现代注意的交响史诗,,2026-09-16,2026-11-29,,,https://www.douban.com/event/37899986/,https://img3.doubanio.com/pview/event_poster/large/public/d17b0f6ff7dfa47.jpg,,同城活动,贵州省,贵阳,
海豚广场｜品刻喜剧爆笑即兴秀·周末场｜脱口秀互动｜贵阳必打卡·天天演,,2026-09-16,2026-11-29,,,https://www.douban.com/event/37661938/,https://img9.doubanio.com/pview/event_poster/large/public/be20294ed6e8ee5.jpg,,同城活动,贵州省,贵阳,
海豚广场｜品刻爆笑即兴喜剧·脱口秀互动｜贵阳必打卡·天天演,,2026-09-16,2026-11-29,,,https://www.douban.com/event/37661967/,https://img2.doubanio.com/pview/event_poster/large/public/e593617d5926301.jpg,,同城活动,贵州省,贵阳,
《春黔社》鸿通城剧场相声大会,,2026-09-16,2026-11-29,,,https://www.douban.com/event/37517456/,https://img1.doubanio.com/pview/event_poster/large/public/07a14d91938451d.jpg,,同城活动,贵州省,贵阳,
方蕉综合喜剧开放麦 | 脱口秀演员的盲盒体验,,2026-09-16,2026-11-29,,,https://www.douban.com/event/36622872/,https://img9.doubanio.com/pview/event_poster/large/public/6a1a637205e0824.jpg,,同城活动,贵州省,贵阳,
【贵州省博物馆】浪漫与星辰——从浪漫主义到现代主义的交响史诗,,2026-07-10,2026-09-26,,,https://www.douban.com/event/37926398/,https://img1.doubanio.com/pview/event_poster/large/public/382878038984e10.jpg,,同城活动,贵州省,贵阳,
【贵阳】《爱乐之城》电影金曲烛光音乐会【ECM欧洲之声室内乐团】,,2026-07-10,2026-09-26,,,https://www.douban.com/event/38002454/,https://img9.doubanio.com/pview/event_poster/large/public/cd469ea0fd34106.jpg,,同城活动,贵州省,贵阳,
老狼「纯真年代」巡回演唱会·贵阳站,,2026-07-10,2026-09-26,,,https://www.douban.com/event/37927144/,https://img3.doubanio.com/pview/event_poster/large/public/cd8b30c0061eef2.jpg,,同城活动,贵州省,贵阳,
CROSS越界元XR影城《神代X》,,2026-07-10,2026-09-26,,,https://www.douban.com/event/37927307/,https://img1.doubanio.com/pview/event_poster/large/public/070220998d43999.jpg,,同城活动,贵州省,贵阳,
【贵阳】民族舞台剧《多彩贵州风》演出,,2026-07-10,2026-09-26,,,https://www.douban.com/event/37735631/,https://img1.doubanio.com/pview/event_poster/large/public/6037c163a379c8b.jpg,,同城活动,贵州省,贵阳,
杨丽萍作品2026 版《平潭映象》——两岸共创 超民俗海洋题材舞台剧,,2026-07-10,2026-09-26,,,https://www.douban.com/event/37927183/,https://img3.doubanio.com/pview/event_poster/large/public/0d4990512eded02.jpg,,同城活动,贵州省,贵阳,
品刻主题即兴喜剧秀《审讯室》揭开一段不能说的秘密｜即兴喜剧·综艺同款|贵阳必打卡·天天演,,2026-07-10,2026-09-26,,,https://www.douban.com/event/38054042/,https://img9.doubanio.com/pview/event_poster/large/public/7438044c32c5c76.jpg,,同城活动,贵州省,贵阳,
小佳单口喜剧专场《依旧高歌》·贵阳站｜方蕉喜剧,,2026-07-10,2026-09-26,,,https://www.douban.com/event/37669531/,https://img9.doubanio.com/pview/event_poster/large/public/dd6136c08f7ee66.jpg,,同城活动,贵州省,贵阳,
民生喜剧-拼盘脱口秀,,2026-07-10,2026-09-26,,,https://www.douban.com/event/38042644/,https://img9.doubanio.com/pview/event_poster/large/public/c9b94f6bf70a3d6.jpg,,同城活动,贵州省,贵阳,
[周末遛娃必看]《图图奇遇记》之“魔法物语”｜全家欢魔术秀｜高质量亲子陪伴,,2026-07-10,2026-09-26,,,https://www.douban.com/event/38045525/,https://img2.doubanio.com/pview/event_poster/large/public/33cd8940577d6e1.jpg,,同城活动,贵州省,贵阳,
话剧《日出》,,2026-09-19,2026-10-16,,,https://www.douban.com/event/38056063/,https://img3.doubanio.com/pview/event_poster/large/public/77ad83d63b91073.jpg,,同城活动,贵州省,贵阳,
公益图书馆志愿者 | 为进城务工家庭小学读者提供图书借阅服务,,2026-09-19,2026-10-16,,,https://www.douban.com/event/37901388/,https://img1.doubanio.com/pview/event_poster/large/public/875d147fef8892d.jpg,,同城活动,贵州省,贵阳,
方蕉喜剧大咖秀|综艺《脱TA朋友》卡司小雪脱口秀专场《生而为人》,,2026-09-19,2026-10-16,,,https://www.douban.com/event/37705807/,https://img9.doubanio.com/pview/event_poster/large/public/e7e295e37723234.jpg,,同城活动,贵州省,贵阳,
京剧《游龙戏凤》《闹天宫》,,2026-09-19,2026-10-16,,,https://www.douban.com/event/38024956/,https://img1.doubanio.com/pview/event_poster/large/public/c7a3e9336a8043c.jpg,,同城活动,贵州省,贵阳,
【中秋必看】方言即兴互动剧《王宝钏》|爆笑合家欢 喜剧大赛同款|强互动超沉浸,,2026-09-19,2026-10-16,,,https://www.douban.com/event/38041626/,https://img9.doubanio.com/pview/event_poster/large/public/02bfc4e4cbabf74.jpg,,同城活动,贵州省,贵阳,
古堡夜曲·舞乐回响-卡默拉塔弦乐团白宫探戈音乐之夜,,2026-09-19,2026-10-16,,,https://www.douban.com/event/38054513/,https://img3.doubanio.com/pview/event_poster/large/public/66cc1198ceff7b3.jpg,,同城活动,贵州省,贵阳,
9月26日-9月27日·《先上车》黑灯单口喜剧专场@贵阳站,,2026-09-19,2026-10-16,,,https://www.douban.com/event/37926848/,https://img1.doubanio.com/pview/event_poster/large/public/7d80f6a06e44fb0.jpg,,同城活动,贵州省,贵阳,
张德伊玲『玲感』2026巡演【贵阳站】,,2026-09-19,2026-10-16,,,https://www.douban.com/event/37927127/,https://img2.doubanio.com/pview/event_poster/large/public/88f91039d5cd5f1.jpg,,同城活动,贵州省,贵阳,
2026舞动精灵Groove Coverage出道25周年贵阳演唱会,,2026-09-19,2026-10-16,,,https://www.douban.com/event/37927409/,https://img1.doubanio.com/pview/event_poster/large/public/3cc16ed7eb4b639.jpg,,同城活动,贵州省,贵阳,
昏迷中心ComaCenter2026「歇斯底里」巡演·贵阳站,,2026-09-19,2026-10-16,,,https://www.douban.com/event/37927179/,https://img2.doubanio.com/pview/event_poster/large/public/4bc62f462865aae.jpg,,同城活动,贵州省,贵阳,
活力香港-免费广东话学习班,,2026-09-12,2026-09-30,,,https://www.douban.com/event/37996355/,https://img3.doubanio.com/pview/event_poster/large/public/faa2aa250043372.jpg,,同城活动,香港特别行政区,香港,
Trevor Noah 棟篤笑 亞洲巡演 2026 香港站,,2026-09-12,2026-09-30,,,https://www.douban.com/event/38048356/,https://img3.doubanio.com/pview/event_poster/large/public/5552240b4cac99f.jpg,,同城活动,香港特别行政区,香港,
欧洲坊钟表呈献谭咏麟与您 UNFORGETTABLE 「刻骨铭心」世界巡回演唱会终极篇,,2026-09-12,2026-09-30,,,https://www.douban.com/event/37926590/,https://img1.doubanio.com/pview/event_poster/large/public/9eaab4900efd648.jpg,,同城活动,香港特别行政区,香港,
第50乐季开幕音乐会——千簧一宇,,2026-09-12,2026-09-30,,,https://www.douban.com/event/37987317/,https://img3.doubanio.com/pview/event_poster/large/public/dbcc56a0846863a.jpg,,同城活动,香港特别行政区,香港,
毕瀚生香港栋笃笑现场 Des Bishop Live in Hong Kong,,2026-09-12,2026-09-30,,,https://www.douban.com/event/38048385/,https://img3.doubanio.com/pview/event_poster/large/public/e056df21942eb27.jpg,,同城活动,香港特别行政区,香港,
凤簧争鸣 笙韵新章 得奖者展演音乐会,,2026-09-12,2026-09-30,,,https://www.douban.com/event/38016499/,https://img2.doubanio.com/pview/event_poster/large/public/5308177ce7b2481.jpg,,同城活动,香港特别行政区,香港,
M+,,2026-09-12,2026-09-30,,,https://www.douban.com/event/38054603/,https://img3.doubanio.com/pview/event_poster/large/public/e15551252ec7562.jpg,,同城活动,香港特别行政区,香港,
香港故宫文化博物馆 - 特别展览门票 (展厅1-7及8) - 二人同行,,2026-09-12,2026-09-30,,,https://www.douban.com/event/38054615/,https://img1.doubanio.com/pview/event_poster/large/public/87da4b4c3ba4db9.jpg,,同城活动,香港特别行政区,香港,
“设计啊！发声键盘钥匙扣 + M+ 门票” 套票,,2026-09-12,2026-09-30,,,https://www.douban.com/event/38055431/,https://img9.doubanio.com/pview/event_poster/large/public/63b15fa79a8c5d4.jpg,,同城活动,香港特别行政区,香港,
"""非常香港系列挂饰盲盒 +  M+ 门票""套票",,2026-09-12,2026-09-30,,,https://www.douban.com/event/38055442/,https://img2.doubanio.com/pview/event_poster/large/public/db94fa39a57c6c1.jpg,,同城活动,香港特别行政区,香港,
香港中乐团 X 西九演艺：乐在茶时 ｜合办机构：西九演艺 ｜「乐在茶时」 为香港演艺博览2026「伙伴节目」之一,,2026-10-10,2026-12-18,,,https://www.douban.com/event/38005753/,https://img1.doubanio.com/pview/event_poster/large/public/96736e27cb44f48.jpg,,同城活动,香港特别行政区,香港,
NCT 127 5TH TOUR 'NEO CITY : HONG KONG - THE REDLINE',,2026-10-10,2026-12-18,,,https://www.douban.com/event/38046315/,https://img1.doubanio.com/pview/event_poster/large/public/7e1374e7bfe99a8.jpg,,同城活动,香港特别行政区,香港,
好乐团 GoodBand《懂 Epiphany》十周年发片专场 香港站,,2026-10-10,2026-12-18,,,https://www.douban.com/event/37927036/,https://img3.doubanio.com/pview/event_poster/large/public/6b5d233badf526a.jpg,,同城活动,香港特别行政区,香港,
「元」创实验室,,2026-10-10,2026-12-18,,,https://www.douban.com/event/38043626/,https://img2.doubanio.com/pview/event_poster/large/public/75cc73b13be0f91.jpg,,同城活动,香港特别行政区,香港,
PPA 亚洲职业匹克球巡回赛1500 · 恒生银行香港大满贯 2026,,2026-10-10,2026-12-18,,,https://www.douban.com/event/38053075/,https://img1.doubanio.com/pview/event_poster/large/public/d4f0fe35ccb6429.jpg,,同城活动,香港特别行政区,香港,
李锦记全力支持 2026 香港鼓乐节：鼓王群英会 「亚艺无疆」艺术节 2026节目之一,,2026-10-10,2026-12-18,,,https://www.douban.com/event/38005743/,https://img3.doubanio.com/pview/event_poster/large/public/54f392435574147.jpg,,同城活动,香港特别行政区,香港,
AXA 呈献：侧田 2026《再一起 COME TOGETHER》- 万圣节香港站,,2026-10-10,2026-12-18,,,https://www.douban.com/event/38050268/,https://img3.doubanio.com/pview/event_poster/large/public/d478ff8d91dd63f.jpg,,同城活动,香港特别行政区,香港,
Everyone’s A Star!  World Tour in Hong Kong,,2026-10-10,2026-12-18,,,https://www.douban.com/event/37927016/,https://img3.doubanio.com/pview/event_poster/large/public/b3df203176ea9fa.jpg,,同城活动,香港特别行政区,香港,
12月4‑6日《一条名叫爱情的狗》互动专场‑香港站(二狗个人专场)|约会推荐|破圈社交,,2026-10-10,2026-12-18,,,https://www.douban.com/event/38014752/,https://img2.doubanio.com/pview/event_poster/large/public/1febd97761f450e.jpg,,同城活动,香港特别行政区,香港,
Under the KT-Bridge 3.0: Mau P (Extended Set),,2026-10-10,2026-12-18,,,https://www.douban.com/event/38022304/,https://img3.doubanio.com/pview/event_poster/large/public/86d8e93fa9c2d97.jpg,,同城活动,香港特别行政区,香港,
